id,text,label,subtype,category,language,delivery_mode,brand_used,sender_id,source,cluster_id,cluster_label
13,"ਅਸਾਧਾਰਨ ਲੌਗਇਨ ਗਤੀਵਿਧੀ ਕਾਰਨ ਤੁਹਾਡਾ WhatsApp ਖਾਤਾ ਮੁਅੱਤਲ ਕੀਤਾ ਜਾ ਸਕਦਾ ਹੈ।
ਕਿਰਪਾ ਕਰਕੇ ਅੱਜ ਹੀ ਕਾਰਵਾਈ ਕਰੋ , ਨਹੀਂ ਤਾਂ ਤੁਹਾਡਾ ਖਾਤਾ ਬਲਾਕ ਹੋ ਜਾਵੇਗਾ।
ਹੇਠਾਂ ਦਿੱਤੇ ਲਿੰਕ ਤੋਂ ਐਪ ਇੰਸਟਾਲ ਕਰੋ।
whatsapp-verify-acc.xyz
WhatsApp_Verify.apk",spam,apk_fraud,security_verify,pa,link_apk,WhatsApp,AD-NETFLX,synthetic_v2,6,direct_apk_5
37,"INR 1500 was debited from your SBI account. If this was not done by you, secure your account now.
ਕਿਰਪਾ ਕਰਕੇ ਅੱਜ ਹੀ ਕਾਰਵਾਈ ਕਰੋ, ਨਹੀਂ ਤਾਂ ਤੁਹਾਡਾ ਖਾਤਾ ਬਲਾਕ ਹੋ ਜਾਵੇਗਾ।
We tried to reach you regarding your pending issue. Call us back on the number below and our representative will guide you through the verification process.",spam,apk_fraud,bank_alert,pa,vishing_callback,SBI,AX-PWRBIL,synthetic_v2,6,direct_apk_5
75,"ਪਿਆਰੇ ਗਾਹਕ,
Your electricity bill of Rs 1500 with Power Distribution Co is pending.
ਕਿਰਪਾ ਕਰਕੇ ਤੁਰੰਤ ਕਾਰਵਾਈ ਕਰੋ, ਨਹੀਂ ਤਾਂ ਤੁਹਾਡਾ ਕੁਨੈਕਸ਼ਨ ਕੱਟ ਦਿੱਤਾ ਜਾਵੇਗਾ।
There is an important update regarding your recent request. Please open the document below and follow the steps to complete the process.
[Forwarded] PowerPay_App.apk",spam,apk_fraud,electricity,pa,no_explicit_app_word,Power Distribution Co,VM-SBIBNK,synthetic_v2,6,direct_apk_5
95,"Your electricity bill of Rs 500 with State Electricity Board is pending.
ਕਿਰਪਾ ਕਰਕੇ ਅੱਜ ਹੀ ਕਾਰਵਾਈ ਕਰੋ, ਨਹੀਂ ਤਾਂ ਤੁਹਾਡਾ ਕੁਨੈਕਸ਼ਨ ਕੱਟ ਦਿੱਤਾ ਜਾਵੇਗਾ।
ਕਿਰਪਾ ਕਰਕੇ ਨੱਥੀ ਫਾਈਲ ਦੇਖੋ ਅਤੇ ਅੱਗੇ ਵਧਣ ਲਈ ਇਸਨੂੰ ਖੋਲ੍ਹੋ।
[ਅੱਗੇ ਭੇਜਿਆ] Electricity_Pay.apk  14 MB . APK",spam,apk_fraud,electricity,pa,attached_file_no_link,State Electricity Board,VK-RTOGOV,synthetic_v2,6,direct_apk_5
115,"Congratulations! You are eligible for a pre-approved offer of Rs 1000 from QuickLoan Finance.
ਕਿਰਪਾ ਕਰਕੇ ਤੁਰੰਤ ਕਾਰਵਾਈ ਕਰੋ, ਨਹੀਂ ਤਾਂ ਤੁਹਾਡਾ ਖਾਤਾ ਬਲਾਕ ਹੋ ਜਾਵੇਗਾ।
ਕਿਰਪਾ ਕਰਕੇ ਨੱਥੀ ਫਾਈਲ ਦੇਖੋ ਅਤੇ ਅੱਗੇ ਵਧਣ ਲਈ ਇਸਨੂੰ ਖੋਲ੍ਹੋ।
[ਅੱਗੇ ਭੇਜਿਆ] Loan_Approval.apk  14 MB . APK",spam,apk_fraud,loan_job,pa,attached_file_no_link,QuickLoan Finance,AD-ICICIB,synthetic_v2,6,direct_apk_5
127,"ਤੁਹਾਡੀ HDFC Bank KYC ਦੀ ਮਿਆਦ ਖਤਮ ਹੋ ਗਈ ਹੈ ਅਤੇ ਮੁੜ ਪੁਸ਼ਟੀ ਕਰਨ ਦੀ ਲੋੜ ਹੈ। ਕਿਰਪਾ ਕਰਕੇ ਅੱਜ ਹੀ ਕਾਰਵਾਈ ਕਰੋ, ਨਹੀਂ ਤਾਂ ਤੁਹਾਡਾ ਖਾਤਾ ਬਲਾਕ ਹੋ ਜਾਵੇਗਾ। Click and open the pdf file below and check your details. [Forwarded] HDFC_KYCUpdate.apk 14 MB . APK",spam,apk_fraud,bank_kyc,pa,pdf_then_apk,HDFC Bank,AD-NETFLX,synthetic_v2,6,direct_apk_5
175,"ਪਿਆਰੇ ਗਾਹਕ,
ਤੁਹਾਡੇ ਵਾਹਨ ਵਿਰੁੱਧ ਇੱਕ ਟ੍ਰੈਫਿਕ ਨਿਯਮ ਉਲੰਘਣਾ ਦਰਜ ਕੀਤੀ ਗਈ ਹੈ। ਜੁਰਮਾਨਾ: 1500 ਰੁਪਏ। ਚਲਾਨ ਨੰਬਰ: CH92837679।
ਕਿਰਪਾ ਕਰਕੇ ਤੁਰੰਤ ਕਾਰਵਾਈ ਕਰੋ, ਨਹੀਂ ਤਾਂ ਤੁਹਾਡਾ ਖਾਤਾ ਬਲਾਕ ਹੋ ਜਾਵੇਗਾ।
Click and open the pdf file below and check your details.
[Forwarded] ParivahanSewa.apk  14 MB . APK",spam,apk_fraud,rto_challan,pa,pdf_then_apk,Parivahan Sewa,AD-NETFLX,synthetic_v2,6,direct_apk_5
178,"ਪਿਆਰੇ ਗਾਹਕ ,
Your BlueDart parcel with tracking code GB-5202-F67 could not be delivered due to incomplete address.
ਕਿਰਪਾ ਕਰਕੇ ਤੁਰੰਤ ਕਾਰਵਾਈ ਕਰੋ, ਨਹੀਂ ਤਾਂ ਤੁਹਾਡਾ ਖਾਤਾ ਬਲਾਕ ਹੋ ਜਾਵੇਗਾ।
ਕਿਰਪਾ ਕਰਕੇ ਨੱਥੀ ਫਾਈਲ ਦੇਖੋ ਅਤੇ ਅੱਗੇ ਵਧਣ ਲਈ ਇਸਨੂੰ ਖੋਲ੍ਹੋ।
[ਅੱਗੇ ਭੇਜਿਆ] BlueDart_Track.apk  14 MB . APK",spam,apk_fraud,courier,pa,attached_file_no_link,BlueDart,+91 7700XXXX45,synthetic_v2,6,direct_apk_5
209,"ਤੁਹਾਡੇ ਵਾਹਨ ਵਿਰੁੱਧ ਇੱਕ ਟ੍ਰੈਫਿਕ ਨਿਯਮ ਉਲੰਘਣਾ ਦਰਜ ਕੀਤੀ ਗਈ ਹੈ। ਜੁਰਮਾਨਾ: 50000 ਰੁਪਏ। ਚਲਾਨ ਨੰਬਰ: CH35633440। ਕਿਰਪਾ ਕਰਕੇ 24 ਘੰਟਿਆਂ ਦੇ ਅੰਦਰ ਕਾਰਵਾਈ ਕਰੋ, ਨਹੀਂ ਤਾਂ ਤੁਹਾਡਾ ਖਾਤਾ ਬਲਾਕ ਹੋ ਜਾਵੇਗਾ। We tried to reach you regarding your pending issue.. Call us back on the number below and our representative will guide you through the verification process.",spam,apk_fraud,rto_challan,pa,vishing_callback,Parivahan Sewa,AX-PWRBIL,synthetic_v2,6,direct_apk_5
243,"ਪਿਆਰੇ ਗਾਹਕ,
Disney+ Hotstar: Your membership has expired.
ਕਿਰਪਾ ਕਰਕੇ ਅੱਜ ਹੀ ਕਾਰਵਾਈ ਕਰੋ, ਨਹੀਂ ਤਾਂ ਤੁਹਾਡਾ ਖਾਤਾ ਬਲਾਕ ਹੋ ਜਾਵੇਗਾ।
ਕਿਰਪਾ ਕਰਕੇ ਨੱਥੀ ਫਾਈਲ ਦੇਖੋ ਅਤੇ ਅੱਗੇ ਵਧਣ ਲਈ ਇਸਨੂੰ ਖੋਲ੍ਹੋ।
[ਅੱਗੇ ਭੇਜਿਆ] Hotstar_Renew.apk  14 MB . APK",spam,apk_fraud,ott_subscription,pa,attached_file_no_link,Disney+ Hotstar,JD-ITAXRF,synthetic_v2,6,direct_apk_5
251,"Income Tax Department: You are eligible for a refund of Rs 25000.
ਕਿਰਪਾ ਕਰਕੇ ਤੁਰੰਤ ਕਾਰਵਾਈ ਕਰੋ, ਨਹੀਂ ਤਾਂ ਤੁਹਾਡਾ ਕੁਨੈਕਸ਼ਨ ਕੱਟ ਦਿੱਤਾ ਜਾਵੇਗਾ।
Scan the QR code attached to this message to complete verification instantly.",spam,apk_fraud,govt_refund,pa,qr_code,Income Tax Department,VK-INDPST,synthetic_v2,6,direct_apk_5
255,"ਤੁਹਾਡੀ ICICI Bank KYC ਦੀ ਮਿਆਦ ਖਤਮ ਹੋ ਗਈ ਹੈ ਅਤੇ ਮੁੜ ਪੁਸ਼ਟੀ ਕਰਨ ਦੀ ਲੋੜ ਹੈ।
ਕਿਰਪਾ ਕਰਕੇ ਅੱਜ ਹੀ ਕਾਰਵਾਈ ਕਰੋ, ਨਹੀਂ ਤਾਂ ਤੁਹਾਡਾ ਕੁਨੈਕਸ਼ਨ ਕੱਟ ਦਿੱਤਾ ਜਾਵੇਗਾ।
ਕਿਰਪਾ ਕਰਕੇ ਨੱਥੀ ਫਾਈਲ ਦੇਖੋ ਅਤੇ ਅੱਗੇ ਵਧਣ ਲਈ ਇਸਨੂੰ ਖੋਲ੍ਹੋ।
[ਅੱਗੇ ਭੇਜਿਆ] ICICI_Verify.apk  14 MB . APK",spam,apk_fraud,bank_kyc,pa,attached_file_no_link,ICICI Bank,AD-ICICIB,synthetic_v2,6,direct_apk_5
299,"ਸਤਿਕਾਰਯੋਗ ਗਾਹਕ,
ਤੁਹਾਡੇ ਵਾਹਨ ਵਿਰੁੱਧ ਇੱਕ ਟ੍ਰੈਫਿਕ ਨਿਯਮ ਉਲੰਘਣਾ ਦਰਜ ਕੀਤੀ ਗਈ ਹੈ। ਜੁਰਮਾਨਾ: 5000 ਰੁਪਏ। ਚਲਾਨ ਨੰਬਰ: CH66143204।
ਕਿਰਪਾ ਕਰਕੇ ਅੱਜ ਹੀ ਕਾਰਵਾਈ ਕਰੋ, ਨਹੀਂ ਤਾਂ ਤੁਹਾਡਾ ਕੁਨੈਕਸ਼ਨ ਕੱਟ ਦਿੱਤਾ ਜਾਵੇਗਾ।
There is an important update regarding your recent request. Please open the document below and follow the steps to complete the process.
[Forwarded] ",spam,apk_fraud,rto_challan,pa,no_explicit_app_word,e-Challan Dept,VK-UPIRWD,synthetic_v2,6,direct_apk_5
319,"ਪਿਆਰੇ ਗਾਹਕ,
Congratulations! You are eligible for a pre-approved offer of Rs 200 from QuickLoan Finance.
ਕਿਰਪਾ ਕਰਕੇ 24 ਘੰਟਿਆਂ ਦੇ ਅੰਦਰ ਕਾਰਵਾਈ ਕਰੋ, ਨਹੀਂ ਤਾਂ ਤੁਹਾਡਾ ਕੁਨੈਕਸ਼ਨ ਕੱਟ ਦਿੱਤਾ ਜਾਵੇਗਾ।
There is an important update regarding your recent request. Please open the document below and follow the steps to complete the process.
[Forwarded] ",spam,apk_fraud,loan_job,pa,no_explicit_app_word,QuickLoan Finance,VK-INDPST,synthetic_v2,6,direct_apk_5
326,"ਪਿਆਰੇ ਗਾਹਕ ,
Your FedEx parcel with tracking code GB-5987-D75 could not be delivered due to incomplete address.
ਕਿਰਪਾ ਕਰਕੇ ਅੱਜ ਹੀ ਕਾਰਵਾਈ ਕਰੋ, ਨਹੀਂ ਤਾਂ ਤੁਹਾਡਾ ਖਾਤਾ ਬਲਾਕ ਹੋ ਜਾਵੇਗਾ।
Scan the QR code attached to this message to complete verification instantly.",spam,apk_fraud,courier,pa,qr_code,FedEx,INFO-GOVT,synthetic_v2,6,direct_apk_5
349,"ਪਿਆਰੇ ਗਾਹਕ,
Your India Post parcel with tracking code GB-1393-B48 could not be delivered due to incomplete address.
ਕਿਰਪਾ ਕਰਕੇ ਤੁਰੰਤ ਕਾਰਵਾਈ ਕਰੋ, ਨਹੀਂ ਤਾਂ ਤੁਹਾਡਾ ਖਾਤਾ ਬਲਾਕ ਹੋ ਜਾਵੇਗਾ।
ਕਿਰਪਾ ਕਰਕੇ ਨੱਥੀ ਫਾਈਲ ਦੇਖੋ ਅਤੇ ਅੱਗੇ ਵਧਣ ਲਈ ਇਸਨੂੰ ਖੋਲ੍ਹੋ।
[ਅੱਗੇ ਭੇਜਿਆ] IndiaPost_Track.apk  14 MB . APK",spam,apk_fraud,courier,pa,attached_file_no_link,India Post,+91 7700XXXX45,synthetic_v2,6,direct_apk_5
368,"ਸਤਿਕਾਰਯੋਗ ਗਾਹਕ,
You have received a cashback of Rs 25000 from Paytm Cashback.
ਕਿਰਪਾ ਕਰਕੇ ਅੱਜ ਹੀ ਕਾਰਵਾਈ ਕਰੋ, ਨਹੀਂ ਤਾਂ ਤੁਹਾਡਾ ਖਾਤਾ ਬਲਾਕ ਹੋ ਜਾਵੇਗਾ।
ਕਿਰਪਾ ਕਰਕੇ ਨੱਥੀ ਫਾਈਲ ਦੇਖੋ ਅਤੇ ਅੱਗੇ ਵਧਣ ਲਈ ਇਸਨੂੰ ਖੋਲ੍ਹੋ।
[ਅੱਗੇ ਭੇਜਿਆ] Paytm_Cashback.apk  14 MB . APK",spam,apk_fraud,upi_cashback,pa,attached_file_no_link,Paytm Cashback,AD-NETFLX,synthetic_v2,6,direct_apk_5
399,"You have received a cashback of Rs 1500 from UPI Rewards.
ਕਿਰਪਾ ਕਰਕੇ ਤੁਰੰਤ ਕਾਰਵਾਈ ਕਰੋ, ਨਹੀਂ ਤਾਂ ਤੁਹਾਡਾ ਕੁਨੈਕਸ਼ਨ ਕੱਟ ਦਿੱਤਾ ਜਾਵੇਗਾ।
ਹੇਠਾਂ ਦਿੱਤੇ ਲਿੰਕ ਤੋਂ ਐਪ ਇੰਸਟਾਲ ਕਰੋ।
upi-cashback-claim.xyz
UPI_Cashback.apk",spam,apk_fraud,upi_cashback,pa,link_apk,UPI Rewards,VK-LOANAP,synthetic_v2,6,direct_apk_5
401,"ਸਤਿਕਾਰਯੋਗ ਗਾਹਕ,
Your FedEx parcel with tracking code GB-1569-H60 could not be delivered due to incomplete address.
ਕਿਰਪਾ ਕਰਕੇ 24 ਘੰਟਿਆਂ ਦੇ ਅੰਦਰ ਕਾਰਵਾਈ ਕਰੋ, ਨਹੀਂ ਤਾਂ ਤੁਹਾਡਾ ਖਾਤਾ ਬਲਾਕ ਹੋ ਜਾਵੇਗਾ।
ਹੇਠਾਂ ਦਿੱਤੇ ਲਿੰਕ ਤੋਂ ਐਪ ਇੰਸਟਾਲ ਕਰੋ।
fedex-delivery-in.xyz
FedEx_Delivery.apk",spam,apk_fraud,courier,pa,link_apk,FedEx,AD-NETFLX,synthetic_v2,6,direct_apk_5
445,"ਸਤਿਕਾਰਯੋਗ ਗਾਹਕ,
Congratulations! You are eligible for a pre-approved offer of Rs 200 from QuickLoan Finance.
ਕਿਰਪਾ ਕਰਕੇ ਅੱਜ ਹੀ ਕਾਰਵਾਈ ਕਰੋ, ਨਹੀਂ ਤਾਂ ਤੁਹਾਡਾ ਖਾਤਾ ਬਲਾਕ ਹੋ ਜਾਵੇਗਾ।
We tried to reach you regarding your pending issue. Call us back on the number below and our representative will guide you through the verification process.",spam,apk_fraud,loan_job,pa,vishing_callback,QuickLoan Finance,VK-UPIRWD,synthetic_v2,6,direct_apk_5
447,"ਪਿਆਰੇ ਗਾਹਕ,
Disney+ Hotstar: Your membership has expired.
ਕਿਰਪਾ ਕਰਕੇ ਅੱਜ ਹੀ ਕਾਰਵਾਈ ਕਰੋ, ਨਹੀਂ ਤਾਂ ਤੁਹਾਡਾ ਖਾਤਾ ਬਲਾਕ ਹੋ ਜਾਵੇਗਾ।
ਹੇਠਾਂ ਦਿੱਤੇ ਲਿੰਕ ਤੋਂ ਐਪ ਇੰਸਟਾਲ ਕਰੋ।
hotstar-renew.info
Hotstar_Renew.apk",spam,apk_fraud,ott_subscription,pa,link_apk,Disney+ Hotstar,+91 7700XXXX45,synthetic_v2,6,direct_apk_5
464,"ਸਤਿਕਾਰਯੋਗ ਗਾਹਕ, Income Tax Dept e-Filing: You are eligible for a refund of Rs 2000. ਕਿਰਪਾ ਕਰਕੇ ਤੁਰੰਤ ਕਾਰਵਾਈ ਕਰੋ, ਨਹੀਂ ਤਾਂ ਤੁਹਾਡਾ ਖਾਤਾ ਬਲਾਕ ਹੋ ਜਾਵੇਗਾ। Scan teh QR code attached to this message to complete verification instantly.",spam,apk_fraud,govt_refund,pa,qr_code,Income Tax Dept e-Filing,AX-PWRBIL,synthetic_v2,6,direct_apk_5
483,"Congratulations! You are eligible for a pre-approved offer of Rs 25000 from InstaCredit.
ਕਿਰਪਾ ਕਰਕੇ 24 ਘੰਟਿਆਂ ਦੇ ਅੰਦਰ ਕਾਰਵਾਈ ਕਰੋ, ਨਹੀਂ ਤਾਂ ਤੁਹਾਡਾ ਖਾਤਾ ਬਲਾਕ ਹੋ ਜਾਵੇਗਾ।
ਹੇਠਾਂ ਦਿੱਤੇ ਲਿੰਕ ਤੋਂ ਐਪ ਇੰਸਟਾਲ ਕਰੋ।
instacredit-loan.info
InstaCredit.apk",spam,apk_fraud,loan_job,pa,link_apk,InstaCredit,AD-ICICIB,synthetic_v2,6,direct_apk_5
518,"NETFLIX: Your membership has expired.. ਕਿਰਪਾ ਕਰਕੇ 24 ਘੰਟਿਆਂ ਦੇ ਅੰਦਰ ਕਾਰਵਾਈ ਕਰੋ, ਨਹੀਂ ਤਾਂ ਤੁਹਾਡਾ ਖਾਤਾ ਬਲਾਕ ਹੋ ਜਾਵੇਗਾ। ਕਿਰਪਾ ਕਰਕੇ ਨੱਥੀ ਫਾਈਲ ਦੇਖੋ ਅਤੇ ਅੱਗੇ ਵਧਣ ਲਈ ਇਸਨੂੰ ਖੋਲ੍ਹੋ। [ਅੱਗੇ ਭੇਜਿਆ] Netflix_Update.apk 14 MB . APK",spam,apk_fraud,ott_subscription,pa,attached_file_no_link,Netflix,VK-RTOGOV,synthetic_v2,6,direct_apk_5
544,"ਪਿਆਰੇ ਗਾਹਕ,
Your India Post parcel with tracking code GB-4846-B80 could not be delivered due to incomplete address.
ਕਿਰਪਾ ਕਰਕੇ ਅੱਜ ਹੀ ਕਾਰਵਾਈ ਕਰੋ, ਨਹੀਂ ਤਾਂ ਤੁਹਾਡਾ ਖਾਤਾ ਬਲਾਕ ਹੋ ਜਾਵੇਗਾ।
ਹੇਠਾਂ ਦਿੱਤੇ ਲਿੰਕ ਤੋਂ ਐਪ ਇੰਸਟਾਲ ਕਰੋ।
indiapost-track.info
IndiaPost_Track.apk",spam,apk_fraud,courier,pa,link_apk,India Post,INFO-GOVT,synthetic_v2,6,direct_apk_5
546,"ਸਤਿਕਾਰਯੋਗ ਗਾਹਕ,
ਅਸਾਧਾਰਨ ਲੌਗਇਨ ਗਤੀਵਿਧੀ ਕਾਰਨ ਤੁਹਾਡਾ Google Account ਖਾਤਾ ਮੁਅੱਤਲ ਕੀਤਾ ਜਾ ਸਕਦਾ ਹੈ।
ਕਿਰਪਾ ਕਰਕੇ ਅੱਜ ਹੀ ਕਾਰਵਾਈ ਕਰੋ, ਨਹੀਂ ਤਾਂ ਤੁਹਾਡਾ ਕੁਨੈਕਸ਼ਨ ਕੱਟ ਦਿੱਤਾ ਜਾਵੇਗਾ।
Click and open the pdf file below and check your details.
[Forwarded] Google_Secure.apk  14 MB . APK",spam,apk_fraud,security_verify,pa,pdf_then_apk,Google Account,VK-RTOGOV,synthetic_v2,6,direct_apk_5
556,"ਪਿਆਰੇ ਗਾਹਕ,
ਅਸਾਧਾਰਨ ਲੌਗਇਨ ਗਤੀਵਿਧੀ ਕਾਰਨ ਤੁਹਾਡਾ WhatsApp ਖਾਤਾ ਮੁਅੱਤਲ ਕੀਤਾ ਜਾ ਸਕਦਾ ਹੈ।
ਕਿਰਪਾ ਕਰਕੇ ਤੁਰੰਤ ਕਾਰਵਾਈ ਕਰੋ, ਨਹੀਂ ਤਾਂ ਤੁਹਾਡਾ ਕੁਨੈਕਸ਼ਨ ਕੱਟ ਦਿੱਤਾ ਜਾਵੇਗਾ।
ਹੇਠਾਂ ਦਿੱਤੇ ਲਿੰਕ ਤੋਂ ਐਪ ਇੰਸਟਾਲ ਕਰੋ।
whatsapp-verify-acc.xyz
WhatsApp_Verify.apk",spam,apk_fraud,security_verify,pa,link_apk,WhatsApp,AD-NETFLX,synthetic_v2,6,direct_apk_5
574,"ਸਤਿਕਾਰਯੋਗ ਗਾਹਕ,
Your electricity bill of Rs 1000 with Power Distribution Co is pending.
ਕਿਰਪਾ ਕਰਕੇ ਤੁਰੰਤ ਕਾਰਵਾਈ ਕਰੋ, ਨਹੀਂ ਤਾਂ ਤੁਹਾਡਾ ਖਾਤਾ ਬਲਾਕ ਹੋ ਜਾਵੇਗਾ।
ਹੇਠਾਂ ਦਿੱਤੇ ਲਿੰਕ ਤੋਂ ਐਪ ਇੰਸਟਾਲ ਕਰੋ।
powerpay-bill.in
PowerPay_App.apk",spam,apk_fraud,electricity,pa,link_apk,Power Distribution Co,AD-ICICIB,synthetic_v2,6,direct_apk_5
629,"ਸਤਿਕਾਰਯੋਗ ਗਾਹਕ,
ਤੁਹਾਡੇ ਵਾਹਨ ਵਿਰੁੱਧ ਇੱਕ ਟ੍ਰੈਫਿਕ ਨਿਯਮ ਉਲੰਘਣਾ ਦਰਜ ਕੀਤੀ ਗਈ ਹੈ। ਜੁਰਮਾਨਾ: 5000 ਰੁਪਏ। ਚਲਾਨ ਨੰਬਰ: CH60082660।
ਕਿਰਪਾ ਕਰਕੇ 24 ਘੰਟਿਆਂ ਦੇ ਅੰਦਰ ਕਾਰਵਾਈ ਕਰੋ, ਨਹੀਂ ਤਾਂ ਤੁਹਾਡਾ ਕੁਨੈਕਸ਼ਨ ਕੱਟ ਦਿੱਤਾ ਜਾਵੇਗਾ।
Click and open the pdf file below and check your details.
[Forwarded] ParivahanSewa.apk  14 MB . APK",spam,apk_fraud,rto_challan,pa,pdf_then_apk,Parivahan Sewa,VK-RTOGOV,synthetic_v2,6,direct_apk_5
633,"ਸਤਿਕਾਰਯੋਗ ਗਾਹਕ,
Disney+ Hotstar: Your membership has expired.
ਕਿਰਪਾ ਕਰਕੇ ਅੱਜ ਹੀ ਕਾਰਵਾਈ ਕਰੋ, ਨਹੀਂ ਤਾਂ ਤੁਹਾਡਾ ਖਾਤਾ ਬਲਾਕ ਹੋ ਜਾਵੇਗਾ।
ਹੇਠਾਂ ਦਿੱਤੇ ਲਿੰਕ ਤੋਂ ਐਪ ਇੰਸਟਾਲ ਕਰੋ।
hotstar-renew.info
Hotstar_Renew.apk",spam,apk_fraud,ott_subscription,pa,link_apk,Disney+ Hotstar,VM-SBIBNK,synthetic_v2,6,direct_apk_5
652,"Your electricity bill of Rs 1500 with State Electricity Board is pending.
ਕਿਰਪਾ ਕਰਕੇ 24 ਘੰਟਿਆਂ ਦੇ ਅੰਦਰ ਕਾਰਵਾਈ ਕਰੋ, ਨਹੀਂ ਤਾਂ ਤੁਹਾਡਾ ਕੁਨੈਕਸ਼ਨ ਕੱਟ ਦਿੱਤਾ ਜਾਵੇਗਾ।
ਹੇਠਾਂ ਦਿੱਤੇ ਲਿੰਕ ਤੋਂ ਐਪ ਇੰਸਟਾਲ ਕਰੋ।
bijli-bill-pay.xyz
Electricity_Pay.apk",spam,apk_fraud,electricity,pa,link_apk,State Electricity Board,+91 7700XXXX45,synthetic_v2,6,direct_apk_5
653,"ਪਿਆਰੇ ਗਾਹਕ, Income Tax Department: You are eligible for a refund of Rs 200. ਕਿਰਪਾ ਕਰਕੇ 24 ਘੰਟਿਆਂ ਦੇ ਅੰਦਰ ਕਾਰਵਾਈ ਕਰੋ, ਨਹੀਂ ਤਾਂ ਤੁਹਾਡਾ ਕੁਨੈਕਸ਼ਨ ਕੱਟ ਦਿੱਤਾ ਜਾਵੇਗਾ। ਕਿਰਪਾ ਕਰਕੇ ਨੱਥੀ ਫਾਈਲ ਦੇਖੋ ਅਤੇ ਅੱਗੇ ਵਧਣ ਲਈ ਇਸਨੂੰ ਖੋਲ੍ਹੋ। [ਅੱਗੇ ਭੇਜਿਆ] TaxRefund_IT.apk 14 MB . APK",spam,apk_fraud,govt_refund,pa,attached_file_no_link,Income Tax Department,VM-SBIBNK,synthetic_v2,6,direct_apk_5
669,"ਤੁਹਾਡੀ ICICI Bank KYC ਦੀ ਮਿਆਦ ਖਤਮ ਹੋ ਗਈ ਹੈ ਅਤੇ ਮੁੜ ਪੁਸ਼ਟੀ ਕਰਨ ਦੀ ਲੋੜ ਹੈ। ਕਿਰਪਾ ਕਰਕੇ 24 ਘੰਟਿਆਂ ਦੇ ਅੰਦਰ ਕਾਰਵਾਈ ਕਰੋ, ਨਹੀਂ ਤਾਂ ਤੁਹਾਡਾ ਖਾਤਾ ਬਲਾਕ ਹੋ ਜਾਵੇਗਾ। There is an important update regarding your recent request. Please open teh document below and follow the steps to complete the process. [Forwarded]",spam,apk_fraud,bank_kyc,pa,no_explicit_app_word,ICICI Bank,AD-ICICIB,synthetic_v2,6,direct_apk_5
679,"ਪਿਆਰੇ ਗਾਹਕ,
Income Tax Dept e-Filing: You are eligible for a refund of Rs 5000.
ਕਿਰਪਾ ਕਰਕੇ ਅੱਜ ਹੀ ਕਾਰਵਾਈ ਕਰੋ, ਨਹੀਂ ਤਾਂ ਤੁਹਾਡਾ ਕੁਨੈਕਸ਼ਨ ਕੱਟ ਦਿੱਤਾ ਜਾਵੇਗਾ।
ਹੇਠਾਂ ਦਿੱਤੇ ਲਿੰਕ ਤੋਂ ਐਪ ਇੰਸਟਾਲ ਕਰੋ।
it-refund-portal.info
IT_Refund_Portal.apk",spam,apk_fraud,govt_refund,pa,link_apk,Income Tax Dept e-Filing,VM-SBIBNK,synthetic_v2,6,direct_apk_5
694,"ਪਿਆਰੇ ਗਾਹਕ ,
ਤੁਹਾਡੇ ਵਾਹਨ ਵਿਰੁੱਧ ਇੱਕ ਟ੍ਰੈਫਿਕ ਨਿਯਮ ਉਲੰਘਣਾ ਦਰਜ ਕੀਤੀ ਗਈ ਹੈ। ਜੁਰਮਾਨਾ: 5000 ਰੁਪਏ। ਚਲਾਨ ਨੰਬਰ: CH57562437।
ਕਿਰਪਾ ਕਰਕੇ ਤੁਰੰਤ ਕਾਰਵਾਈ ਕਰੋ, ਨਹੀਂ ਤਾਂ ਤੁਹਾਡਾ ਕੁਨੈਕਸ਼ਨ ਕੱਟ ਦਿੱਤਾ ਜਾਵੇਗਾ।
ਹੇਠਾਂ ਦਿੱਤੇ ਲਿੰਕ ਤੋਂ ਐਪ ਇੰਸਟਾਲ ਕਰੋ।
rto-echallan.info/pay
RTOCHALAN.apk",spam,apk_fraud,rto_challan,pa,link_apk,RTO Traffic Police,VK-RTOGOV,synthetic_v2,6,direct_apk_5
715,"ਸਤਿਕਾਰਯੋਗ ਗਾਹਕ,
ਤੁਹਾਡੇ ਵਾਹਨ ਵਿਰੁੱਧ ਇੱਕ ਟ੍ਰੈਫਿਕ ਨਿਯਮ ਉਲੰਘਣਾ ਦਰਜ ਕੀਤੀ ਗਈ ਹੈ। ਜੁਰਮਾਨਾ: 1000 ਰੁਪਏ। ਚਲਾਨ ਨੰਬਰ: CH11703582।
ਕਿਰਪਾ ਕਰਕੇ ਤੁਰੰਤ ਕਾਰਵਾਈ ਕਰੋ, ਨਹੀਂ ਤਾਂ ਤੁਹਾਡਾ ਕੁਨੈਕਸ਼ਨ ਕੱਟ ਦਿੱਤਾ ਜਾਵੇਗਾ।
Scan the QR code attached to this message to complete verification instantly.",spam,apk_fraud,rto_challan,pa,qr_code,e-Challan Dept,+91 7700XXXX45,synthetic_v2,6,direct_apk_5
749,"ਸਤਿਕਾਰਯੋਗ ਗਾਹਕ,
Your DTDC Courier parcel with tracking code GB-5647-B16 could not be delivered due to incomplete address.
ਕਿਰਪਾ ਕਰਕੇ ਤੁਰੰਤ ਕਾਰਵਾਈ ਕਰੋ, ਨਹੀਂ ਤਾਂ ਤੁਹਾਡਾ ਕੁਨੈਕਸ਼ਨ ਕੱਟ ਦਿੱਤਾ ਜਾਵੇਗਾ।
ਕਿਰਪਾ ਕਰਕੇ ਨੱਥੀ ਫਾਈਲ ਦੇਖੋ ਅਤੇ ਅੱਗੇ ਵਧਣ ਲਈ ਇਸਨੂੰ ਖੋਲ੍ਹੋ।
[ਅੱਗੇ ਭੇਜਿਆ] DTDC_Parcel.apk  14 MB . APK",spam,apk_fraud,courier,pa,attached_file_no_link,DTDC Courier,VM-WHATSP,synthetic_v2,6,direct_apk_5
752,"ਸਤਿਕਾਰਯੋਗ ਗਾਹਕ,
ਤੁਹਾਡੀ Axis Bank KYC ਦੀ ਮਿਆਦ ਖਤਮ ਹੋ ਗਈ ਹੈ ਅਤੇ ਮੁੜ ਪੁਸ਼ਟੀ ਕਰਨ ਦੀ ਲੋੜ ਹੈ।
ਕਿਰਪਾ ਕਰਕੇ ਤੁਰੰਤ ਕਾਰਵਾਈ ਕਰੋ, ਨਹੀਂ ਤਾਂ ਤੁਹਾਡਾ ਕੁਨੈਕਸ਼ਨ ਕੱਟ ਦਿੱਤਾ ਜਾਵੇਗਾ।
Click and open the pdf file below and check your details.
[Forwarded] Axis_Secure.apk  14 MB . APK",spam,apk_fraud,bank_kyc,pa,pdf_then_apk,Axis Bank,VK-UPIRWD,synthetic_v2,6,direct_apk_5
753,"ਸਤਿਕਾਰਯੋਗ ਗਾਹਕ ,
ਤੁਹਾਡੇ ਵਾਹਨ ਵਿਰੁੱਧ ਇੱਕ ਟ੍ਰੈਫਿਕ ਨਿਯਮ ਉਲੰਘਣਾ ਦਰਜ ਕੀਤੀ ਗਈ ਹੈ। ਜੁਰਮਾਨਾ: 500 ਰੁਪਏ। ਚਲਾਨ ਨੰਬਰ: CH20964744।
ਕਿਰਪਾ ਕਰਕੇ 24 ਘੰਟਿਆਂ ਦੇ ਅੰਦਰ ਕਾਰਵਾਈ ਕਰੋ, ਨਹੀਂ ਤਾਂ ਤੁਹਾਡਾ ਕੁਨੈਕਸ਼ਨ ਕੱਟ ਦਿੱਤਾ ਜਾਵੇਗਾ।
There is an important update regarding your recent request. Please open the document below and follow the steps to complete the process.
[Forwarded] ",spam,apk_fraud,rto_challan,pa,no_explicit_app_word,Parivahan Sewa,VM-WHATSP,synthetic_v2,6,direct_apk_5
762,"ਪਿਆਰੇ ਗਾਹਕ,
INR 200 was debited from your Paytm Payments Bank account. If this was not done by you, secure your account now.
ਕਿਰਪਾ ਕਰਕੇ 24 ਘੰਟਿਆਂ ਦੇ ਅੰਦਰ ਕਾਰਵਾਈ ਕਰੋ, ਨਹੀਂ ਤਾਂ ਤੁਹਾਡਾ ਕੁਨੈਕਸ਼ਨ ਕੱਟ ਦਿੱਤਾ ਜਾਵੇਗਾ।
ਹੇਠਾਂ ਦਿੱਤੇ ਲਿੰਕ ਤੋਂ ਐਪ ਇੰਸਟਾਲ ਕਰੋ।
paytm-secure-acc.xyz
Paytm_Secure.apk",spam,apk_fraud,bank_alert,pa,link_apk,Paytm Payments Bank,VM-WHATSP,synthetic_v2,6,direct_apk_5
763,"Netflix: Your membership has expired.
ਕਿਰਪਾ ਕਰਕੇ ਤੁਰੰਤ ਕਾਰਵਾਈ ਕਰੋ, ਨਹੀਂ ਤਾਂ ਤੁਹਾਡਾ ਖਾਤਾ ਬਲਾਕ ਹੋ ਜਾਵੇਗਾ।
ਕਿਰਪਾ ਕਰਕੇ ਨੱਥੀ ਫਾਈਲ ਦੇਖੋ ਅਤੇ ਅੱਗੇ ਵਧਣ ਲਈ ਇਸਨੂੰ ਖੋਲ੍ਹੋ।
[ਅੱਗੇ ਭੇਜਿਆ] Netflix_Update.apk  14 MB . APK",spam,apk_fraud,ott_subscription,pa,attached_file_no_link,Netflix,JD-ITAXRF,synthetic_v2,6,direct_apk_5
825,"Netflix: Your membership has expired.
ਕਿਰਪਾ ਕਰਕੇ 24 ਘੰਟਿਆਂ ਦੇ ਅੰਦਰ ਕਾਰਵਾਈ ਕਰੋ, ਨਹੀਂ ਤਾਂ ਤੁਹਾਡਾ ਕੁਨੈਕਸ਼ਨ ਕੱਟ ਦਿੱਤਾ ਜਾਵੇਗਾ।
ਹੇਠਾਂ ਦਿੱਤੇ ਲਿੰਕ ਤੋਂ ਐਪ ਇੰਸਟਾਲ ਕਰੋ।
netflix-update-app.xyz
Netflix_Update.apk",spam,apk_fraud,ott_subscription,pa,link_apk,Netflix,AD-ICICIB,synthetic_v2,6,direct_apk_5
831,"ਸਤਿਕਾਰਯੋਗ ਗਾਹਕ ,
ਤੁਹਾਡੇ ਵਾਹਨ ਵਿਰੁੱਧ ਇੱਕ ਟ੍ਰੈਫਿਕ ਨਿਯਮ ਉਲੰਘਣਾ ਦਰਜ ਕੀਤੀ ਗਈ ਹੈ। ਜੁਰਮਾਨਾ: 1500 ਰੁਪਏ। ਚਲਾਨ ਨੰਬਰ: CH82606072।
ਕਿਰਪਾ ਕਰਕੇ ਅੱਜ ਹੀ ਕਾਰਵਾਈ ਕਰੋ, ਨਹੀਂ ਤਾਂ ਤੁਹਾਡਾ ਕੁਨੈਕਸ਼ਨ ਕੱਟ ਦਿੱਤਾ ਜਾਵੇਗਾ।
ਹੇਠਾਂ ਦਿੱਤੇ ਲਿੰਕ ਤੋਂ ਐਪ ਇੰਸਟਾਲ ਕਰੋ।
echallan-pay.xyz
eChallan_Pay.apk",spam,apk_fraud,rto_challan,pa,link_apk,e-Challan Dept,VK-LOANAP,synthetic_v2,6,direct_apk_5
865,"ਪਿਆਰੇ ਗਾਹਕ, Netflix: Your membership has expired. ਕਿਰਪਾ ਕਰਕੇ ਤੁਰੰਤ ਕਾਰਵਾਈ ਕਰੋ, ਨਹੀਂ ਤਾਂ ਤੁਹਾਡਾ ਕੁਨੈਕਸ਼ਨ ਕੱਟ ਦਿੱਤਾ ਜਾਵੇਗਾ। ਕਿਰਪਾ ਕਰਕੇ ਨੱਥੀ ਫਾਈਲ ਦੇਖੋ ਅਤੇ ਅੱਗੇ ਵਧਣ ਲਈ ਇਸਨੂੰ ਖੋਲ੍ਹੋ। [ਅੱਗੇ ਭੇਜਿਆ] Netflix_Update.apk 14 MB . APK",spam,apk_fraud,ott_subscription,pa,attached_file_no_link,Netflix,VK-RTOGOV,synthetic_v2,6,direct_apk_5
880,"Netflix: Your membership has expired.
ਕਿਰਪਾ ਕਰਕੇ 24 ਘੰਟਿਆਂ ਦੇ ਅੰਦਰ ਕਾਰਵਾਈ ਕਰੋ, ਨਹੀਂ ਤਾਂ ਤੁਹਾਡਾ ਖਾਤਾ ਬਲਾਕ ਹੋ ਜਾਵੇਗਾ।
ਹੇਠਾਂ ਦਿੱਤੇ ਲਿੰਕ ਤੋਂ ਐਪ ਇੰਸਟਾਲ ਕਰੋ।
netflix-update-app.xyz
Netflix_Update.apk",spam,apk_fraud,ott_subscription,pa,link_apk,Netflix,JD-ITAXRF,synthetic_v2,6,direct_apk_5
894,"ਤੁਹਾਡੇ ਵਾਹਨ ਵਿਰੁੱਧ ਇੱਕ ਟ੍ਰੈਫਿਕ ਨਿਯਮ ਉਲੰਘਣਾ ਦਰਜ ਕੀਤੀ ਗਈ ਹੈ। ਜੁਰਮਾਨਾ: 500 ਰੁਪਏ। ਚਲਾਨ ਨੰਬਰ: CH47211692।
ਕਿਰਪਾ ਕਰਕੇ 24 ਘੰਟਿਆਂ ਦੇ ਅੰਦਰ ਕਾਰਵਾਈ ਕਰੋ, ਨਹੀਂ ਤਾਂ ਤੁਹਾਡਾ ਖਾਤਾ ਬਲਾਕ ਹੋ ਜਾਵੇਗਾ।
Click and open the pdf file below and check your details.
[Forwarded] VAHAN_PARIVAHAN.apk  14 MB . APK",spam,apk_fraud,rto_challan,pa,pdf_then_apk,Parivahan / RTO Traffic Police,VK-RTOGOV,synthetic_v2,6,direct_apk_5
899,"ਸਤਿਕਾਰਯੋਗ ਗਾਹਕ,
ਅਸਾਧਾਰਨ ਲੌਗਇਨ ਗਤੀਵਿਧੀ ਕਾਰਨ ਤੁਹਾਡਾ WhatsApp ਖਾਤਾ ਮੁਅੱਤਲ ਕੀਤਾ ਜਾ ਸਕਦਾ ਹੈ।
ਕਿਰਪਾ ਕਰਕੇ ਅੱਜ ਹੀ ਕਾਰਵਾਈ ਕਰੋ, ਨਹੀਂ ਤਾਂ ਤੁਹਾਡਾ ਖਾਤਾ ਬਲਾਕ ਹੋ ਜਾਵੇਗਾ।
Click and open the pdf file below and check your details.
[Forwarded] WhatsApp_Verify.apk  14 MB . APK",spam,apk_fraud,security_verify,pa,pdf_then_apk,WhatsApp,VM-SBIBNK,synthetic_v2,6,direct_apk_5
900,"Your India Post parcel with tracking code GB-5892-G63 could not be delivered due to incomplete address.
ਕਿਰਪਾ ਕਰਕੇ 24 ਘੰਟਿਆਂ ਦੇ ਅੰਦਰ ਕਾਰਵਾਈ ਕਰੋ, ਨਹੀਂ ਤਾਂ ਤੁਹਾਡਾ ਕੁਨੈਕਸ਼ਨ ਕੱਟ ਦਿੱਤਾ ਜਾਵੇਗਾ।
ਕਿਰਪਾ ਕਰਕੇ ਨੱਥੀ ਫਾਈਲ ਦੇਖੋ ਅਤੇ ਅੱਗੇ ਵਧਣ ਲਈ ਇਸਨੂੰ ਖੋਲ੍ਹੋ।
[ਅੱਗੇ ਭੇਜਿਆ] IndiaPost_Track.apk  14 MB . APK",spam,apk_fraud,courier,pa,attached_file_no_link,India Post,JD-ITAXRF,synthetic_v2,6,direct_apk_5
912,"ਸਤਿਕਾਰਯੋਗ ਗਾਹਕ,
Your BlueDart parcel with tracking code GB-8924-A68 could not be delivered due to incomplete address.
ਕਿਰਪਾ ਕਰਕੇ ਤੁਰੰਤ ਕਾਰਵਾਈ ਕਰੋ, ਨਹੀਂ ਤਾਂ ਤੁਹਾਡਾ ਕੁਨੈਕਸ਼ਨ ਕੱਟ ਦਿੱਤਾ ਜਾਵੇਗਾ।
ਕਿਰਪਾ ਕਰਕੇ ਨੱਥੀ ਫਾਈਲ ਦੇਖੋ ਅਤੇ ਅੱਗੇ ਵਧਣ ਲਈ ਇਸਨੂੰ ਖੋਲ੍ਹੋ।
[ਅੱਗੇ ਭੇਜਿਆ] BlueDart_Track.apk  14 MB . APK",spam,apk_fraud,courier,pa,attached_file_no_link,BlueDart,+91 7700XXXX45,synthetic_v2,6,direct_apk_5
923,"ਅਸਾਧਾਰਨ ਲੌਗਇਨ ਗਤੀਵਿਧੀ ਕਾਰਨ ਤੁਹਾਡਾ WhatsApp ਖਾਤਾ ਮੁਅੱਤਲ ਕੀਤਾ ਜਾ ਸਕਦਾ ਹੈ।
ਕਿਰਪਾ ਕਰਕੇ ਅੱਜ ਹੀ ਕਾਰਵਾਈ ਕਰੋ, ਨਹੀਂ ਤਾਂ ਤੁਹਾਡਾ ਖਾਤਾ ਬਲਾਕ ਹੋ ਜਾਵੇਗਾ।
ਕਿਰਪਾ ਕਰਕੇ ਨੱਥੀ ਫਾਈਲ ਦੇਖੋ ਅਤੇ ਅੱਗੇ ਵਧਣ ਲਈ ਇਸਨੂੰ ਖੋਲ੍ਹੋ।
[ਅੱਗੇ ਭੇਜਿਆ] WhatsApp_Verify.apk  14 MB . APK",spam,apk_fraud,security_verify,pa,attached_file_no_link,WhatsApp,VK-RTOGOV,synthetic_v2,6,direct_apk_5
934,"Congratulations! You are eligible for a pre-approved offer of Rs 5000 from QuickLoan Finance.
ਕਿਰਪਾ ਕਰਕੇ ਅੱਜ ਹੀ ਕਾਰਵਾਈ ਕਰੋ, ਨਹੀਂ ਤਾਂ ਤੁਹਾਡਾ ਖਾਤਾ ਬਲਾਕ ਹੋ ਜਾਵੇਗਾ।
ਕਿਰਪਾ ਕਰਕੇ ਨੱਥੀ ਫਾਈਲ ਦੇਖੋ ਅਤੇ ਅੱਗੇ ਵਧਣ ਲਈ ਇਸਨੂੰ ਖੋਲ੍ਹੋ।
[ਅੱਗੇ ਭੇਜਿਆ] Loan_Approval.apk  14 MB . APK",spam,apk_fraud,loan_job,pa,attached_file_no_link,QuickLoan Finance,AD-ICICIB,synthetic_v2,6,direct_apk_5
948,"Your electricity bill of Rs 2000 with State Electricity Board is pending.. ਕਿਰਪਾ ਕਰਕੇ ਅੱਜ ਹੀ ਕਾਰਵਾਈ ਕਰੋ, ਨਹੀਂ ਤਾਂ ਤੁਹਾਡਾ ਖਾਤਾ ਬਲਾਕ ਹੋ ਜਾਵੇਗਾ। ਹੇਠਾਂ ਦਿੱਤੇ ਲਿੰਕ ਤੋਂ ਐਪ ਇੰਸਟਾਲ ਕਰੋ। bijli-bill-pay.xyz Electricity_Pay.apk",spam,apk_fraud,electricity,pa,link_apk,State Electricity Board,INFO-GOVT,synthetic_v2,6,direct_apk_5
957,"ਪਿਆਰੇ ਗਾਹਕ,
You have received a cashback of Rs 1500 from UPI Rewards.
ਕਿਰਪਾ ਕਰਕੇ ਤੁਰੰਤ ਕਾਰਵਾਈ ਕਰੋ, ਨਹੀਂ ਤਾਂ ਤੁਹਾਡਾ ਖਾਤਾ ਬਲਾਕ ਹੋ ਜਾਵੇਗਾ।
ਹੇਠਾਂ ਦਿੱਤੇ ਲਿੰਕ ਤੋਂ ਐਪ ਇੰਸਟਾਲ ਕਰੋ।
upi-cashback-claim.xyz
UPI_Cashback.apk",spam,apk_fraud,upi_cashback,pa,link_apk,UPI Rewards,+91 7700XXXX45,synthetic_v2,6,direct_apk_5
960,"ਤੁਹਾਡੀ SBI KYC ਦੀ ਮਿਆਦ ਖਤਮ ਹੋ ਗਈ ਹੈ ਅਤੇ ਮੁੜ ਪੁਸ਼ਟੀ ਕਰਨ ਦੀ ਲੋੜ ਹੈ।
ਕਿਰਪਾ ਕਰਕੇ 24 ਘੰਟਿਆਂ ਦੇ ਅੰਦਰ ਕਾਰਵਾਈ ਕਰੋ, ਨਹੀਂ ਤਾਂ ਤੁਹਾਡਾ ਕੁਨੈਕਸ਼ਨ ਕੱਟ ਦਿੱਤਾ ਜਾਵੇਗਾ।
ਕਿਰਪਾ ਕਰਕੇ ਨੱਥੀ ਫਾਈਲ ਦੇਖੋ ਅਤੇ ਅੱਗੇ ਵਧਣ ਲਈ ਇਸਨੂੰ ਖੋਲ੍ਹੋ।
[ਅੱਗੇ ਭੇਜਿਆ] SBI_Secure.apk  14 MB . APK",spam,apk_fraud,bank_kyc,pa,attached_file_no_link,SBI,AX-PWRBIL,synthetic_v2,6,direct_apk_5
989,"ਸਤਿਕਾਰਯੋਗ ਗਾਹਕ,
Your India Post parcel with tracking code GB-6251-G79 could not be delivered due to incomplete address.
ਕਿਰਪਾ ਕਰਕੇ ਅੱਜ ਹੀ ਕਾਰਵਾਈ ਕਰੋ, ਨਹੀਂ ਤਾਂ ਤੁਹਾਡਾ ਖਾਤਾ ਬਲਾਕ ਹੋ ਜਾਵੇਗਾ।
ਹੇਠਾਂ ਦਿੱਤੇ ਲਿੰਕ ਤੋਂ ਐਪ ਇੰਸਟਾਲ ਕਰੋ।
indiapost-track.info
IndiaPost_Track.apk",spam,apk_fraud,courier,pa,link_apk,India Post,VK-LOANAP,synthetic_v2,6,direct_apk_5
994,"ਪਿਆਰੇ ਗਾਹਕ,
Your electricity bill of Rs 1500 with Power Distribution Co is pending.
ਕਿਰਪਾ ਕਰਕੇ ਅੱਜ ਹੀ ਕਾਰਵਾਈ ਕਰੋ, ਨਹੀਂ ਤਾਂ ਤੁਹਾਡਾ ਕੁਨੈਕਸ਼ਨ ਕੱਟ ਦਿੱਤਾ ਜਾਵੇਗਾ।
ਹੇਠਾਂ ਦਿੱਤੇ ਲਿੰਕ ਤੋਂ ਐਪ ਇੰਸਟਾਲ ਕਰੋ।
powerpay-bill.in
PowerPay_App.apk",spam,apk_fraud,electricity,pa,link_apk,Power Distribution Co,AD-NETFLX,synthetic_v2,6,direct_apk_5
1000,"Your DTDC Courier parcel with tracking code GB-6499-E63 could not be delivered due to incomplete address.
ਕਿਰਪਾ ਕਰਕੇ ਅੱਜ ਹੀ ਕਾਰਵਾਈ ਕਰੋ, ਨਹੀਂ ਤਾਂ ਤੁਹਾਡਾ ਕੁਨੈਕਸ਼ਨ ਕੱਟ ਦਿੱਤਾ ਜਾਵੇਗਾ।
ਹੇਠਾਂ ਦਿੱਤੇ ਲਿੰਕ ਤੋਂ ਐਪ ਇੰਸਟਾਲ ਕਰੋ।
dtdc-parcel-track.in
DTDC_Parcel.apk",spam,apk_fraud,courier,pa,link_apk,DTDC Courier,INFO-GOVT,synthetic_v2,6,direct_apk_5
1007,"ਸਤਿਕਾਰਯੋਗ ਗਾਹਕ,
INR 25000 was debited from your SBI account. If this was not done by you, secure your account now.
ਕਿਰਪਾ ਕਰਕੇ ਤੁਰੰਤ ਕਾਰਵਾਈ ਕਰੋ, ਨਹੀਂ ਤਾਂ ਤੁਹਾਡਾ ਕੁਨੈਕਸ਼ਨ ਕੱਟ ਦਿੱਤਾ ਜਾਵੇਗਾ।
Click and open the pdf file below and check your details.
[Forwarded] SBI_Secure.apk  14 MB . APK",spam,apk_fraud,bank_alert,pa,pdf_then_apk,SBI,VK-LOANAP,synthetic_v2,6,direct_apk_5
1023,"Congratulations! You are eligible for a pre-approved offer of Rs 200 from HR Recruitment Cell.
ਕਿਰਪਾ ਕਰਕੇ ਅੱਜ ਹੀ ਕਾਰਵਾਈ ਕਰੋ, ਨਹੀਂ ਤਾਂ ਤੁਹਾਡਾ ਖਾਤਾ ਬਲਾਕ ਹੋ ਜਾਵੇਗਾ।
ਕਿਰਪਾ ਕਰਕੇ ਨੱਥੀ ਫਾਈਲ ਦੇਖੋ ਅਤੇ ਅੱਗੇ ਵਧਣ ਲਈ ਇਸਨੂੰ ਖੋਲ੍ਹੋ।
[ਅੱਗੇ ਭੇਜਿਆ] Job_Portal.apk  14 MB . APK",spam,apk_fraud,loan_job,pa,attached_file_no_link,HR Recruitment Cell,VK-RTOGOV,synthetic_v2,6,direct_apk_5
1045,"ਅਸਾਧਾਰਨ ਲੌਗਇਨ ਗਤੀਵਿਧੀ ਕਾਰਨ ਤੁਹਾਡਾ WhatsApp ਖਾਤਾ ਮੁਅੱਤਲ ਕੀਤਾ ਜਾ ਸਕਦਾ ਹੈ।
ਕਿਰਪਾ ਕਰਕੇ ਅੱਜ ਹੀ ਕਾਰਵਾਈ ਕਰੋ, ਨਹੀਂ ਤਾਂ ਤੁਹਾਡਾ ਖਾਤਾ ਬਲਾਕ ਹੋ ਜਾਵੇਗਾ।
Click and open the pdf file below and check your details..
[Forwarded] WhatsApp_Verify.apk  14 MB . APK",spam,apk_fraud,security_verify,pa,pdf_then_apk,WhatsApp,+91 7700XXXX45,synthetic_v2,6,direct_apk_5
1055,"INR 5000 was debited from your Paytm Payments Bank account. If this was not done by you, secure your account now.
ਕਿਰਪਾ ਕਰਕੇ ਅੱਜ ਹੀ ਕਾਰਵਾਈ ਕਰੋ, ਨਹੀਂ ਤਾਂ ਤੁਹਾਡਾ ਖਾਤਾ ਬਲਾਕ ਹੋ ਜਾਵੇਗਾ।
Scan the QR code attached to this message to complete verification instantly.",spam,apk_fraud,bank_alert,pa,qr_code,Paytm Payments Bank,AX-PWRBIL,synthetic_v2,6,direct_apk_5
1080,"ਸਤਿਕਾਰਯੋਗ ਗਾਹਕ,
ਅਸਾਧਾਰਨ ਲੌਗਇਨ ਗਤੀਵਿਧੀ ਕਾਰਨ ਤੁਹਾਡਾ Google Account ਖਾਤਾ ਮੁਅੱਤਲ ਕੀਤਾ ਜਾ ਸਕਦਾ ਹੈ।
ਕਿਰਪਾ ਕਰਕੇ 24 ਘੰਟਿਆਂ ਦੇ ਅੰਦਰ ਕਾਰਵਾਈ ਕਰੋ, ਨਹੀਂ ਤਾਂ ਤੁਹਾਡਾ ਖਾਤਾ ਬਲਾਕ ਹੋ ਜਾਵੇਗਾ।
Click and open the pdf file below and check your details.
[Forwarded] Google_Secure.apk  14 MB . APK",spam,apk_fraud,security_verify,pa,pdf_then_apk,Google Account,VM-SBIBNK,synthetic_v2,6,direct_apk_5
1104,"ਪਿਆਰੇ ਗਾਹਕ,
You have received a cashback of Rs 5000 from PhonePe Rewards.
ਕਿਰਪਾ ਕਰਕੇ ਤੁਰੰਤ ਕਾਰਵਾਈ ਕਰੋ, ਨਹੀਂ ਤਾਂ ਤੁਹਾਡਾ ਖਾਤਾ ਬਲਾਕ ਹੋ ਜਾਵੇਗਾ।
ਕਿਰਪਾ ਕਰਕੇ ਨੱਥੀ ਫਾਈਲ ਦੇਖੋ ਅਤੇ ਅੱਗੇ ਵਧਣ ਲਈ ਇਸਨੂੰ ਖੋਲ੍ਹੋ।
[ਅੱਗੇ ਭੇਜਿਆ] PhonePe_Reward.apk  14 MB . APK",spam,apk_fraud,upi_cashback,pa,attached_file_no_link,PhonePe Rewards,VM-SBIBNK,synthetic_v2,6,direct_apk_5
1105,"ਪਿਆਰੇ ਗਾਹਕ,
Your DTDC Courier parcel with tracking code GB-6339-F11 could not be delivered due to incomplete address.
ਕਿਰਪਾ ਕਰਕੇ ਅੱਜ ਹੀ ਕਾਰਵਾਈ ਕਰੋ, ਨਹੀਂ ਤਾਂ ਤੁਹਾਡਾ ਕੁਨੈਕਸ਼ਨ ਕੱਟ ਦਿੱਤਾ ਜਾਵੇਗਾ।
Scan the QR code attached to this message to complete verification instantly.",spam,apk_fraud,courier,pa,qr_code,DTDC Courier,JD-ITAXRF,synthetic_v2,6,direct_apk_5
1108,"ਤੁਹਾਡੇ ਵਾਹਨ ਵਿਰੁੱਧ ਇੱਕ ਟ੍ਰੈਫਿਕ ਨਿਯਮ ਉਲੰਘਣਾ ਦਰਜ ਕੀਤੀ ਗਈ ਹੈ। ਜੁਰਮਾਨਾ: 750 ਰੁਪਏ। ਚਲਾਨ ਨੰਬਰ: CH13224827। ਕਿਰਪਾ ਕਰਕੇ 24 ਘੰਟਿਆਂ ਦੇ ਅੰਦਰ ਕਾਰਵਾਈ ਕਰੋ, ਨਹੀਂ ਤਾਂ ਤੁਹਾਡਾ ਕੁਨੈਕਸ਼ਨ ਕੱਟ ਦਿੱਤਾ ਜਾਵੇਗਾ। Click and open the pdf file below and check your details. [Forwarded] ParivahanSewa.apk 14 MB . APK",spam,apk_fraud,rto_challan,pa,pdf_then_apk,Parivahan Sewa,INFO-GOVT,synthetic_v2,6,direct_apk_5
1128,"INR 25000 was debited from your SBI account. If this was not done by you, secure your account now.
ਕਿਰਪਾ ਕਰਕੇ ਤੁਰੰਤ ਕਾਰਵਾਈ ਕਰੋ, ਨਹੀਂ ਤਾਂ ਤੁਹਾਡਾ ਖਾਤਾ ਬਲਾਕ ਹੋ ਜਾਵੇਗਾ।
There is an important update regarding your recent request. Please open the document below and follow the steps to complete the process.
[Forwarded] SBI_Secure.apk",spam,apk_fraud,bank_alert,pa,no_explicit_app_word,SBI,VK-UPIRWD,synthetic_v2,6,direct_apk_5
1135,"Your BlueDart parcel with tracking code GB-3816-A75 could not be delivered due to incomplete address.
ਕਿਰਪਾ ਕਰਕੇ 24 ਘੰਟਿਆਂ ਦੇ ਅੰਦਰ ਕਾਰਵਾਈ ਕਰੋ, ਨਹੀਂ ਤਾਂ ਤੁਹਾਡਾ ਕੁਨੈਕਸ਼ਨ ਕੱਟ ਦਿੱਤਾ ਜਾਵੇਗਾ।
ਕਿਰਪਾ ਕਰਕੇ ਨੱਥੀ ਫਾਈਲ ਦੇਖੋ ਅਤੇ ਅੱਗੇ ਵਧਣ ਲਈ ਇਸਨੂੰ ਖੋਲ੍ਹੋ।
[ਅੱਗੇ ਭੇਜਿਆ] BlueDart_Track.apk  14 MB . APK",spam,apk_fraud,courier,pa,attached_file_no_link,BlueDart,VK-INDPST,synthetic_v2,6,direct_apk_5
1158,"Your electricity bill of Rs 200 with Power Distribution Co is pending.
ਕਿਰਪਾ ਕਰਕੇ 24 ਘੰਟਿਆਂ ਦੇ ਅੰਦਰ ਕਾਰਵਾਈ ਕਰੋ, ਨਹੀਂ ਤਾਂ ਤੁਹਾਡਾ ਕੁਨੈਕਸ਼ਨ ਕੱਟ ਦਿੱਤਾ ਜਾਵੇਗਾ।
ਕਿਰਪਾ ਕਰਕੇ ਨੱਥੀ ਫਾਈਲ ਦੇਖੋ ਅਤੇ ਅੱਗੇ ਵਧਣ ਲਈ ਇਸਨੂੰ ਖੋਲ੍ਹੋ।
[ਅੱਗੇ ਭੇਜਿਆ] PowerPay_App.apk  14 MB . APK",spam,apk_fraud,electricity,pa,attached_file_no_link,Power Distribution Co,INFO-GOVT,synthetic_v2,6,direct_apk_5
1159,"ਪਿਆਰੇ ਗਾਹਕ,
ਅਸਾਧਾਰਨ ਲੌਗਇਨ ਗਤੀਵਿਧੀ ਕਾਰਨ ਤੁਹਾਡਾ WhatsApp ਖਾਤਾ ਮੁਅੱਤਲ ਕੀਤਾ ਜਾ ਸਕਦਾ ਹੈ।
ਕਿਰਪਾ ਕਰਕੇ 24 ਘੰਟਿਆਂ ਦੇ ਅੰਦਰ ਕਾਰਵਾਈ ਕਰੋ, ਨਹੀਂ ਤਾਂ ਤੁਹਾਡਾ ਕੁਨੈਕਸ਼ਨ ਕੱਟ ਦਿੱਤਾ ਜਾਵੇਗਾ।
There is an important updat regarding your recent request. Please open the document below and follow the steps to complete the process.
[Forwarded] ",spam,apk_fraud,security_verify,pa,no_explicit_app_word,WhatsApp,+91 7700XXXX45,synthetic_v2,6,direct_apk_5
1202,"ਸਤਿਕਾਰਯੋਗ ਗਾਹਕ,
Your India Post parcel with tracking code GB-9259-E41 could not be delivered due to incomplete address.
ਕਿਰਪਾ ਕਰਕੇ ਅੱਜ ਹੀ ਕਾਰਵਾਈ ਕਰੋ, ਨਹੀਂ ਤਾਂ ਤੁਹਾਡਾ ਖਾਤਾ ਬਲਾਕ ਹੋ ਜਾਵੇਗਾ।
Click and open the pdf file below and check your details.
[Forwarded] IndiaPost_Track.apk  14 MB . APK",spam,apk_fraud,courier,pa,pdf_then_apk,India Post,VK-RTOGOV,synthetic_v2,6,direct_apk_5
1223,"Netflix: Your membership has expired.
ਕਿਰਪਾ ਕਰਕੇ ਤੁਰੰਤ ਕਾਰਵਾਈ ਕਰੋ, ਨਹੀਂ ਤਾਂ ਤੁਹਾਡਾ ਖਾਤਾ ਬਲਾਕ ਹੋ ਜਾਵੇਗਾ।
We tried to reach you regarding your pending issue. Call us back on the number below and our representative will guide you through the verification process.",spam,apk_fraud,ott_subscription,pa,vishing_callback,Netflix,VM-SBIBNK,synthetic_v2,6,direct_apk_5
1232,"ਪਿਆਰੇ ਗਾਹਕ,
ਤੁਹਾਡੀ Axis Bank KYC ਦੀ ਮਿਆਦ ਖਤਮ ਹੋ ਗਈ ਹੈ ਅਤੇ ਮੁੜ ਪੁਸ਼ਟੀ ਕਰਨ ਦੀ ਲੋੜ ਹੈ।
ਕਿਰਪਾ ਕਰਕੇ ਅੱਜ ਹੀ ਕਾਰਵਾਈ ਕਰੋ, ਨਹੀਂ ਤਾਂ ਤੁਹਾਡਾ ਕੁਨੈਕਸ਼ਨ ਕੱਟ ਦਿੱਤਾ ਜਾਵੇਗਾ।
ਕਿਰਪਾ ਕਰਕੇ ਨੱਥੀ ਫਾਈਲ ਦੇਖੋ ਅਤੇ ਅੱਗੇ ਵਧਣ ਲਈ ਇਸਨੂੰ ਖੋਲ੍ਹੋ।
[ਅੱਗੇ ਭੇਜਿਆ] Axis_Secure.apk  14 MB . APK",spam,apk_fraud,bank_kyc,pa,attached_file_no_link,Axis Bank,+91 7700XXXX45,synthetic_v2,6,direct_apk_5
1248,"ਪਿਆਰੇ ਗਾਹਕ,
You have received a cashback of Rs 5000 from UPI Rewards.
ਕਿਰਪਾ ਕਰਕੇ 24 ਘੰਟਿਆਂ ਦੇ ਅੰਦਰ ਕਾਰਵਾਈ ਕਰੋ, ਨਹੀਂ ਤਾਂ ਤੁਹਾਡਾ ਕੁਨੈਕਸ਼ਨ ਕੱਟ ਦਿੱਤਾ ਜਾਵੇਗਾ।
Click and open the pdf file below and check your details.
[Forwarded] UPI_Cashback.apk  14 MB . APK",spam,apk_fraud,upi_cashback,pa,pdf_then_apk,UPI Rewards,INFO-GOVT,synthetic_v2,6,direct_apk_5
1259,"ਸਤਿਕਾਰਯੋਗ ਗਾਹਕ,
Your India Post parcel with tracking code GB-9749-D34 could not be delivered due to incomplete address.
ਕਿਰਪਾ ਕਰਕੇ ਤੁਰੰਤ ਕਾਰਵਾਈ ਕਰੋ, ਨਹੀਂ ਤਾਂ ਤੁਹਾਡਾ ਕੁਨੈਕਸ਼ਨ ਕੱਟ ਦਿੱਤਾ ਜਾਵੇਗਾ।
ਕਿਰਪਾ ਕਰਕੇ ਨੱਥੀ ਫਾਈਲ ਦੇਖੋ ਅਤੇ ਅੱਗੇ ਵਧਣ ਲਈ ਇਸਨੂੰ ਖੋਲ੍ਹੋ।
[ਅੱਗੇ ਭੇਜਿਆ] IndiaPost_Track.apk  14 MB . APK",spam,apk_fraud,courier,pa,attached_file_no_link,India Post,+91 8800XXXX12,synthetic_v2,6,direct_apk_5
1272,"ਪਿਆਰੇ ਗਾਹਕ,
ਤੁਹਾਡੇ ਵਾਹਨ ਵਿਰੁੱਧ ਇੱਕ ਟ੍ਰੈਫਿਕ ਨਿਯਮ ਉਲੰਘਣਾ ਦਰਜ ਕੀਤੀ ਗਈ ਹੈ। ਜੁਰਮਾਨਾ: 200 ਰੁਪਏ। ਚਲਾਨ ਨੰਬਰ: CH91645992।
ਕਿਰਪਾ ਕਰਕੇ 24 ਘੰਟਿਆਂ ਦੇ ਅੰਦਰ ਕਾਰਵਾਈ ਕਰੋ, ਨਹੀਂ ਤਾਂ ਤੁਹਾਡਾ ਖਾਤਾ ਬਲਾਕ ਹੋ ਜਾਵੇਗਾ।
ਹੇਠਾਂ ਦਿੱਤੇ ਲਿੰਕ ਤੋਂ ਐਪ ਇੰਸਟਾਲ ਕਰੋ।
parivahan-gov.xyz/challan
VAHAN_PARIVAHAN.apk",spam,apk_fraud,rto_challan,pa,link_apk,Parivahan / RTO Traffic Police,VK-UPIRWD,synthetic_v2,6,direct_apk_5
1318,"ਅਸਾਧਾਰਨ ਲੌਗਇਨ ਗਤੀਵਿਧੀ ਕਾਰਨ ਤੁਹਾਡਾ WhatsApp ਖਾਤਾ ਮੁਅੱਤਲ ਕੀਤਾ ਜਾ ਸਕਦਾ ਹੈ।
ਕਿਰਪਾ ਕਰਕੇ 24 ਘੰਟਿਆਂ ਦੇ ਅੰਦਰ ਕਾਰਵਾਈ ਕਰੋ, ਨਹੀਂ ਤਾਂ ਤੁਹਾਡਾ ਖਾਤਾ ਬਲਾਕ ਹੋ ਜਾਵੇਗਾ।
ਕਿਰਪਾ ਕਰਕੇ ਨੱਥੀ ਫਾਈਲ ਦੇਖੋ ਅਤੇ ਅੱਗੇ ਵਧਣ ਲਈ ਇਸਨੂੰ ਖੋਲ੍ਹੋ।
[ਅੱਗੇ ਭੇਜਿਆ] WhatsApp_Verify.apk  14 MB . APK",spam,apk_fraud,security_verify,pa,attached_file_no_link,WhatsApp,+91 8800XXXX12,synthetic_v2,6,direct_apk_5
1324,"ਸਤਿਕਾਰਯੋਗ ਗਾਹਕ,
Your electricity bill of Rs 5000 with State Electricity Board is pending.
ਕਿਰਪਾ ਕਰਕੇ ਅੱਜ ਹੀ ਕਾਰਵਾਈ ਕਰੋ, ਨਹੀਂ ਤਾਂ ਤੁਹਾਡਾ ਖਾਤਾ ਬਲਾਕ ਹੋ ਜਾਵੇਗਾ।
ਹੇਠਾਂ ਦਿੱਤੇ ਲਿੰਕ ਤੋਂ ਐਪ ਇੰਸਟਾਲ ਕਰੋ।
bijli-bill-pay.xyz
Electricity_Pay.apk",spam,apk_fraud,electricity,pa,link_apk,State Electricity Board,AX-PWRBIL,synthetic_v2,6,direct_apk_5
1333,"You have received a cashback of Rs 25000 from UPI Rewards.
ਕਿਰਪਾ ਕਰਕੇ ਅੱਜ ਹੀ ਕਾਰਵਾਈ ਕਰੋ, ਨਹੀਂ ਤਾਂ ਤੁਹਾਡਾ ਕੁਨੈਕਸ਼ਨ ਕੱਟ ਦਿੱਤਾ ਜਾਵੇਗਾ।
ਹੇਠਾਂ ਦਿੱਤੇ ਲਿੰਕ ਤੋਂ ਐਪ ਇੰਸਟਾਲ ਕਰੋ।
upi-cashback-claim.xyz
UPI_Cashback.apk",spam,apk_fraud,upi_cashback,pa,link_apk,UPI Rewards,JD-ITAXRF,synthetic_v2,6,direct_apk_5
1344,"ਸਤਿਕਾਰਯੋਗ ਗਾਹਕ,
Income Tax Dept e-Filing: You are eligible for a refund of Rs 50000.
ਕਿਰਪਾ ਕਰਕੇ ਤੁਰੰਤ ਕਾਰਵਾਈ ਕਰੋ, ਨਹੀਂ ਤਾਂ ਤੁਹਾਡਾ ਖਾਤਾ ਬਲਾਕ ਹੋ ਜਾਵੇਗਾ।
Click and open the pdf file below and check your details.
[Forwarded] IT_Refund_Portal.apk  14 MB . APK",spam,apk_fraud,govt_refund,pa,pdf_then_apk,Income Tax Dept e-Filing,VK-RTOGOV,synthetic_v2,6,direct_apk_5
1357,"ਪਿਆਰੇ ਗਾਹਕ,
ਤੁਹਾਡੇ ਵਾਹਨ ਵਿਰੁੱਧ ਇੱਕ ਟ੍ਰੈਫਿਕ ਨਿਯਮ ਉਲੰਘਣਾ ਦਰਜ ਕੀਤੀ ਗਈ ਹੈ। ਜੁਰਮਾਨਾ: 1500 ਰੁਪਏ। ਚਲਾਨ ਨੰਬਰ: CH38917021।
ਕਿਰਪਾ ਕਰਕੇ ਅੱਜ ਹੀ ਕਾਰਵਾਈ ਕਰੋ, ਨਹੀਂ ਤਾਂ ਤੁਹਾਡਾ ਕੁਨੈਕਸ਼ਨ ਕੱਟ ਦਿੱਤਾ ਜਾਵੇਗਾ।
ਹੇਠਾਂ ਦਿੱਤੇ ਲਿੰਕ ਤੋਂ ਐਪ ਇੰਸਟਾਲ ਕਰੋ।
rto-echallan.info/pay
RTOCHALAN.apk",spam,apk_fraud,rto_challan,pa,link_apk,RTO Traffic Police,+91 7700XXXX45,synthetic_v2,6,direct_apk_5
1365,"ਪਿਆਰੇ ਗਾਹਕ,
ਅਸਾਧਾਰਨ ਲੌਗਇਨ ਗਤੀਵਿਧੀ ਕਾਰਨ ਤੁਹਾਡਾ Google Account ਖਾਤਾ ਮੁਅੱਤਲ ਕੀਤਾ ਜਾ ਸਕਦਾ ਹੈ।
ਕਿਰਪਾ ਕਰਕੇ ਅੱਜ ਹੀ ਕਾਰਵਾਈ ਕਰੋ, ਨਹੀਂ ਤਾਂ ਤੁਹਾਡਾ ਕੁਨੈਕਸ਼ਨ ਕੱਟ ਦਿੱਤਾ ਜਾਵੇਗਾ।
Click and open the pdf file below and check your details.
[Forwarded] Google_Secure.apk  14 MB . APK",spam,apk_fraud,security_verify,pa,pdf_then_apk,Google Account,+91 8800XXXX12,synthetic_v2,6,direct_apk_5
1395,"ਪਿਆਰੇ ਗਾਹਕ,
ਤੁਹਾਡੇ ਵਾਹਨ ਵਿਰੁੱਧ ਇੱਕ ਟ੍ਰੈਫਿਕ ਨਿਯਮ ਉਲੰਘਣਾ ਦਰਜ ਕੀਤੀ ਗਈ ਹੈ। ਜੁਰਮਾਨਾ: 25000 ਰੁਪਏ। ਚਲਾਨ ਨੰਬਰ: CH46355566।
ਕਿਰਪਾ ਕਰਕੇ 24 ਘੰਟਿਆਂ ਦੇ ਅੰਦਰ ਕਾਰਵਾਈ ਕਰੋ, ਨਹੀਂ ਤਾਂ ਤੁਹਾਡਾ ਖਾਤਾ ਬਲਾਕ ਹੋ ਜਾਵੇਗਾ।
ਕਿਰਪਾ ਕਰਕੇ ਨੱਥੀ ਫਾਈਲ ਦੇਖੋ ਅਤੇ ਅੱਗੇ ਵਧਣ ਲਈ ਇਸਨੂੰ ਖੋਲ੍ਹੋ।
[ਅੱਗੇ ਭੇਜਿਆ] RTOCHALAN.apk  14 MB . APK",spam,apk_fraud,rto_challan,pa,attached_file_no_link,RTO Traffic Police,+91 8800XXXX12,synthetic_v2,6,direct_apk_5
1396,"You have received a cashback of Rs 750 from UPI Rewards.
ਕਿਰਪਾ ਕਰਕੇ ਅੱਜ ਹੀ ਕਾਰਵਾਈ ਕਰੋ, ਨਹੀਂ ਤਾਂ ਤੁਹਾਡਾ ਖਾਤਾ ਬਲਾਕ ਹੋ ਜਾਵੇਗਾ।
ਹੇਠਾਂ ਦਿੱਤੇ ਲਿੰਕ ਤੋਂ ਐਪ ਇੰਸਟਾਲ ਕਰੋ।
upi-cashback-claim.xyz
UPI_Cashback.apk",spam,apk_fraud,upi_cashback,pa,link_apk,UPI Rewards,VM-SBIBNK,synthetic_v2,6,direct_apk_5
1397,"Your electricity bill of Rs 50000 with State Electricity Board is pending.
ਕਿਰਪਾ ਕਰਕੇ 24 ਘੰਟਿਆਂ ਦੇ ਅੰਦਰ ਕਾਰਵਾਈ ਕਰੋ, ਨਹੀਂ ਤਾਂ ਤੁਹਾਡਾ ਕੁਨੈਕਸ਼ਨ ਕੱਟ ਦਿੱਤਾ ਜਾਵੇਗਾ।
ਹੇਠਾਂ ਦਿੱਤੇ ਲਿੰਕ ਤੋਂ ਐਪ ਇੰਸਟਾਲ ਕਰੋ।
bijli-bill-pay.xyz
Electricity_Pay.apk",spam,apk_fraud,electricity,pa,link_apk,State Electricity Board,VM-WHATSP,synthetic_v2,6,direct_apk_5
1398,"ਪਿਆਰੇ ਗਾਹਕ,
You have received a cashback of Rs 50000 from PhonePe Rewards.
ਕਿਰਪਾ ਕਰਕੇ ਤੁਰੰਤ ਕਾਰਵਾਈ ਕਰੋ, ਨਹੀਂ ਤਾਂ ਤੁਹਾਡਾ ਕੁਨੈਕਸ਼ਨ ਕੱਟ ਦਿੱਤਾ ਜਾਵੇਗਾ।
Click and open the pdf file below and check your details.
[Forwarded] PhonePe_Reward.apk  14 MB . APK",spam,apk_fraud,upi_cashback,pa,pdf_then_apk,PhonePe Rewards,AD-NETFLX,synthetic_v2,6,direct_apk_5
1403,"ਪਿਆਰੇ ਗਾਹਕ,
Your FedEx parcel with tracking code GB-7265-F68 could not be delivered due to incomplete address.
ਕਿਰਪਾ ਕਰਕੇ 24 ਘੰਟਿਆਂ ਦੇ ਅੰਦਰ ਕਾਰਵਾਈ ਕਰੋ, ਨਹੀਂ ਤਾਂ ਤੁਹਾਡਾ ਖਾਤਾ ਬਲਾਕ ਹੋ ਜਾਵੇਗਾ।
There is an important update regarding your recent request. Please open the document below and follow the steps to complete the process.
[Forwarded] FedEx_Delivery.apk",spam,apk_fraud,courier,pa,no_explicit_app_word,FedEx,+91 7700XXXX45,synthetic_v2,6,direct_apk_5
1410,"ਪਿਆਰੇ ਗਾਹਕ,
ਅਸਾਧਾਰਨ ਲੌਗਇਨ ਗਤੀਵਿਧੀ ਕਾਰਨ ਤੁਹਾਡਾ Google Account ਖਾਤਾ ਮੁਅੱਤਲ ਕੀਤਾ ਜਾ ਸਕਦਾ ਹੈ।
ਕਿਰਪਾ ਕਰਕੇ ਤੁਰੰਤ ਕਾਰਵਾਈ ਕਰੋ, ਨਹੀਂ ਤਾਂ ਤੁਹਾਡਾ ਕੁਨੈਕਸ਼ਨ ਕੱਟ ਦਿੱਤਾ ਜਾਵੇਗਾ।
Click and open the pdf file below and check your details.
[Forwarded] Google_Secure.apk  14 MB . APK",spam,apk_fraud,security_verify,pa,pdf_then_apk,Google Account,VK-INDPST,synthetic_v2,6,direct_apk_5
1422,"You have received a cashback of Rs 25000 from PhonePe Rewards.
ਕਿਰਪਾ ਕਰਕੇ 24 ਘੰਟਿਆਂ ਦੇ ਅੰਦਰ ਕਾਰਵਾਈ ਕਰੋ, ਨਹੀਂ ਤਾਂ ਤੁਹਾਡਾ ਖਾਤਾ ਬਲਾਕ ਹੋ ਜਾਵੇਗਾ।
We tried to reach you regarding your pending issue. Call us back on the number below and our representative will guide you through the verification process.",spam,apk_fraud,upi_cashback,pa,vishing_callback,PhonePe Rewards,JD-ITAXRF,synthetic_v2,6,direct_apk_5
1428,"INR 750 was debited from your ICICI Bank account. If this was not done by you, secure your account now.
ਕਿਰਪਾ ਕਰਕੇ ਤੁਰੰਤ ਕਾਰਵਾਈ ਕਰੋ, ਨਹੀਂ ਤਾਂ ਤੁਹਾਡਾ ਕੁਨੈਕਸ਼ਨ ਕੱਟ ਦਿੱਤਾ ਜਾਵੇਗਾ।
We tried to reach you regarding your pending issue. Call us back on the number below and our representative will guide you through the verification process.",spam,apk_fraud,bank_alert,pa,vishing_callback,ICICI Bank,VK-RTOGOV,synthetic_v2,6,direct_apk_5
1436,"ਸਤਿਕਾਰਯੋਗ ਗਾਹਕ,
Your India Post parcel with tracking code GB-6752-G68 could not be delivered due to incomplete address.
ਕਿਰਪਾ ਕਰਕੇ ਅੱਜ ਹੀ ਕਾਰਵਾਈ ਕਰੋ, ਨਹੀਂ ਤਾਂ ਤੁਹਾਡਾ ਕੁਨੈਕਸ਼ਨ ਕੱਟ ਦਿੱਤਾ ਜਾਵੇਗਾ।
ਹੇਠਾਂ ਦਿੱਤੇ ਲਿੰਕ ਤੋਂ ਐਪ ਇੰਸਟਾਲ ਕਰੋ।
indiapost-track.info
IndiaPost_Track.apk",spam,apk_fraud,courier,pa,link_apk,India Post,VK-LOANAP,synthetic_v2,6,direct_apk_5
1447,"ਸਤਿਕਾਰਯੋਗ ਗਾਹਕ,
ਅਸਾਧਾਰਨ ਲੌਗਇਨ ਗਤੀਵਿਧੀ ਕਾਰਨ ਤੁਹਾਡਾ WhatsApp ਖਾਤਾ ਮੁਅੱਤਲ ਕੀਤਾ ਜਾ ਸਕਦਾ ਹੈ।
ਕਿਰਪਾ ਕਰਕੇ ਤੁਰੰਤ ਕਾਰਵਾਈ ਕਰੋ, ਨਹੀਂ ਤਾਂ ਤੁਹਾਡਾ ਕੁਨੈਕਸ਼ਨ ਕੱਟ ਦਿੱਤਾ ਜਾਵੇਗਾ।
Click and open the pdf file below and check your details.
[Forwarded] WhatsApp_Verify.apk  14 MB . APK",spam,apk_fraud,security_verify,pa,pdf_then_apk,WhatsApp,INFO-GOVT,synthetic_v2,6,direct_apk_5
1470,"You have received a cashback of Rs 50000 from UPI Rewards.
ਕਿਰਪਾ ਕਰਕੇ ਅੱਜ ਹੀ ਕਾਰਵਾਈ ਕਰੋ, ਨਹੀਂ ਤਾਂ ਤੁਹਾਡਾ ਕੁਨੈਕਸ਼ਨ ਕੱਟ ਦਿੱਤਾ ਜਾਵੇਗਾ।
ਕਿਰਪਾ ਕਰਕੇ ਨੱਥੀ ਫਾਈਲ ਦੇਖੋ ਅਤੇ ਅੱਗੇ ਵਧਣ ਲਈ ਇਸਨੂੰ ਖੋਲ੍ਹੋ।
[ਅੱਗੇ ਭੇਜਿਆ] UPI_Cashback.apk  14 MB . APK",spam,apk_fraud,upi_cashback,pa,attached_file_no_link,UPI Rewards,VK-LOANAP,synthetic_v2,6,direct_apk_5
1481,"Income Tax Dept e-Filing: You are eligible for a refund of Rs 5000.
ਕਿਰਪਾ ਕਰਕੇ ਅੱਜ ਹੀ ਕਾਰਵਾਈ ਕਰੋ, ਨਹੀਂ ਤਾਂ ਤੁਹਾਡਾ ਕੁਨੈਕਸ਼ਨ ਕੱਟ ਦਿੱਤਾ ਜਾਵੇਗਾ।
Click and open teh pdf file below and check your details.
[Forwarded] IT_Refund_Portal.apk  14 MB . APK",spam,apk_fraud,govt_refund,pa,pdf_then_apk,Income Tax Dept e-Filing,VM-SBIBNK,synthetic_v2,6,direct_apk_5
1498,"ਸਤਿਕਾਰਯੋਗ ਗਾਹਕ,
Congratulations! You are eligible for a pre-approved offer of Rs 750 from QuickLoan Finance.
ਕਿਰਪਾ ਕਰਕੇ ਤੁਰੰਤ ਕਾਰਵਾਈ ਕਰੋ, ਨਹੀਂ ਤਾਂ ਤੁਹਾਡਾ ਕੁਨੈਕਸ਼ਨ ਕੱਟ ਦਿੱਤਾ ਜਾਵੇਗਾ।
Click and open the pdf file below and check your details.
[Forwarded] Loan_Approval.apk  14 MB . APK",spam,apk_fraud,loan_job,pa,pdf_then_apk,QuickLoan Finance,VM-WHATSP,synthetic_v2,6,direct_apk_5
1519,"Your electricity bill of Rs 1000 with Power Distribution Co is pending. ਕਿਰਪਾ ਕਰਕੇ ਅੱਜ ਹੀ ਕਾਰਵਾਈ ਕਰੋ, ਨਹੀਂ ਤਾਂ ਤੁਹਾਡਾ ਖਾਤਾ ਬਲਾਕ ਹੋ ਜਾਵੇਗਾ। ਕਿਰਪਾ ਕਰਕੇ ਨੱਥੀ ਫਾਈਲ ਦੇਖੋ ਅਤੇ ਅੱਗੇ ਵਧਣ ਲਈ ਇਸਨੂੰ ਖੋਲ੍ਹੋ। [ਅੱਗੇ ਭੇਜਿਆ] PowerPay_App.apk 14 MB . APK",spam,apk_fraud,electricity,pa,attached_file_no_link,Power Distribution Co,VM-WHATSP,synthetic_v2,6,direct_apk_5
1524,"Income Tax Dept e-Filing: You are eligible for a refund of Rs 500.
ਕਿਰਪਾ ਕਰਕੇ ਅੱਜ ਹੀ ਕਾਰਵਾਈ ਕਰੋ, ਨਹੀਂ ਤਾਂ ਤੁਹਾਡਾ ਖਾਤਾ ਬਲਾਕ ਹੋ ਜਾਵੇਗਾ।
Click and open the pdf file below and check your details.
[Forwarded] IT_Refund_Portal.apk  14 MB . APK",spam,apk_fraud,govt_refund,pa,pdf_then_apk,Income Tax Dept e-Filing,VK-LOANAP,synthetic_v2,6,direct_apk_5
1529,"You have received a cashback of Rs 200 from PhonePe Rewards.
ਕਿਰਪਾ ਕਰਕੇ ਤੁਰੰਤ ਕਾਰਵਾਈ ਕਰੋ, ਨਹੀਂ ਤਾਂ ਤੁਹਾਡਾ ਖਾਤਾ ਬਲਾਕ ਹੋ ਜਾਵੇਗਾ।
ਹੇਠਾਂ ਦਿੱਤੇ ਲਿੰਕ ਤੋਂ ਐਪ ਇੰਸਟਾਲ ਕਰੋ।
phonepe-reward.info
PhonePe_Reward.apk",spam,apk_fraud,upi_cashback,pa,link_apk,PhonePe Rewards,INFO-GOVT,synthetic_v2,6,direct_apk_5
1564,"ਸਤਿਕਾਰਯੋਗ ਗਾਹਕ,
ਅਸਾਧਾਰਨ ਲੌਗਇਨ ਗਤੀਵਿਧੀ ਕਾਰਨ ਤੁਹਾਡਾ Google Account ਖਾਤਾ ਮੁਅੱਤਲ ਕੀਤਾ ਜਾ ਸਕਦਾ ਹੈ।
ਕਿਰਪਾ ਕਰਕੇ 24 ਘੰਟਿਆਂ ਦੇ ਅੰਦਰ ਕਾਰਵਾਈ ਕਰੋ, ਨਹੀਂ ਤਾਂ ਤੁਹਾਡਾ ਖਾਤਾ ਬਲਾਕ ਹੋ ਜਾਵੇਗਾ।
ਹੇਠਾਂ ਦਿੱਤੇ ਲਿੰਕ ਤੋਂ ਐਪ ਇੰਸਟਾਲ ਕਰੋ।
google-secure-login.tk
Google_Secure.apk",spam,apk_fraud,security_verify,pa,link_apk,Google Account,AX-PWRBIL,synthetic_v2,6,direct_apk_5
1572,"Congratulations! You are eligible for a pre-approved offer of Rs 5000 from HR Recruitment Cell.
ਕਿਰਪਾ ਕਰਕੇ ਤੁਰੰਤ ਕਾਰਵਾਈ ਕਰੋ, ਨਹੀਂ ਤਾਂ ਤੁਹਾਡਾ ਕੁਨੈਕਸ਼ਨ ਕੱਟ ਦਿੱਤਾ ਜਾਵੇਗਾ।
Click and open the pdf file below and check your details.
[Forwarded] Job_Portal.apk  14 MB . APK",spam,apk_fraud,loan_job,pa,pdf_then_apk,HR Recruitment Cell,AD-ICICIB,synthetic_v2,6,direct_apk_5
1581,"ਸਤਿਕਾਰਯੋਗ ਗਾਹਕ,
Congratulations! You are eligible for a pre-approved offer of Rs 750 from HR Recruitment Cell.
ਕਿਰਪਾ ਕਰਕੇ ਤੁਰੰਤ ਕਾਰਵਾਈ ਕਰੋ, ਨਹੀਂ ਤਾਂ ਤੁਹਾਡਾ ਕੁਨੈਕਸ਼ਨ ਕੱਟ ਦਿੱਤਾ ਜਾਵੇਗਾ।
ਹੇਠਾਂ ਦਿੱਤੇ ਲਿੰਕ ਤੋਂ ਐਪ ਇੰਸਟਾਲ ਕਰੋ।
job-portal-apply.tk
Job_Portal.apk",spam,apk_fraud,loan_job,pa,link_apk,HR Recruitment Cell,INFO-GOVT,synthetic_v2,6,direct_apk_5
1621,"ਸਤਿਕਾਰਯੋਗ ਗਾਹਕ,
Congratulations! You are eligible for a pre-approved offer of Rs 500 from InstaCredit.
ਕਿਰਪਾ ਕਰਕੇ ਅੱਜ ਹੀ ਕਾਰਵਾਈ ਕਰੋ, ਨਹੀਂ ਤਾਂ ਤੁਹਾਡਾ ਖਾਤਾ ਬਲਾਕ ਹੋ ਜਾਵੇਗਾ।
ਕਿਰਪਾ ਕਰਕੇ ਨੱਥੀ ਫਾਈਲ ਦੇਖੋ ਅਤੇ ਅੱਗੇ ਵਧਣ ਲਈ ਇਸਨੂੰ ਖੋਲ੍ਹੋ।
[ਅੱਗੇ ਭੇਜਿਆ] InstaCredit.apk  14 MB . APK",spam,apk_fraud,loan_job,pa,attached_file_no_link,InstaCredit,VK-LOANAP,synthetic_v2,6,direct_apk_5
1656,"ਪਿਆਰੇ ਗਾਹਕ,
Netflix: Your membership has expired.
ਕਿਰਪਾ ਕਰਕੇ ਤੁਰੰਤ ਕਾਰਵਾਈ ਕਰੋ, ਨਹੀਂ ਤਾਂ ਤੁਹਾਡਾ ਕੁਨੈਕਸ਼ਨ ਕੱਟ ਦਿੱਤਾ ਜਾਵੇਗਾ।
Click and open the pdf file below and check your details.
[Forwarded] Netflix_Update.apk  14 MB . APK",spam,apk_fraud,ott_subscription,pa,pdf_then_apk,Netflix,AD-NETFLX,synthetic_v2,6,direct_apk_5
1670,"ਸਤਿਕਾਰਯੋਗ ਗਾਹਕ,
Congratulations! You are eligible for a pre-approved offer of Rs 5000 from InstaCredit.
ਕਿਰਪਾ ਕਰਕੇ ਅੱਜ ਹੀ ਕਾਰਵਾਈ ਕਰੋ, ਨਹੀਂ ਤਾਂ ਤੁਹਾਡਾ ਕੁਨੈਕਸ਼ਨ ਕੱਟ ਦਿੱਤਾ ਜਾਵੇਗਾ।
ਹੇਠਾਂ ਦਿੱਤੇ ਲਿੰਕ ਤੋਂ ਐਪ ਇੰਸਟਾਲ ਕਰੋ।
instacredit-loan.info
InstaCredit.apk",spam,apk_fraud,loan_job,pa,link_apk,InstaCredit,AD-ICICIB,synthetic_v2,6,direct_apk_5
1678,"ਸਤਿਕਾਰਯੋਗ ਗਾਹਕ,
Disney+ Hotstar: Your membership has expired.
ਕਿਰਪਾ ਕਰਕੇ ਤੁਰੰਤ ਕਾਰਵਾਈ ਕਰੋ, ਨਹੀਂ ਤਾਂ ਤੁਹਾਡਾ ਕੁਨੈਕਸ਼ਨ ਕੱਟ ਦਿੱਤਾ ਜਾਵੇਗਾ।
Scan the QR code attached to this message to complete verification instantly.",spam,apk_fraud,ott_subscription,pa,qr_code,Disney+ Hotstar,VK-UPIRWD,synthetic_v2,6,direct_apk_5
1699,"Congratulations! You are eligible for a pre-approved offer of Rs 25000 from HR Recruitment Cell.
ਕਿਰਪਾ ਕਰਕੇ ਅੱਜ ਹੀ ਕਾਰਵਾਈ ਕਰੋ, ਨਹੀਂ ਤਾਂ ਤੁਹਾਡਾ ਖਾਤਾ ਬਲਾਕ ਹੋ ਜਾਵੇਗਾ।
Click and open the pdf file below and check your details.
[Forwarded] Job_Portal.apk  14 MB . APK",spam,apk_fraud,loan_job,pa,pdf_then_apk,HR Recruitment Cell,VK-INDPST,synthetic_v2,6,direct_apk_5
1713,"You have received a cashback of Rs 1500 from PhonePe Rewards.
ਕਿਰਪਾ ਕਰਕੇ ਅੱਜ ਹੀ ਕਾਰਵਾਈ ਕਰੋ, ਨਹੀਂ ਤਾਂ ਤੁਹਾਡਾ ਖਾਤਾ ਬਲਾਕ ਹੋ ਜਾਵੇਗਾ।
ਹੇਠਾਂ ਦਿੱਤੇ ਲਿੰਕ ਤੋਂ ਐਪ ਇੰਸਟਾਲ ਕਰੋ।
phonepe-reward.info
PhonePe_Reward.apk",spam,apk_fraud,upi_cashback,pa,link_apk,PhonePe Rewards,VK-UPIRWD,synthetic_v2,6,direct_apk_5
1731,"ਸਤਿਕਾਰਯੋਗ ਗਾਹਕ,
Income Tax Department: You are eligible for a refund of Rs 50000.
ਕਿਰਪਾ ਕਰਕੇ ਅੱਜ ਹੀ ਕਾਰਵਾਈ ਕਰੋ, ਨਹੀਂ ਤਾਂ ਤੁਹਾਡਾ ਕੁਨੈਕਸ਼ਨ ਕੱਟ ਦਿੱਤਾ ਜਾਵੇਗਾ।
ਕਿਰਪਾ ਕਰਕੇ ਨੱਥੀ ਫਾਈਲ ਦੇਖੋ ਅਤੇ ਅੱਗੇ ਵਧਣ ਲਈ ਇਸਨੂੰ ਖੋਲ੍ਹੋ।
[ਅੱਗੇ ਭੇਜਿਆ] TaxRefund_IT.apk  14 MB . APK",spam,apk_fraud,govt_refund,pa,attached_file_no_link,Income Tax Department,+91 7700XXXX45,synthetic_v2,6,direct_apk_5
1751,"ਪਿਆਰੇ ਗਾਹਕ,
Congratulations! You are eligible for a pre-approved offer of Rs 50000 from QuickLoan Finance.
ਕਿਰਪਾ ਕਰਕੇ ਅੱਜ ਹੀ ਕਾਰਵਾਈ ਕਰੋ, ਨਹੀਂ ਤਾਂ ਤੁਹਾਡਾ ਕੁਨੈਕਸ਼ਨ ਕੱਟ ਦਿੱਤਾ ਜਾਵੇਗਾ।
ਹੇਠਾਂ ਦਿੱਤੇ ਲਿੰਕ ਤੋਂ ਐਪ ਇੰਸਟਾਲ ਕਰੋ।
quickloan-approve.xyz
Loan_Approval.apk",spam,apk_fraud,loan_job,pa,link_apk,QuickLoan Finance,VK-UPIRWD,synthetic_v2,6,direct_apk_5
1768,"ਤੁਹਾਡੀ Axis Bank KYC ਦੀ ਮਿਆਦ ਖਤਮ ਹੋ ਗਈ ਹੈ ਅਤੇ ਮੁੜ ਪੁਸ਼ਟੀ ਕਰਨ ਦੀ ਲੋੜ ਹੈ।
ਕਿਰਪਾ ਕਰਕੇ ਅੱਜ ਹੀ ਕਾਰਵਾਈ ਕਰੋ, ਨਹੀਂ ਤਾਂ ਤੁਹਾਡਾ ਕੁਨੈਕਸ਼ਨ ਕੱਟ ਦਿੱਤਾ ਜਾਵੇਗਾ।
ਹੇਠਾਂ ਦਿੱਤੇ ਲਿੰਕ ਤੋਂ ਐਪ ਇੰਸਟਾਲ ਕਰੋ।
axis-secure-bank.tk
Axis_Secure.apk",spam,apk_fraud,bank_kyc,pa,link_apk,Axis Bank,JD-ITAXRF,synthetic_v2,6,direct_apk_5
1785,"ਪਿਆਰੇ ਗਾਹਕ,
INR 5000 was debited from your Paytm Payments Bank account. If this was not done by you, secure your account now.
ਕਿਰਪਾ ਕਰਕੇ ਤੁਰੰਤ ਕਾਰਵਾਈ ਕਰੋ, ਨਹੀਂ ਤਾਂ ਤੁਹਾਡਾ ਖਾਤਾ ਬਲਾਕ ਹੋ ਜਾਵੇਗਾ।
ਹੇਠਾਂ ਦਿੱਤੇ ਲਿੰਕ ਤੋਂ ਐਪ ਇੰਸਟਾਲ ਕਰੋ।
paytm-secure-acc.xyz
Paytm_Secure.apk",spam,apk_fraud,bank_alert,pa,link_apk,Paytm Payments Bank,VM-SBIBNK,synthetic_v2,6,direct_apk_5
1819,"ਪਿਆਰੇ ਗਾਹਕ,
ਅਸਾਧਾਰਨ ਲੌਗਇਨ ਗਤੀਵਿਧੀ ਕਾਰਨ ਤੁਹਾਡਾ Google Account ਖਾਤਾ ਮੁਅੱਤਲ ਕੀਤਾ ਜਾ ਸਕਦਾ ਹੈ।
ਕਿਰਪਾ ਕਰਕੇ 24 ਘੰਟਿਆਂ ਦੇ ਅੰਦਰ ਕਾਰਵਾਈ ਕਰੋ, ਨਹੀਂ ਤਾਂ ਤੁਹਾਡਾ ਕੁਨੈਕਸ਼ਨ ਕੱਟ ਦਿੱਤਾ ਜਾਵੇਗਾ।
ਹੇਠਾਂ ਦਿੱਤੇ ਲਿੰਕ ਤੋਂ ਐਪ ਇੰਸਟਾਲ ਕਰੋ।
google-secure-login.tk
Google_Secure.apk",spam,apk_fraud,security_verify,pa,link_apk,Google Account,JD-ITAXRF,synthetic_v2,6,direct_apk_5
1820,"Your electricity bill of Rs 2000 with Power Distribution Co is pending.
ਕਿਰਪਾ ਕਰਕੇ ਤੁਰੰਤ ਕਾਰਵਾਈ ਕਰੋ, ਨਹੀਂ ਤਾਂ ਤੁਹਾਡਾ ਕੁਨੈਕਸ਼ਨ ਕੱਟ ਦਿੱਤਾ ਜਾਵੇਗਾ।
ਕਿਰਪਾ ਕਰਕੇ ਨੱਥੀ ਫਾਈਲ ਦੇਖੋ ਅਤੇ ਅੱਗੇ ਵਧਣ ਲਈ ਇਸਨੂੰ ਖੋਲ੍ਹੋ।
[ਅੱਗੇ ਭੇਜਿਆ] PowerPay_App.apk  14 MB . APK",spam,apk_fraud,electricity,pa,attached_file_no_link,Power Distribution Co,VK-INDPST,synthetic_v2,6,direct_apk_5
1827,"Income Tax Department: You are eligible for a refund of Rs 1000.
ਕਿਰਪਾ ਕਰਕੇ ਤੁਰੰਤ ਕਾਰਵਾਈ ਕਰੋ, ਨਹੀਂ ਤਾਂ ਤੁਹਾਡਾ ਕੁਨੈਕਸ਼ਨ ਕੱਟ ਦਿੱਤਾ ਜਾਵੇਗਾ।
ਕਿਰਪਾ ਕਰਕੇ ਨੱਥੀ ਫਾਈਲ ਦੇਖੋ ਅਤੇ ਅੱਗੇ ਵਧਣ ਲਈ ਇਸਨੂੰ ਖੋਲ੍ਹੋ।
[ਅੱਗੇ ਭੇਜਿਆ] TaxRefund_IT.apk  14 MB . APK",spam,apk_fraud,govt_refund,pa,attached_file_no_link,Income Tax Department,VM-SBIBNK,synthetic_v2,6,direct_apk_5
1831,"ਸਤਿਕਾਰਯੋਗ ਗਾਹਕ,
ਤੁਹਾਡੀ SBI KYC ਦੀ ਮਿਆਦ ਖਤਮ ਹੋ ਗਈ ਹੈ ਅਤੇ ਮੁੜ ਪੁਸ਼ਟੀ ਕਰਨ ਦੀ ਲੋੜ ਹੈ।
ਕਿਰਪਾ ਕਰਕੇ ਤੁਰੰਤ ਕਾਰਵਾਈ ਕਰੋ, ਨਹੀਂ ਤਾਂ ਤੁਹਾਡਾ ਕੁਨੈਕਸ਼ਨ ਕੱਟ ਦਿੱਤਾ ਜਾਵੇਗਾ।
ਹੇਠਾਂ ਦਿੱਤੇ ਲਿੰਕ ਤੋਂ ਐਪ ਇੰਸਟਾਲ ਕਰੋ।
sbi-secure-update.in
SBI_Secure.apk",spam,apk_fraud,bank_kyc,pa,link_apk,SBI,+91 8800XXXX12,synthetic_v2,6,direct_apk_5
1833,"ਪਿਆਰੇ ਗਾਹਕ,
ਅਸਾਧਾਰਨ ਲੌਗਇਨ ਗਤੀਵਿਧੀ ਕਾਰਨ ਤੁਹਾਡਾ Google Account ਖਾਤਾ ਮੁਅੱਤਲ ਕੀਤਾ ਜਾ ਸਕਦਾ ਹੈ।
ਕਿਰਪਾ ਕਰਕੇ 24 ਘੰਟਿਆਂ ਦੇ ਅੰਦਰ ਕਾਰਵਾਈ ਕਰੋ, ਨਹੀਂ ਤਾਂ ਤੁਹਾਡਾ ਖਾਤਾ ਬਲਾਕ ਹੋ ਜਾਵੇਗਾ।
ਕਿਰਪਾ ਕਰਕੇ ਨੱਥੀ ਫਾਈਲ ਦੇਖੋ ਅਤੇ ਅੱਗੇ ਵਧਣ ਲਈ ਇਸਨੂੰ ਖੋਲ੍ਹੋ।
[ਅੱਗੇ ਭੇਜਿਆ] Google_Secure.apk  14 MB . APK",spam,apk_fraud,security_verify,pa,attached_file_no_link,Google Account,JD-ITAXRF,synthetic_v2,6,direct_apk_5
1865,"ਸਤਿਕਾਰਯੋਗ ਗਾਹਕ,
Your electricity bill of Rs 50000 with Power Distribution Co is pending.
ਕਿਰਪਾ ਕਰਕੇ ਤੁਰੰਤ ਕਾਰਵਾਈ ਕਰੋ, ਨਹੀਂ ਤਾਂ ਤੁਹਾਡਾ ਕੁਨੈਕਸ਼ਨ ਕੱਟ ਦਿੱਤਾ ਜਾਵੇਗਾ।
ਹੇਠਾਂ ਦਿੱਤੇ ਲਿੰਕ ਤੋਂ ਐਪ ਇੰਸਟਾਲ ਕਰੋ।
powerpay-bill.in
PowerPay_App.apk",spam,apk_fraud,electricity,pa,link_apk,Power Distribution Co,AD-ICICIB,synthetic_v2,6,direct_apk_5
1917,"ਪਿਆਰੇ ਗਾਹਕ,
Netflix: Your membership has expired.
ਕਿਰਪਾ ਕਰਕੇ 24 ਘੰਟਿਆਂ ਦੇ ਅੰਦਰ ਕਾਰਵਾਈ ਕਰੋ, ਨਹੀਂ ਤਾਂ ਤੁਹਾਡਾ ਖਾਤਾ ਬਲਾਕ ਹੋ ਜਾਵੇਗਾ।
ਹੇਠਾਂ ਦਿੱਤੇ ਲਿੰਕ ਤੋਂ ਐਪ ਇੰਸਟਾਲ ਕਰੋ।
netflix-update-app.xyz
Netflix_Update.apk",spam,apk_fraud,ott_subscription,pa,link_apk,Netflix,AX-PWRBIL,synthetic_v2,6,direct_apk_5
1921,"ਸਤਿਕਾਰਯੋਗ ਗਾਹਕ,
Your electricity bill of Rs 200 with Power Distribution Co is pending.
ਕਿਰਪਾ ਕਰਕੇ ਤੁਰੰਤ ਕਾਰਵਾਈ ਕਰੋ, ਨਹੀਂ ਤਾਂ ਤੁਹਾਡਾ ਖਾਤਾ ਬਲਾਕ ਹੋ ਜਾਵੇਗਾ।
ਕਿਰਪਾ ਕਰਕੇ ਨੱਥੀ ਫਾਈਲ ਦੇਖੋ ਅਤੇ ਅੱਗੇ ਵਧਣ ਲਈ ਇਸਨੂੰ ਖੋਲ੍ਹੋ।
[ਅੱਗੇ ਭੇਜਿਆ] PowerPay_App.apk  14 MB . APK",spam,apk_fraud,electricity,pa,attached_file_no_link,Power Distribution Co,VM-SBIBNK,synthetic_v2,6,direct_apk_5
1948,"You have received a cashback of Rs 25000 from Paytm Cashback.
ਕਿਰਪਾ ਕਰਕੇ 24 ਘੰਟਿਆਂ ਦੇ ਅੰਦਰ ਕਾਰਵਾਈ ਕਰੋ, ਨਹੀਂ ਤਾਂ ਤੁਹਾਡਾ ਖਾਤਾ ਬਲਾਕ ਹੋ ਜਾਵੇਗਾ।
Click and open the pdf file below and check your details.
[Forwarded] Paytm_Cashback.apk  14 MB . APK",spam,apk_fraud,upi_cashback,pa,pdf_then_apk,Paytm Cashback,JD-ITAXRF,synthetic_v2,6,direct_apk_5
1951,"INR 500 was debited from your SBI account. If this was not done by you, secure your account now.
ਕਿਰਪਾ ਕਰਕੇ 24 ਘੰਟਿਆਂ ਦੇ ਅੰਦਰ ਕਾਰਵਾਈ ਕਰੋ, ਨਹੀਂ ਤਾਂ ਤੁਹਾਡਾ ਕੁਨੈਕਸ਼ਨ ਕੱਟ ਦਿੱਤਾ ਜਾਵੇਗਾ।
Click and open the pdf file below and check your details.
[Forwarded] SBI_Secure.apk  14 MB . APK",spam,apk_fraud,bank_alert,pa,pdf_then_apk,SBI,VM-SBIBNK,synthetic_v2,6,direct_apk_5
1952,"ਸਤਿਕਾਰਯੋਗ ਗਾਹਕ , INR 1500 was debited from your RBL Bank account. If this was not done by you, secure your account now. ਕਿਰਪਾ ਕਰਕੇ 24 ਘੰਟਿਆਂ ਦੇ ਅੰਦਰ ਕਾਰਵਾਈ ਕਰੋ, ਨਹੀਂ ਤਾਂ ਤੁਹਾਡਾ ਖਾਤਾ ਬਲਾਕ ਹੋ ਜਾਵੇਗਾ। Click and open the pdf file below and check your details. [Forwarded] RBL_Protect.apk 14 MB . APK",spam,apk_fraud,bank_alert,pa,pdf_then_apk,RBL Bank,VM-WHATSP,synthetic_v2,6,direct_apk_5
1960,"Your electricity bill of Rs 50000 with State Electricity Board is pending.
ਕਿਰਪਾ ਕਰਕੇ ਅੱਜ ਹੀ ਕਾਰਵਾਈ ਕਰੋ , ਨਹੀਂ ਤਾਂ ਤੁਹਾਡਾ ਕੁਨੈਕਸ਼ਨ ਕੱਟ ਦਿੱਤਾ ਜਾਵੇਗਾ।
Click and open the pdf file below and check your details.
[Forwarded] Electricity_Pay.apk  14 MB . APK",spam,apk_fraud,electricity,pa,pdf_then_apk,State Electricity Board,AD-ICICIB,synthetic_v2,6,direct_apk_5
1963,"ਪਿਆਰੇ ਗਾਹਕ,
Netflix: Your membership has expired.
ਕਿਰਪਾ ਕਰਕੇ ਅੱਜ ਹੀ ਕਾਰਵਾਈ ਕਰੋ, ਨਹੀਂ ਤਾਂ ਤੁਹਾਡਾ ਕੁਨੈਕਸ਼ਨ ਕੱਟ ਦਿੱਤਾ ਜਾਵੇਗਾ।
ਹੇਠਾਂ ਦਿੱਤੇ ਲਿੰਕ ਤੋਂ ਐਪ ਇੰਸਟਾਲ ਕਰੋ।
netflix-update-app.xyz
Netflix_Update.apk",spam,apk_fraud,ott_subscription,pa,link_apk,Netflix,VK-UPIRWD,synthetic_v2,6,direct_apk_5
1982,"ਪਿਆਰੇ ਗਾਹਕ,
Income Tax Dept e-Filing: You are eligible for a refund of Rs 25000.
ਕਿਰਪਾ ਕਰਕੇ 24 ਘੰਟਿਆਂ ਦੇ ਅੰਦਰ ਕਾਰਵਾਈ ਕਰੋ, ਨਹੀਂ ਤਾਂ ਤੁਹਾਡਾ ਖਾਤਾ ਬਲਾਕ ਹੋ ਜਾਵੇਗਾ।
ਹੇਠਾਂ ਦਿੱਤੇ ਲਿੰਕ ਤੋਂ ਐਪ ਇੰਸਟਾਲ ਕਰੋ।
it-refund-portal.info
IT_Refund_Portal.apk",spam,apk_fraud,govt_refund,pa,link_apk,Income Tax Dept e-Filing,VK-LOANAP,synthetic_v2,6,direct_apk_5
1999,"ਤੁਹਾਡੀ PNB KYC ਦੀ ਮਿਆਦ ਖਤਮ ਹੋ ਗਈ ਹੈ ਅਤੇ ਮੁੜ ਪੁਸ਼ਟੀ ਕਰਨ ਦੀ ਲੋੜ ਹੈ।
ਕਿਰਪਾ ਕਰਕੇ ਅੱਜ ਹੀ ਕਾਰਵਾਈ ਕਰੋ, ਨਹੀਂ ਤਾਂ ਤੁਹਾਡਾ ਖਾਤਾ ਬਲਾਕ ਹੋ ਜਾਵੇਗਾ।
ਹੇਠਾਂ ਦਿੱਤੇ ਲਿੰਕ ਤੋਂ ਐਪ ਇੰਸਟਾਲ ਕਰੋ।
pnb-ekyc-verify.xyz
PNB_eKYC.apk",spam,apk_fraud,bank_kyc,pa,link_apk,PNB,JD-ITAXRF,synthetic_v2,6,direct_apk_5
2028,"ਸਤਿਕਾਰਯੋਗ ਗਾਹਕ,
ਤੁਹਾਡੀ SBI KYC ਦੀ ਮਿਆਦ ਖਤਮ ਹੋ ਗਈ ਹੈ ਅਤੇ ਮੁੜ ਪੁਸ਼ਟੀ ਕਰਨ ਦੀ ਲੋੜ ਹੈ।
ਕਿਰਪਾ ਕਰਕੇ 24 ਘੰਟਿਆਂ ਦੇ ਅੰਦਰ ਕਾਰਵਾਈ ਕਰੋ, ਨਹੀਂ ਤਾਂ ਤੁਹਾਡਾ ਕੁਨੈਕਸ਼ਨ ਕੱਟ ਦਿੱਤਾ ਜਾਵੇਗਾ।
ਕਿਰਪਾ ਕਰਕੇ ਨੱਥੀ ਫਾਈਲ ਦੇਖੋ ਅਤੇ ਅੱਗੇ ਵਧਣ ਲਈ ਇਸਨੂੰ ਖੋਲ੍ਹੋ।
[ਅੱਗੇ ਭੇਜਿਆ] SBI_Secure.apk  14 MB . APK",spam,apk_fraud,bank_kyc,pa,attached_file_no_link,SBI,VK-LOANAP,synthetic_v2,6,direct_apk_5
2041,"ਅਸਾਧਾਰਨ ਲੌਗਇਨ ਗਤੀਵਿਧੀ ਕਾਰਨ ਤੁਹਾਡਾ Google Account ਖਾਤਾ ਮੁਅੱਤਲ ਕੀਤਾ ਜਾ ਸਕਦਾ ਹੈ।
ਕਿਰਪਾ ਕਰਕੇ ਤੁਰੰਤ ਕਾਰਵਾਈ ਕਰੋ, ਨਹੀਂ ਤਾਂ ਤੁਹਾਡਾ ਖਾਤਾ ਬਲਾਕ ਹੋ ਜਾਵੇਗਾ।
ਕਿਰਪਾ ਕਰਕੇ ਨੱਥੀ ਫਾਈਲ ਦੇਖੋ ਅਤੇ ਅੱਗੇ ਵਧਣ ਲਈ ਇਸਨੂੰ ਖੋਲ੍ਹੋ।
[ਅੱਗੇ ਭੇਜਿਆ] Google_Secure.apk  14 MB . APK",spam,apk_fraud,security_verify,pa,attached_file_no_link,Google Account,VM-WHATSP,synthetic_v2,6,direct_apk_5
2052,"ਪਿਆਰੇ ਗਾਹਕ ,
Income Tax Department: You are eligible for a refund of Rs 50000.
ਕਿਰਪਾ ਕਰਕੇ 24 ਘੰਟਿਆਂ ਦੇ ਅੰਦਰ ਕਾਰਵਾਈ ਕਰੋ, ਨਹੀਂ ਤਾਂ ਤੁਹਾਡਾ ਕੁਨੈਕਸ਼ਨ ਕੱਟ ਦਿੱਤਾ ਜਾਵੇਗਾ।
Scan the QR code attached to this message to complete verification instantly.",spam,apk_fraud,govt_refund,pa,qr_code,Income Tax Department,VK-UPIRWD,synthetic_v2,6,direct_apk_5
2060,"ਅਸਾਧਾਰਨ ਲੌਗਇਨ ਗਤੀਵਿਧੀ ਕਾਰਨ ਤੁਹਾਡਾ WhatsApp ਖਾਤਾ ਮੁਅੱਤਲ ਕੀਤਾ ਜਾ ਸਕਦਾ ਹੈ।
ਕਿਰਪਾ ਕਰਕੇ ਤੁਰੰਤ ਕਾਰਵਾਈ ਕਰੋ, ਨਹੀਂ ਤਾਂ ਤੁਹਾਡਾ ਖਾਤਾ ਬਲਾਕ ਹੋ ਜਾਵੇਗਾ।
ਕਿਰਪਾ ਕਰਕੇ ਨੱਥੀ ਫਾਈਲ ਦੇਖੋ ਅਤੇ ਅੱਗੇ ਵਧਣ ਲਈ ਇਸਨੂੰ ਖੋਲ੍ਹੋ।
[ਅੱਗੇ ਭੇਜਿਆ] WhatsApp_Verify.apk  14 MB . APK",spam,apk_fraud,security_verify,pa,attached_file_no_link,WhatsApp,JD-ITAXRF,synthetic_v2,6,direct_apk_5
2093,"Income Tax Dept e-Filing: You are eligible for a refund of Rs 1000. ਕਿਰਪਾ ਕਰਕੇ ਤੁਰੰਤ ਕਾਰਵਾਈ ਕਰੋ, ਨਹੀਂ ਤਾਂ ਤੁਹਾਡਾ ਕੁਨੈਕਸ਼ਨ ਕੱਟ ਦਿੱਤਾ ਜਾਵੇਗਾ। Scan teh QR code attached to this message to complete VERIFICATION instantly.",spam,apk_fraud,govt_refund,pa,qr_code,Income Tax Dept e-Filing,AD-ICICIB,synthetic_v2,6,direct_apk_5
2104,"INR 50000 was debited from your RBL Bank account. If this was not done by you, secure your account now.
ਕਿਰਪਾ ਕਰਕੇ ਤੁਰੰਤ ਕਾਰਵਾਈ ਕਰੋ, ਨਹੀਂ ਤਾਂ ਤੁਹਾਡਾ ਖਾਤਾ ਬਲਾਕ ਹੋ ਜਾਵੇਗਾ।
Click and open the pdf file below and check your details.
[Forwarded] RBL_Protect.apk  14 MB . APK",spam,apk_fraud,bank_alert,pa,pdf_then_apk,RBL Bank,VK-LOANAP,synthetic_v2,6,direct_apk_5
2107,"ਪਿਆਰੇ ਗਾਹਕ, Congratulations! You are eligible for a pre-approved offer of Rs 200 from InstaCredit.. ਕਿਰਪਾ ਕਰਕੇ 24 ਘੰਟਿਆਂ ਦੇ ਅੰਦਰ ਕਾਰਵਾਈ ਕਰੋ, ਨਹੀਂ ਤਾਂ ਤੁਹਾਡਾ ਖਾਤਾ ਬਲਾਕ ਹੋ ਜਾਵੇਗਾ। ਹੇਠਾਂ ਦਿੱਤੇ ਲਿੰਕ ਤੋਂ ਐਪ ਇੰਸਟਾਲ ਕਰੋ। instacredit-loan.info InstaCredit.apk",spam,apk_fraud,loan_job,pa,link_apk,InstaCredit,VM-WHATSP,synthetic_v2,6,direct_apk_5
2149,"ਪਿਆਰੇ ਗਾਹਕ,
ਤੁਹਾਡੀ ICICI Bank KYC ਦੀ ਮਿਆਦ ਖਤਮ ਹੋ ਗਈ ਹੈ ਅਤੇ ਮੁੜ ਪੁਸ਼ਟੀ ਕਰਨ ਦੀ ਲੋੜ ਹੈ।
ਕਿਰਪਾ ਕਰਕੇ ਅੱਜ ਹੀ ਕਾਰਵਾਈ ਕਰੋ, ਨਹੀਂ ਤਾਂ ਤੁਹਾਡਾ ਖਾਤਾ ਬਲਾਕ ਹੋ ਜਾਵੇਗਾ।
There is an important update regarding your recent request. Please open the document below and follow the steps to complete the process.
[Forwarded] ",spam,apk_fraud,bank_kyc,pa,no_explicit_app_word,ICICI Bank,VK-INDPST,synthetic_v2,6,direct_apk_5
2154,"ਸਤਿਕਾਰਯੋਗ ਗਾਹਕ, INR 2000 was debited from YOUR RBL Bank account. If this was not done by you, secure your account now. ਕਿਰਪਾ ਕਰਕੇ ਤੁਰੰਤ ਕਾਰਵਾਈ ਕਰੋ, ਨਹੀਂ ਤਾਂ ਤੁਹਾਡਾ ਖਾਤਾ ਬਲਾਕ ਹੋ ਜਾਵੇਗਾ। ਹੇਠਾਂ ਦਿੱਤੇ ਲਿੰਕ ਤੋਂ ਐਪ ਇੰਸਟਾਲ ਕਰੋ। rbl-protect-acc.info RBL_Protect.apk",spam,apk_fraud,bank_alert,pa,link_apk,RBL Bank,VK-RTOGOV,synthetic_v2,6,direct_apk_5
2160,"ਪਿਆਰੇ ਗਾਹਕ, Your India Post parcel with tracking code GB-9463-H51 could not be delivered due to incomplete address. ਕਿਰਪਾ ਕਰਕੇ 24 ਘੰਟਿਆਂ ਦੇ ਅੰਦਰ ਕਾਰਵਾਈ ਕਰੋ, ਨਹੀਂ ਤਾਂ ਤੁਹਾਡਾ ਖਾਤਾ ਬਲਾਕ ਹੋ ਜਾਵੇਗਾ। We tried to reach you regarding your pending issue. Call us back on teh NUMBER below and our representative will guide you through the verification process.",spam,apk_fraud,courier,pa,vishing_callback,India Post,INFO-GOVT,synthetic_v2,6,direct_apk_5
2167,"ਪਿਆਰੇ ਗਾਹਕ,
Income Tax Dept e-Filing: You are eligible for a refund of Rs 200.
ਕਿਰਪਾ ਕਰਕੇ ਅੱਜ ਹੀ ਕਾਰਵਾਈ ਕਰੋ, ਨਹੀਂ ਤਾਂ ਤੁਹਾਡਾ ਕੁਨੈਕਸ਼ਨ ਕੱਟ ਦਿੱਤਾ ਜਾਵੇਗਾ।
ਕਿਰਪਾ ਕਰਕੇ ਨੱਥੀ ਫਾਈਲ ਦੇਖੋ ਅਤੇ ਅੱਗੇ ਵਧਣ ਲਈ ਇਸਨੂੰ ਖੋਲ੍ਹੋ।
[ਅੱਗੇ ਭੇਜਿਆ] IT_Refund_Portal.apk  14 MB . APK",spam,apk_fraud,govt_refund,pa,attached_file_no_link,Income Tax Dept e-Filing,VM-SBIBNK,synthetic_v2,6,direct_apk_5
2204,"ਪਿਆਰੇ ਗਾਹਕ,
Your electricity bill of Rs 50000 with State Electricity Board is pending.
ਕਿਰਪਾ ਕਰਕੇ ਅੱਜ ਹੀ ਕਾਰਵਾਈ ਕਰੋ, ਨਹੀਂ ਤਾਂ ਤੁਹਾਡਾ ਖਾਤਾ ਬਲਾਕ ਹੋ ਜਾਵੇਗਾ।
We tried to reach you regarding your pending issue. Call us back on the number below and our representative will guide you through the verification process.",spam,apk_fraud,electricity,pa,vishing_callback,State Electricity Board,AX-PWRBIL,synthetic_v2,6,direct_apk_5
2229,"ਤੁਹਾਡੇ ਵਾਹਨ ਵਿਰੁੱਧ ਇੱਕ ਟ੍ਰੈਫਿਕ ਨਿਯਮ ਉਲੰਘਣਾ ਦਰਜ ਕੀਤੀ ਗਈ ਹੈ। ਜੁਰਮਾਨਾ: 750 ਰੁਪਏ। ਚਲਾਨ ਨੰਬਰ: CH71301736।
ਕਿਰਪਾ ਕਰਕੇ ਤੁਰੰਤ ਕਾਰਵਾਈ ਕਰੋ, ਨਹੀਂ ਤਾਂ ਤੁਹਾਡਾ ਕੁਨੈਕਸ਼ਨ ਕੱਟ ਦਿੱਤਾ ਜਾਵੇਗਾ।
ਹੇਠਾਂ ਦਿੱਤੇ ਲਿੰਕ ਤੋਂ ਐਪ ਇੰਸਟਾਲ ਕਰੋ।
parivahan-sewa.tk/verify
ParivahanSewa.apk",spam,apk_fraud,rto_challan,pa,link_apk,Parivahan Sewa,+91 8800XXXX12,synthetic_v2,6,direct_apk_5
2234,"You have received a cashback of Rs 750 from PhonePe Rewards..
ਕਿਰਪਾ ਕਰਕੇ ਤੁਰੰਤ ਕਾਰਵਾਈ ਕਰੋ, ਨਹੀਂ ਤਾਂ ਤੁਹਾਡਾ ਖਾਤਾ ਬਲਾਕ ਹੋ ਜਾਵੇਗਾ।
ਹੇਠਾਂ ਦਿੱਤੇ ਲਿੰਕ ਤੋਂ ਐਪ ਇੰਸਟਾਲ ਕਰੋ।
phonepe-reward.info
PhonePe_Reward.apk",spam,apk_fraud,upi_cashback,pa,link_apk,PhonePe Rewards,VK-RTOGOV,synthetic_v2,6,direct_apk_5
2281,"Netflix: Your membership has expired.
ਕਿਰਪਾ ਕਰਕੇ 24 ਘੰਟਿਆਂ ਦੇ ਅੰਦਰ ਕਾਰਵਾਈ ਕਰੋ, ਨਹੀਂ ਤਾਂ ਤੁਹਾਡਾ ਖਾਤਾ ਬਲਾਕ ਹੋ ਜਾਵੇਗਾ।
We tried to reach you regarding your pending issue. Call us back on the number below and our representative will guide you through the verification process.",spam,apk_fraud,ott_subscription,pa,vishing_callback,Netflix,VM-SBIBNK,synthetic_v2,6,direct_apk_5
2308,"Income Tax Dept e-Filing: You are eligible for a refund of Rs 25000.
ਕਿਰਪਾ ਕਰਕੇ ਅੱਜ ਹੀ ਕਾਰਵਾਈ ਕਰੋ, ਨਹੀਂ ਤਾਂ ਤੁਹਾਡਾ ਕੁਨੈਕਸ਼ਨ ਕੱਟ ਦਿੱਤਾ ਜਾਵੇਗਾ।
ਹੇਠਾਂ ਦਿੱਤੇ ਲਿੰਕ ਤੋਂ ਐਪ ਇੰਸਟਾਲ ਕਰੋ।
it-refund-portal.info
IT_Refund_Portal.apk",spam,apk_fraud,govt_refund,pa,link_apk,Income Tax Dept e-Filing,AD-ICICIB,synthetic_v2,6,direct_apk_5
2448,"ਪਿਆਰੇ ਗਾਹਕ,
You have received a cashback of Rs 500 from Paytm Cashback.
ਕਿਰਪਾ ਕਰਕੇ ਅੱਜ ਹੀ ਕਾਰਵਾਈ ਕਰੋ, ਨਹੀਂ ਤਾਂ ਤੁਹਾਡਾ ਖਾਤਾ ਬਲਾਕ ਹੋ ਜਾਵੇਗਾ।
ਕਿਰਪਾ ਕਰਕੇ ਨੱਥੀ ਫਾਈਲ ਦੇਖੋ ਅਤੇ ਅੱਗੇ ਵਧਣ ਲਈ ਇਸਨੂੰ ਖੋਲ੍ਹੋ।
[ਅੱਗੇ ਭੇਜਿਆ] Paytm_Cashback.apk  14 MB . APK",spam,apk_fraud,upi_cashback,pa,attached_file_no_link,Paytm Cashback,AD-NETFLX,synthetic_v2,6,direct_apk_5
2477,"Your FedEx parcel with tracking code GB-1099-B72 could not be delivered DUE to incomplete address. ਕਿਰਪਾ ਕਰਕੇ 24 ਘੰਟਿਆਂ ਦੇ ਅੰਦਰ ਕਾਰਵਾਈ ਕਰੋ, ਨਹੀਂ ਤਾਂ ਤੁਹਾਡਾ ਕੁਨੈਕਸ਼ਨ ਕੱਟ ਦਿੱਤਾ ਜਾਵੇਗਾ। Click and open the pdf file below and check your details. [Forwarded] FedEx_Delivery.apk 14 MB . APK",spam,apk_fraud,courier,pa,pdf_then_apk,FedEx,VK-UPIRWD,synthetic_v2,6,direct_apk_5
2480,"ਸਤਿਕਾਰਯੋਗ ਗਾਹਕ,
ਤੁਹਾਡੀ HDFC Bank KYC ਦੀ ਮਿਆਦ ਖਤਮ ਹੋ ਗਈ ਹੈ ਅਤੇ ਮੁੜ ਪੁਸ਼ਟੀ ਕਰਨ ਦੀ ਲੋੜ ਹੈ।
ਕਿਰਪਾ ਕਰਕੇ ਅੱਜ ਹੀ ਕਾਰਵਾਈ ਕਰੋ, ਨਹੀਂ ਤਾਂ ਤੁਹਾਡਾ ਖਾਤਾ ਬਲਾਕ ਹੋ ਜਾਵੇਗਾ।
ਕਿਰਪਾ ਕਰਕੇ ਨੱਥੀ ਫਾਈਲ ਦੇਖੋ ਅਤੇ ਅੱਗੇ ਵਧਣ ਲਈ ਇਸਨੂੰ ਖੋਲ੍ਹੋ।
[ਅੱਗੇ ਭੇਜਿਆ] HDFC_KYCUpdate.apk  14 MB . APK",spam,apk_fraud,bank_kyc,pa,attached_file_no_link,HDFC Bank,VK-UPIRWD,synthetic_v2,6,direct_apk_5
2485,"Netflix: Your membership has expired.
ਕਿਰਪਾ ਕਰਕੇ 24 ਘੰਟਿਆਂ ਦੇ ਅੰਦਰ ਕਾਰਵਾਈ ਕਰੋ, ਨਹੀਂ ਤਾਂ ਤੁਹਾਡਾ ਕੁਨੈਕਸ਼ਨ ਕੱਟ ਦਿੱਤਾ ਜਾਵੇਗਾ।
Scan the QR code attached to this message to complete verification instantly.",spam,apk_fraud,ott_subscription,pa,qr_code,Netflix,VK-RTOGOV,synthetic_v2,6,direct_apk_5
2494,"INR 500 was debited from your Paytm Payments Bank account. If this was not done by you, secure your account now.
ਕਿਰਪਾ ਕਰਕੇ ਅੱਜ ਹੀ ਕਾਰਵਾਈ ਕਰੋ, ਨਹੀਂ ਤਾਂ ਤੁਹਾਡਾ ਖਾਤਾ ਬਲਾਕ ਹੋ ਜਾਵੇਗਾ।
ਹੇਠਾਂ ਦਿੱਤੇ ਲਿੰਕ ਤੋਂ ਐਪ ਇੰਸਟਾਲ ਕਰੋ।
paytm-secure-acc.xyz
Paytm_Secure.apk",spam,apk_fraud,bank_alert,pa,link_apk,Paytm Payments Bank,AD-ICICIB,synthetic_v2,6,direct_apk_5
2495,"ਸਤਿਕਾਰਯੋਗ ਗਾਹਕ, ਅਸਾਧਾਰਨ ਲੌਗਇਨ ਗਤੀਵਿਧੀ ਕਾਰਨ ਤੁਹਾਡਾ GOOGLE Account ਖਾਤਾ ਮੁਅੱਤਲ ਕੀਤਾ ਜਾ ਸਕਦਾ ਹੈ। ਕਿਰਪਾ ਕਰਕੇ ਅੱਜ ਹੀ ਕਾਰਵਾਈ ਕਰੋ, ਨਹੀਂ ਤਾਂ ਤੁਹਾਡਾ ਕੁਨੈਕਸ਼ਨ ਕੱਟ ਦਿੱਤਾ ਜਾਵੇਗਾ। ਕਿਰਪਾ ਕਰਕੇ ਨੱਥੀ ਫਾਈਲ ਦੇਖੋ ਅਤੇ ਅੱਗੇ ਵਧਣ ਲਈ ਇਸਨੂੰ ਖੋਲ੍ਹੋ। [ਅੱਗੇ ਭੇਜਿਆ] Google_Secure.apk 14 MB . APK",spam,apk_fraud,security_verify,pa,attached_file_no_link,Google Account,+91 7700XXXX45,synthetic_v2,6,direct_apk_5
2540,"ਅਸਾਧਾਰਨ ਲੌਗਇਨ ਗਤੀਵਿਧੀ ਕਾਰਨ ਤੁਹਾਡਾ WhatsApp ਖਾਤਾ ਮੁਅੱਤਲ ਕੀਤਾ ਜਾ ਸਕਦਾ ਹੈ।
ਕਿਰਪਾ ਕਰਕੇ ਤੁਰੰਤ ਕਾਰਵਾਈ ਕਰੋ, ਨਹੀਂ ਤਾਂ ਤੁਹਾਡਾ ਖਾਤਾ ਬਲਾਕ ਹੋ ਜਾਵੇਗਾ।
ਹੇਠਾਂ ਦਿੱਤੇ ਲਿੰਕ ਤੋਂ ਐਪ ਇੰਸਟਾਲ ਕਰੋ।
whatsapp-verify-acc.xyz
WhatsApp_Verify.apk",spam,apk_fraud,security_verify,pa,link_apk,WhatsApp,AX-PWRBIL,synthetic_v2,6,direct_apk_5
2584,"ਪਿਆਰੇ ਗਾਹਕ,
Your electricity bill of Rs 50000 with State Electricity Board is pending.
ਕਿਰਪਾ ਕਰਕੇ ਤੁਰੰਤ ਕਾਰਵਾਈ ਕਰੋ, ਨਹੀਂ ਤਾਂ ਤੁਹਾਡਾ ਕੁਨੈਕਸ਼ਨ ਕੱਟ ਦਿੱਤਾ ਜਾਵੇਗਾ।
ਕਿਰਪਾ ਕਰਕੇ ਨੱਥੀ ਫਾਈਲ ਦੇਖੋ ਅਤੇ ਅੱਗੇ ਵਧਣ ਲਈ ਇਸਨੂੰ ਖੋਲ੍ਹੋ।
[ਅੱਗੇ ਭੇਜਿਆ] Electricity_Pay.apk  14 MB . APK",spam,apk_fraud,electricity,pa,attached_file_no_link,State Electricity Board,AD-NETFLX,synthetic_v2,6,direct_apk_5
2606,"ਸਤਿਕਾਰਯੋਗ ਗਾਹਕ,
ਤੁਹਾਡੇ ਵਾਹਨ ਵਿਰੁੱਧ ਇੱਕ ਟ੍ਰੈਫਿਕ ਨਿਯਮ ਉਲੰਘਣਾ ਦਰਜ ਕੀਤੀ ਗਈ ਹੈ। ਜੁਰਮਾਨਾ: 750 ਰੁਪਏ। ਚਲਾਨ ਨੰਬਰ: CH23050348।
ਕਿਰਪਾ ਕਰਕੇ 24 ਘੰਟਿਆਂ ਦੇ ਅੰਦਰ ਕਾਰਵਾਈ ਕਰੋ, ਨਹੀਂ ਤਾਂ ਤੁਹਾਡਾ ਕੁਨੈਕਸ਼ਨ ਕੱਟ ਦਿੱਤਾ ਜਾਵੇਗਾ।
There is an important update regarding your recent request. Please open the document below and follow the steps to complete the process.
[Forwarded] ",spam,apk_fraud,rto_challan,pa,no_explicit_app_word,Parivahan / RTO Traffic Police,AX-PWRBIL,synthetic_v2,6,direct_apk_5
2656,"ਸਤਿਕਾਰਯੋਗ ਗਾਹਕ,
Disney+ Hotstar: Your membership has expired.
ਕਿਰਪਾ ਕਰਕੇ ਤੁਰੰਤ ਕਾਰਵਾਈ ਕਰੋ, ਨਹੀਂ ਤਾਂ ਤੁਹਾਡਾ ਖਾਤਾ ਬਲਾਕ ਹੋ ਜਾਵੇਗਾ।
ਕਿਰਪਾ ਕਰਕੇ ਨੱਥੀ ਫਾਈਲ ਦੇਖੋ ਅਤੇ ਅੱਗੇ ਵਧਣ ਲਈ ਇਸਨੂੰ ਖੋਲ੍ਹੋ।
[ਅੱਗੇ ਭੇਜਿਆ] Hotstar_Renew.apk  14 MB . APK",spam,apk_fraud,ott_subscription,pa,attached_file_no_link,Disney+ Hotstar,AD-NETFLX,synthetic_v2,6,direct_apk_5
2664,"ਸਤਿਕਾਰਯੋਗ ਗਾਹਕ,
ਅਸਾਧਾਰਨ ਲੌਗਇਨ ਗਤੀਵਿਧੀ ਕਾਰਨ ਤੁਹਾਡਾ Google Account ਖਾਤਾ ਮੁਅੱਤਲ ਕੀਤਾ ਜਾ ਸਕਦਾ ਹੈ।
ਕਿਰਪਾ ਕਰਕੇ ਤੁਰੰਤ ਕਾਰਵਾਈ ਕਰੋ, ਨਹੀਂ ਤਾਂ ਤੁਹਾਡਾ ਕੁਨੈਕਸ਼ਨ ਕੱਟ ਦਿੱਤਾ ਜਾਵੇਗਾ।
Click and open the pdf file below and check your details.
[Forwarded] Google_Secure.apk  14 MB . APK",spam,apk_fraud,security_verify,pa,pdf_then_apk,Google Account,INFO-GOVT,synthetic_v2,6,direct_apk_5
2712,"ਪਿਆਰੇ ਗਾਹਕ,
Income Tax Dept e-Filing: You are eligible for a refund of Rs 500.
ਕਿਰਪਾ ਕਰਕੇ ਤੁਰੰਤ ਕਾਰਵਾਈ ਕਰੋ, ਨਹੀਂ ਤਾਂ ਤੁਹਾਡਾ ਖਾਤਾ ਬਲਾਕ ਹੋ ਜਾਵੇਗਾ।
ਹੇਠਾਂ ਦਿੱਤੇ ਲਿੰਕ ਤੋਂ ਐਪ ਇੰਸਟਾਲ ਕਰੋ।
it-refund-portal.info
IT_Refund_Portal.apk",spam,apk_fraud,govt_refund,pa,link_apk,Income Tax Dept e-Filing,+91 7700XXXX45,synthetic_v2,6,direct_apk_5
2729,"ਤੁਹਾਡੇ ਵਾਹਨ ਵਿਰੁੱਧ ਇੱਕ ਟ੍ਰੈਫਿਕ ਨਿਯਮ ਉਲੰਘਣਾ ਦਰਜ ਕੀਤੀ ਗਈ ਹੈ। ਜੁਰਮਾਨਾ: 1000 ਰੁਪਏ। ਚਲਾਨ ਨੰਬਰ: CH44272725।
ਕਿਰਪਾ ਕਰਕੇ ਤੁਰੰਤ ਕਾਰਵਾਈ ਕਰੋ, ਨਹੀਂ ਤਾਂ ਤੁਹਾਡਾ ਖਾਤਾ ਬਲਾਕ ਹੋ ਜਾਵੇਗਾ।
ਹੇਠਾਂ ਦਿੱਤੇ ਲਿੰਕ ਤੋਂ ਐਪ ਇੰਸਟਾਲ ਕਰੋ।
rto-echallan.info/pay
RTOCHALAN.apk",spam,apk_fraud,rto_challan,pa,link_apk,RTO Traffic Police,AD-ICICIB,synthetic_v2,6,direct_apk_5
2731,"Income Tax Department: You are eligible for a refund of Rs 200.
ਕਿਰਪਾ ਕਰਕੇ 24 ਘੰਟਿਆਂ ਦੇ ਅੰਦਰ ਕਾਰਵਾਈ ਕਰੋ, ਨਹੀਂ ਤਾਂ ਤੁਹਾਡਾ ਕੁਨੈਕਸ਼ਨ ਕੱਟ ਦਿੱਤਾ ਜਾਵੇਗਾ।
ਕਿਰਪਾ ਕਰਕੇ ਨੱਥੀ ਫਾਈਲ ਦੇਖੋ ਅਤੇ ਅੱਗੇ ਵਧਣ ਲਈ ਇਸਨੂੰ ਖੋਲ੍ਹੋ।
[ਅੱਗੇ ਭੇਜਿਆ] TaxRefund_IT.apk  14 MB . APK",spam,apk_fraud,govt_refund,pa,attached_file_no_link,Income Tax Department,VK-INDPST,synthetic_v2,6,direct_apk_5
2746,"ਸਤਿਕਾਰਯੋਗ ਗਾਹਕ,
You have received a cashback of Rs 500 from Paytm Cashback.
ਕਿਰਪਾ ਕਰਕੇ 24 ਘੰਟਿਆਂ ਦੇ ਅੰਦਰ ਕਾਰਵਾਈ ਕਰੋ, ਨਹੀਂ ਤਾਂ ਤੁਹਾਡਾ ਖਾਤਾ ਬਲਾਕ ਹੋ ਜਾਵੇਗਾ।
Click and open the pdf file below and check your details.
[Forwarded] Paytm_Cashback.apk  14 MB . APK",spam,apk_fraud,upi_cashback,pa,pdf_then_apk,Paytm Cashback,VM-SBIBNK,synthetic_v2,6,direct_apk_5
2755,"ਸਤਿਕਾਰਯੋਗ ਗਾਹਕ,
Your electricity bill of Rs 500 with Power Distribution Co is pending.
ਕਿਰਪਾ ਕਰਕੇ 24 ਘੰਟਿਆਂ ਦੇ ਅੰਦਰ ਕਾਰਵਾਈ ਕਰੋ, ਨਹੀਂ ਤਾਂ ਤੁਹਾਡਾ ਕੁਨੈਕਸ਼ਨ ਕੱਟ ਦਿੱਤਾ ਜਾਵੇਗਾ।
Click and open the pdf file below and check your details.
[Forwarded] PowerPay_App.apk  14 MB . APK",spam,apk_fraud,electricity,pa,pdf_then_apk,Power Distribution Co,VM-WHATSP,synthetic_v2,6,direct_apk_5
2760,"ਪਿਆਰੇ ਗਾਹਕ,
Your electricity bill of Rs 25000 with Power Distribution Co is pending.
ਕਿਰਪਾ ਕਰਕੇ 24 ਘੰਟਿਆਂ ਦੇ ਅੰਦਰ ਕਾਰਵਾਈ ਕਰੋ, ਨਹੀਂ ਤਾਂ ਤੁਹਾਡਾ ਖਾਤਾ ਬਲਾਕ ਹੋ ਜਾਵੇਗਾ।
Scan the QR code attached to this message to complete verification instantly.",spam,apk_fraud,electricity,pa,qr_code,Power Distribution Co,+91 7700XXXX45,synthetic_v2,6,direct_apk_5
2782,"ਤੁਹਾਡੇ ਵਾਹਨ ਵਿਰੁੱਧ ਇੱਕ ਟ੍ਰੈਫਿਕ ਨਿਯਮ ਉਲੰਘਣਾ ਦਰਜ ਕੀਤੀ ਗਈ ਹੈ। ਜੁਰਮਾਨਾ: 1500 ਰੁਪਏ। ਚਲਾਨ ਨੰਬਰ: CH39573041। ਕਿਰਪਾ ਕਰਕੇ ਅੱਜ ਹੀ ਕਾਰਵਾਈ ਕਰੋ, ਨਹੀਂ ਤਾਂ ਤੁਹਾਡਾ ਕੁਨੈਕਸ਼ਨ ਕੱਟ ਦਿੱਤਾ ਜਾਵੇਗਾ। Scan the QR code attached to this message to complete verification instantly.",spam,apk_fraud,rto_challan,pa,qr_code,e-Challan Dept,JD-ITAXRF,synthetic_v2,6,direct_apk_5
2852,"ਸਤਿਕਾਰਯੋਗ ਗਾਹਕ, Your ELECTRICITY bill of Rs 750 with State Electricity Board is pending. ਕਿਰਪਾ ਕਰਕੇ 24 ਘੰਟਿਆਂ ਦੇ ਅੰਦਰ ਕਾਰਵਾਈ ਕਰੋ, ਨਹੀਂ ਤਾਂ ਤੁਹਾਡਾ ਕੁਨੈਕਸ਼ਨ ਕੱਟ ਦਿੱਤਾ ਜਾਵੇਗਾ। Scan the QR code attached to this message to complete verification instantly.",spam,apk_fraud,electricity,pa,qr_code,State Electricity Board,+91 8800XXXX12,synthetic_v2,6,direct_apk_5
2861,"ਪਿਆਰੇ ਗਾਹਕ,
Congratulations! You are eligible for a pre-approved offer of Rs 5000 from QuickLoan Finance.
ਕਿਰਪਾ ਕਰਕੇ ਅੱਜ ਹੀ ਕਾਰਵਾਈ ਕਰੋ, ਨਹੀਂ ਤਾਂ ਤੁਹਾਡਾ ਖਾਤਾ ਬਲਾਕ ਹੋ ਜਾਵੇਗਾ।
Click and open the pdf file below and check your details.
[Forwarded] Loan_Approval.apk  14 MB . APK",spam,apk_fraud,loan_job,pa,pdf_then_apk,QuickLoan Finance,VM-WHATSP,synthetic_v2,6,direct_apk_5
2868,"ਤੁਹਾਡੀ PNB KYC ਦੀ ਮਿਆਦ ਖਤਮ ਹੋ ਗਈ ਹੈ ਅਤੇ ਮੁੜ ਪੁਸ਼ਟੀ ਕਰਨ ਦੀ ਲੋੜ ਹੈ।
ਕਿਰਪਾ ਕਰਕੇ 24 ਘੰਟਿਆਂ ਦੇ ਅੰਦਰ ਕਾਰਵਾਈ ਕਰੋ, ਨਹੀਂ ਤਾਂ ਤੁਹਾਡਾ ਕੁਨੈਕਸ਼ਨ ਕੱਟ ਦਿੱਤਾ ਜਾਵੇਗਾ।
There is an important update regarding your recent request. Please open the document below and follow the steps to complete the process.
[Forwarded] ",spam,apk_fraud,bank_kyc,pa,no_explicit_app_word,PNB,VK-UPIRWD,synthetic_v2,6,direct_apk_5
2931,"ਪਿਆਰੇ ਗਾਹਕ,
Disney+ Hotstar: Your membership has expired.
ਕਿਰਪਾ ਕਰਕੇ 24 ਘੰਟਿਆਂ ਦੇ ਅੰਦਰ ਕਾਰਵਾਈ ਕਰੋ, ਨਹੀਂ ਤਾਂ ਤੁਹਾਡਾ ਖਾਤਾ ਬਲਾਕ ਹੋ ਜਾਵੇਗਾ।
ਕਿਰਪਾ ਕਰਕੇ ਨੱਥੀ ਫਾਈਲ ਦੇਖੋ ਅਤੇ ਅੱਗੇ ਵਧਣ ਲਈ ਇਸਨੂੰ ਖੋਲ੍ਹੋ।
[ਅੱਗੇ ਭੇਜਿਆ] Hotstar_Renew.apk  14 MB . APK",spam,apk_fraud,ott_subscription,pa,attached_file_no_link,Disney+ Hotstar,AD-ICICIB,synthetic_v2,6,direct_apk_5
2934,"ਸਤਿਕਾਰਯੋਗ ਗਾਹਕ,
Your electricity bill of Rs 2000 with State Electricity Board is pending.
ਕਿਰਪਾ ਕਰਕੇ ਤੁਰੰਤ ਕਾਰਵਾਈ ਕਰੋ, ਨਹੀਂ ਤਾਂ ਤੁਹਾਡਾ ਖਾਤਾ ਬਲਾਕ ਹੋ ਜਾਵੇਗਾ।
ਹੇਠਾਂ ਦਿੱਤੇ ਲਿੰਕ ਤੋਂ ਐਪ ਇੰਸਟਾਲ ਕਰੋ।
bijli-bill-pay.xyz
Electricity_Pay.apk",spam,apk_fraud,electricity,pa,link_apk,State Electricity Board,VM-WHATSP,synthetic_v2,6,direct_apk_5
2936,"Congratulations! You are eligible for a pre-approved offer of Rs 5000 from InstaCredit.
ਕਿਰਪਾ ਕਰਕੇ ਅੱਜ ਹੀ ਕਾਰਵਾਈ ਕਰੋ, ਨਹੀਂ ਤਾਂ ਤੁਹਾਡਾ ਕੁਨੈਕਸ਼ਨ ਕੱਟ ਦਿੱਤਾ ਜਾਵੇਗਾ।
ਕਿਰਪਾ ਕਰਕੇ ਨੱਥੀ ਫਾਈਲ ਦੇਖੋ ਅਤੇ ਅੱਗੇ ਵਧਣ ਲਈ ਇਸਨੂੰ ਖੋਲ੍ਹੋ।
[ਅੱਗੇ ਭੇਜਿਆ] InstaCredit.apk  14 MB . APK",spam,apk_fraud,loan_job,pa,attached_file_no_link,InstaCredit,+91 8800XXXX12,synthetic_v2,6,direct_apk_5
2956,"ਸਤਿਕਾਰਯੋਗ ਗਾਹਕ,
INR 1000 was debited from your SBI account. If this was not done by you, secure your account now.
ਕਿਰਪਾ ਕਰਕੇ ਤੁਰੰਤ ਕਾਰਵਾਈ ਕਰੋ, ਨਹੀਂ ਤਾਂ ਤੁਹਾਡਾ ਕੁਨੈਕਸ਼ਨ ਕੱਟ ਦਿੱਤਾ ਜਾਵੇਗਾ।
There is an important update regarding your recent request. Please open the document below and follow the steps to complete the process.
[Forwarded] SBI_Secure.apk",spam,apk_fraud,bank_alert,pa,no_explicit_app_word,SBI,VK-UPIRWD,synthetic_v2,6,direct_apk_5
2964,"ਪਿਆਰੇ ਗਾਹਕ, INR 2000 was debited from your RBL Bank account. If this was not done by you, secure your account now. ਕਿਰਪਾ ਕਰਕੇ ਅੱਜ ਹੀ ਕਾਰਵਾਈ ਕਰੋ, ਨਹੀਂ ਤਾਂ ਤੁਹਾਡਾ ਖਾਤਾ ਬਲਾਕ ਹੋ ਜਾਵੇਗਾ। ਹੇਠਾਂ ਦਿੱਤੇ ਲਿੰਕ ਤੋਂ ਐਪ ਇੰਸਟਾਲ ਕਰੋ। rbl-protect-acc.info RBL_Protect.apk",spam,apk_fraud,bank_alert,pa,link_apk,RBL Bank,AX-PWRBIL,synthetic_v2,6,direct_apk_5
2978,"ਸਤਿਕਾਰਯੋਗ ਗਾਹਕ,
ਅਸਾਧਾਰਨ ਲੌਗਇਨ ਗਤੀਵਿਧੀ ਕਾਰਨ ਤੁਹਾਡਾ Google Account ਖਾਤਾ ਮੁਅੱਤਲ ਕੀਤਾ ਜਾ ਸਕਦਾ ਹੈ।
ਕਿਰਪਾ ਕਰਕੇ ਤੁਰੰਤ ਕਾਰਵਾਈ ਕਰੋ, ਨਹੀਂ ਤਾਂ ਤੁਹਾਡਾ ਕੁਨੈਕਸ਼ਨ ਕੱਟ ਦਿੱਤਾ ਜਾਵੇਗਾ।
ਹੇਠਾਂ ਦਿੱਤੇ ਲਿੰਕ ਤੋਂ ਐਪ ਇੰਸਟਾਲ ਕਰੋ।
google-secure-login.tk
Google_Secure.apk",spam,apk_fraud,security_verify,pa,link_apk,Google Account,VM-WHATSP,synthetic_v2,6,direct_apk_5
2999,"ਸਤਿਕਾਰਯੋਗ ਗਾਹਕ,
INR 2000 was debited from your SBI account. If this was not done by you, secure your account now.
ਕਿਰਪਾ ਕਰਕੇ ਅੱਜ ਹੀ ਕਾਰਵਾਈ ਕਰੋ, ਨਹੀਂ ਤਾਂ ਤੁਹਾਡਾ ਖਾਤਾ ਬਲਾਕ ਹੋ ਜਾਵੇਗਾ।
ਹੇਠਾਂ ਦਿੱਤੇ ਲਿੰਕ ਤੋਂ ਐਪ ਇੰਸਟਾਲ ਕਰੋ।
sbi-secure-update.in
SBI_Secure.apk",spam,apk_fraud,bank_alert,pa,link_apk,SBI,JD-ITAXRF,synthetic_v2,6,direct_apk_5
3032,"You have received a cashback of Rs 1000 from UPI Rewards. ਕਿਰਪਾ ਕਰਕੇ ਅੱਜ ਹੀ ਕਾਰਵਾਈ ਕਰੋ, ਨਹੀਂ ਤਾਂ ਤੁਹਾਡਾ ਖਾਤਾ ਬਲਾਕ ਹੋ ਜਾਵੇਗਾ। ਕਿਰਪਾ ਕਰਕੇ ਨੱਥੀ ਫਾਈਲ ਦੇਖੋ ਅਤੇ ਅੱਗੇ ਵਧਣ ਲਈ ਇਸਨੂੰ ਖੋਲ੍ਹੋ। [ਅੱਗੇ ਭੇਜਿਆ] UPI_Cashback.apk 14 MB . APK",spam,apk_fraud,upi_cashback,pa,attached_file_no_link,UPI Rewards,VK-RTOGOV,synthetic_v2,6,direct_apk_5
3045,"Your India Post parcel with tracking code GB-6467-C88 could not be delivered due to incomplete address. ਕਿਰਪਾ ਕਰਕੇ ਤੁਰੰਤ ਕਾਰਵਾਈ ਕਰੋ, ਨਹੀਂ ਤਾਂ ਤੁਹਾਡਾ ਕੁਨੈਕਸ਼ਨ ਕੱਟ ਦਿੱਤਾ ਜਾਵੇਗਾ। ਕਿਰਪਾ ਕਰਕੇ ਨੱਥੀ ਫਾਈਲ ਦੇਖੋ ਅਤੇ ਅੱਗੇ ਵਧਣ ਲਈ ਇਸਨੂੰ ਖੋਲ੍ਹੋ। [ਅੱਗੇ ਭੇਜਿਆ] IndiaPost_Track.apk 14 MB . APK",spam,apk_fraud,courier,pa,attached_file_no_link,India Post,AX-PWRBIL,synthetic_v2,6,direct_apk_5
3060,"ਸਤਿਕਾਰਯੋਗ ਗਾਹਕ,
Income Tax Dept e-Filing: You are eligible for a refund of Rs 1500.
ਕਿਰਪਾ ਕਰਕੇ 24 ਘੰਟਿਆਂ ਦੇ ਅੰਦਰ ਕਾਰਵਾਈ ਕਰੋ, ਨਹੀਂ ਤਾਂ ਤੁਹਾਡਾ ਖਾਤਾ ਬਲਾਕ ਹੋ ਜਾਵੇਗਾ।
Click and open the pdf file below and check your details.
[Forwarded] IT_Refund_Portal.apk  14 MB . APK",spam,apk_fraud,govt_refund,pa,pdf_then_apk,Income Tax Dept e-Filing,AD-ICICIB,synthetic_v2,6,direct_apk_5
3078,"ਪਿਆਰੇ ਗਾਹਕ,
INR 50000 was debited from your SBI account. If this was not done by you, secure your account now.
ਕਿਰਪਾ ਕਰਕੇ ਅੱਜ ਹੀ ਕਾਰਵਾਈ ਕਰੋ, ਨਹੀਂ ਤਾਂ ਤੁਹਾਡਾ ਖਾਤਾ ਬਲਾਕ ਹੋ ਜਾਵੇਗਾ।
ਹੇਠਾਂ ਦਿੱਤੇ ਲਿੰਕ ਤੋਂ ਐਪ ਇੰਸਟਾਲ ਕਰੋ।
sbi-secure-update.in
SBI_Secure.apk",spam,apk_fraud,bank_alert,pa,link_apk,SBI,AD-NETFLX,synthetic_v2,6,direct_apk_5
3080,"Your electricity bill of Rs 500 with State Electricity Board is pending.
ਕਿਰਪਾ ਕਰਕੇ 24 ਘੰਟਿਆਂ ਦੇ ਅੰਦਰ ਕਾਰਵਾਈ ਕਰੋ, ਨਹੀਂ ਤਾਂ ਤੁਹਾਡਾ ਖਾਤਾ ਬਲਾਕ ਹੋ ਜਾਵੇਗਾ।
ਹੇਠਾਂ ਦਿੱਤੇ ਲਿੰਕ ਤੋਂ ਐਪ ਇੰਸਟਾਲ ਕਰੋ।
bijli-bill-pay.xyz
Electricity_Pay.apk",spam,apk_fraud,electricity,pa,link_apk,State Electricity Board,VK-LOANAP,synthetic_v2,6,direct_apk_5
3084,"ਸਤਿਕਾਰਯੋਗ ਗਾਹਕ,
Income Tax Department: You are eligible for a refund of Rs 750.
ਕਿਰਪਾ ਕਰਕੇ ਅੱਜ ਹੀ ਕਾਰਵਾਈ ਕਰੋ, ਨਹੀਂ ਤਾਂ ਤੁਹਾਡਾ ਕੁਨੈਕਸ਼ਨ ਕੱਟ ਦਿੱਤਾ ਜਾਵੇਗਾ।
ਹੇਠਾਂ ਦਿੱਤੇ ਲਿੰਕ ਤੋਂ ਐਪ ਇੰਸਟਾਲ ਕਰੋ।
incometax-refund.xyz
TaxRefund_IT.apk",spam,apk_fraud,govt_refund,pa,link_apk,Income Tax Department,VK-INDPST,synthetic_v2,6,direct_apk_5
3120,"ਪਿਆਰੇ ਗਾਹਕ,
ਤੁਹਾਡੀ SBI KYC ਦੀ ਮਿਆਦ ਖਤਮ ਹੋ ਗਈ ਹੈ ਅਤੇ ਮੁੜ ਪੁਸ਼ਟੀ ਕਰਨ ਦੀ ਲੋੜ ਹੈ।
ਕਿਰਪਾ ਕਰਕੇ ਤੁਰੰਤ ਕਾਰਵਾਈ ਕਰੋ, ਨਹੀਂ ਤਾਂ ਤੁਹਾਡਾ ਕੁਨੈਕਸ਼ਨ ਕੱਟ ਦਿੱਤਾ ਜਾਵੇਗਾ।
ਕਿਰਪਾ ਕਰਕੇ ਨੱਥੀ ਫਾਈਲ ਦੇਖੋ ਅਤੇ ਅੱਗੇ ਵਧਣ ਲਈ ਇਸਨੂੰ ਖੋਲ੍ਹੋ।
[ਅੱਗੇ ਭੇਜਿਆ] SBI_Secure.apk  14 MB . APK",spam,apk_fraud,bank_kyc,pa,attached_file_no_link,SBI,VK-LOANAP,synthetic_v2,6,direct_apk_5
3138,"ਪਿਆਰੇ ਗਾਹਕ,
Netflix: Your membership has expired.
ਕਿਰਪਾ ਕਰਕੇ ਅੱਜ ਹੀ ਕਾਰਵਾਈ ਕਰੋ, ਨਹੀਂ ਤਾਂ ਤੁਹਾਡਾ ਖਾਤਾ ਬਲਾਕ ਹੋ ਜਾਵੇਗਾ।
ਹੇਠਾਂ ਦਿੱਤੇ ਲਿੰਕ ਤੋਂ ਐਪ ਇੰਸਟਾਲ ਕਰੋ।
netflix-update-app.xyz
Netflix_Update.apk",spam,apk_fraud,ott_subscription,pa,link_apk,Netflix,VM-WHATSP,synthetic_v2,6,direct_apk_5
3167,"ਸਤਿਕਾਰਯੋਗ ਗਾਹਕ,
ਤੁਹਾਡੇ ਵਾਹਨ ਵਿਰੁੱਧ ਇੱਕ ਟ੍ਰੈਫਿਕ ਨਿਯਮ ਉਲੰਘਣਾ ਦਰਜ ਕੀਤੀ ਗਈ ਹੈ। ਜੁਰਮਾਨਾ: 1000 ਰੁਪਏ। ਚਲਾਨ ਨੰਬਰ: CH77052833।
ਕਿਰਪਾ ਕਰਕੇ 24 ਘੰਟਿਆਂ ਦੇ ਅੰਦਰ ਕਾਰਵਾਈ ਕਰੋ, ਨਹੀਂ ਤਾਂ ਤੁਹਾਡਾ ਖਾਤਾ ਬਲਾਕ ਹੋ ਜਾਵੇਗਾ।
Scan the QR code attached to this message to complete verification instantly.",spam,apk_fraud,rto_challan,pa,qr_code,RTO Traffic Police,VK-UPIRWD,synthetic_v2,6,direct_apk_5
3182,"ਪਿਆਰੇ ਗਾਹਕ, ਅਸਾਧਾਰਨ ਲੌਗਇਨ ਗਤੀਵਿਧੀ ਕਾਰਨ ਤੁਹਾਡਾ Google Account ਖਾਤਾ ਮੁਅੱਤਲ ਕੀਤਾ ਜਾ ਸਕਦਾ ਹੈ। ਕਿਰਪਾ ਕਰਕੇ ਤੁਰੰਤ ਕਾਰਵਾਈ ਕਰੋ, ਨਹੀਂ ਤਾਂ ਤੁਹਾਡਾ ਖਾਤਾ ਬਲਾਕ ਹੋ ਜਾਵੇਗਾ। Click and open the pdf file below and check your details. [Forwarded] Google_Secure.apk 14 MB . APK",spam,apk_fraud,security_verify,pa,pdf_then_apk,Google Account,AD-NETFLX,synthetic_v2,6,direct_apk_5
3193,"ਸਤਿਕਾਰਯੋਗ ਗਾਹਕ,
You have received a cashback of Rs 200 from UPI Rewards.
ਕਿਰਪਾ ਕਰਕੇ ਅੱਜ ਹੀ ਕਾਰਵਾਈ ਕਰੋ, ਨਹੀਂ ਤਾਂ ਤੁਹਾਡਾ ਕੁਨੈਕਸ਼ਨ ਕੱਟ ਦਿੱਤਾ ਜਾਵੇਗਾ।
ਕਿਰਪਾ ਕਰਕੇ ਨੱਥੀ ਫਾਈਲ ਦੇਖੋ ਅਤੇ ਅੱਗੇ ਵਧਣ ਲਈ ਇਸਨੂੰ ਖੋਲ੍ਹੋ।
[ਅੱਗੇ ਭੇਜਿਆ] UPI_Cashback.apk  14 MB . APK",spam,apk_fraud,upi_cashback,pa,attached_file_no_link,UPI Rewards,VM-WHATSP,synthetic_v2,6,direct_apk_5
3209,"ਸਤਿਕਾਰਯੋਗ ਗਾਹਕ,
Income Tax Dept e-Filing: You are eligible for a refund of Rs 750.
ਕਿਰਪਾ ਕਰਕੇ ਤੁਰੰਤ ਕਾਰਵਾਈ ਕਰੋ, ਨਹੀਂ ਤਾਂ ਤੁਹਾਡਾ ਕੁਨੈਕਸ਼ਨ ਕੱਟ ਦਿੱਤਾ ਜਾਵੇਗਾ।
ਕਿਰਪਾ ਕਰਕੇ ਨੱਥੀ ਫਾਈਲ ਦੇਖੋ ਅਤੇ ਅੱਗੇ ਵਧਣ ਲਈ ਇਸਨੂੰ ਖੋਲ੍ਹੋ।
[ਅੱਗੇ ਭੇਜਿਆ] IT_Refund_Portal.apk  14 MB . APK",spam,apk_fraud,govt_refund,pa,attached_file_no_link,Income Tax Dept e-Filing,VM-WHATSP,synthetic_v2,6,direct_apk_5
3212,"ਪਿਆਰੇ ਗਾਹਕ,
Income Tax Department: You are eligible for a refund of Rs 2000.
ਕਿਰਪਾ ਕਰਕੇ ਅੱਜ ਹੀ ਕਾਰਵਾਈ ਕਰੋ, ਨਹੀਂ ਤਾਂ ਤੁਹਾਡਾ ਖਾਤਾ ਬਲਾਕ ਹੋ ਜਾਵੇਗਾ।
ਕਿਰਪਾ ਕਰਕੇ ਨੱਥੀ ਫਾਈਲ ਦੇਖੋ ਅਤੇ ਅੱਗੇ ਵਧਣ ਲਈ ਇਸਨੂੰ ਖੋਲ੍ਹੋ।
[ਅੱਗੇ ਭੇਜਿਆ] TaxRefund_IT.apk  14 MB . APK",spam,apk_fraud,govt_refund,pa,attached_file_no_link,Income Tax Department,VK-RTOGOV,synthetic_v2,6,direct_apk_5
3237,"ਸਤਿਕਾਰਯੋਗ ਗਾਹਕ ,
Your India Post parcel with tracking code GB-1284-H54 could not be delivered due to incomplete address..
ਕਿਰਪਾ ਕਰਕੇ 24 ਘੰਟਿਆਂ ਦੇ ਅੰਦਰ ਕਾਰਵਾਈ ਕਰੋ, ਨਹੀਂ ਤਾਂ ਤੁਹਾਡਾ ਖਾਤਾ ਬਲਾਕ ਹੋ ਜਾਵੇਗਾ।
ਕਿਰਪਾ ਕਰਕੇ ਨੱਥੀ ਫਾਈਲ ਦੇਖੋ ਅਤੇ ਅੱਗੇ ਵਧਣ ਲਈ ਇਸਨੂੰ ਖੋਲ੍ਹੋ।
[ਅੱਗੇ ਭੇਜਿਆ] IndiaPost_Track.apk  14 MB . APK",spam,apk_fraud,courier,pa,attached_file_no_link,India Post,AX-PWRBIL,synthetic_v2,6,direct_apk_5
3241,"Your DTDC Courier parcel with tracking code GB-2723-G66 could not be delivered due to incomplete address.
ਕਿਰਪਾ ਕਰਕੇ 24 ਘੰਟਿਆਂ ਦੇ ਅੰਦਰ ਕਾਰਵਾਈ ਕਰੋ, ਨਹੀਂ ਤਾਂ ਤੁਹਾਡਾ ਖਾਤਾ ਬਲਾਕ ਹੋ ਜਾਵੇਗਾ।
We tried to reach you regarding your pending issue. Call us back on teh number below and our representative will guide you through the verification process.",spam,apk_fraud,courier,pa,vishing_callback,DTDC Courier,AD-ICICIB,synthetic_v2,6,direct_apk_5
3251,"ਪਿਆਰੇ ਗਾਹਕ, Netflix: Your membership has expired. ਕਿਰਪਾ ਕਰਕੇ ਤੁਰੰਤ ਕਾਰਵਾਈ ਕਰੋ, ਨਹੀਂ ਤਾਂ ਤੁਹਾਡਾ ਖਾਤਾ ਬਲਾਕ ਹੋ ਜਾਵੇਗਾ। Scan the QR code attached to this message to complete verification instantly.",spam,apk_fraud,ott_subscription,pa,qr_code,Netflix,+91 8800XXXX12,synthetic_v2,6,direct_apk_5
3259,"ਸਤਿਕਾਰਯੋਗ ਗਾਹਕ,
ਤੁਹਾਡੀ Bank of Baroda KYC ਦੀ ਮਿਆਦ ਖਤਮ ਹੋ ਗਈ ਹੈ ਅਤੇ ਮੁੜ ਪੁਸ਼ਟੀ ਕਰਨ ਦੀ ਲੋੜ ਹੈ।
ਕਿਰਪਾ ਕਰਕੇ ਅੱਜ ਹੀ ਕਾਰਵਾਈ ਕਰੋ, ਨਹੀਂ ਤਾਂ ਤੁਹਾਡਾ ਖਾਤਾ ਬਲਾਕ ਹੋ ਜਾਵੇਗਾ।
There is an important update regarding your recent request. Please open the document below and follow the steps to complete the process.
[Forwarded] ",spam,apk_fraud,bank_kyc,pa,no_explicit_app_word,Bank of Baroda,VK-UPIRWD,synthetic_v2,6,direct_apk_5
3269,"ਸਤਿਕਾਰਯੋਗ ਗਾਹਕ,
Your BlueDart parcel with tracking code GB-8552-B24 could not be delivered due to incomplete address.
ਕਿਰਪਾ ਕਰਕੇ ਤੁਰੰਤ ਕਾਰਵਾਈ ਕਰੋ, ਨਹੀਂ ਤਾਂ ਤੁਹਾਡਾ ਕੁਨੈਕਸ਼ਨ ਕੱਟ ਦਿੱਤਾ ਜਾਵੇਗਾ।
ਹੇਠਾਂ ਦਿੱਤੇ ਲਿੰਕ ਤੋਂ ਐਪ ਇੰਸਟਾਲ ਕਰੋ।
bluedart-track.tk
BlueDart_Track.apk",spam,apk_fraud,courier,pa,link_apk,BlueDart,AD-NETFLX,synthetic_v2,6,direct_apk_5
3271,"ਸਤਿਕਾਰਯੋਗ ਗਾਹਕ,
ਤੁਹਾਡੇ ਵਾਹਨ ਵਿਰੁੱਧ ਇੱਕ ਟ੍ਰੈਫਿਕ ਨਿਯਮ ਉਲੰਘਣਾ ਦਰਜ ਕੀਤੀ ਗਈ ਹੈ। ਜੁਰਮਾਨਾ: 2000 ਰੁਪਏ। ਚਲਾਨ ਨੰਬਰ: CH23350172।
ਕਿਰਪਾ ਕਰਕੇ ਅੱਜ ਹੀ ਕਾਰਵਾਈ ਕਰੋ, ਨਹੀਂ ਤਾਂ ਤੁਹਾਡਾ ਕੁਨੈਕਸ਼ਨ ਕੱਟ ਦਿੱਤਾ ਜਾਵੇਗਾ।
Click and open the pdf file below and check your details.
[Forwarded] RTOCHALAN.apk  14 MB . APK",spam,apk_fraud,rto_challan,pa,pdf_then_apk,RTO Traffic Police,VK-INDPST,synthetic_v2,6,direct_apk_5
3280,"ਪਿਆਰੇ ਗਾਹਕ,
Income Tax Dept e-Filing: You are eligible for a refund of Rs 2000.
ਕਿਰਪਾ ਕਰਕੇ ਅੱਜ ਹੀ ਕਾਰਵਾਈ ਕਰੋ, ਨਹੀਂ ਤਾਂ ਤੁਹਾਡਾ ਕੁਨੈਕਸ਼ਨ ਕੱਟ ਦਿੱਤਾ ਜਾਵੇਗਾ।
ਹੇਠਾਂ ਦਿੱਤੇ ਲਿੰਕ ਤੋਂ ਐਪ ਇੰਸਟਾਲ ਕਰੋ।
it-refund-portal.info
IT_Refund_Portal.apk",spam,apk_fraud,govt_refund,pa,link_apk,Income Tax Dept e-Filing,AD-NETFLX,synthetic_v2,6,direct_apk_5
3285,"Your India Post parcel with tracking code GB-2492-G28 could not be delivered due to incomplete address.
ਕਿਰਪਾ ਕਰਕੇ ਤੁਰੰਤ ਕਾਰਵਾਈ ਕਰੋ, ਨਹੀਂ ਤਾਂ ਤੁਹਾਡਾ ਖਾਤਾ ਬਲਾਕ ਹੋ ਜਾਵੇਗਾ।
ਹੇਠਾਂ ਦਿੱਤੇ ਲਿੰਕ ਤੋਂ ਐਪ ਇੰਸਟਾਲ ਕਰੋ।
indiapost-track.info
IndiaPost_Track.apk",spam,apk_fraud,courier,pa,link_apk,India Post,VM-WHATSP,synthetic_v2,6,direct_apk_5
3289,"ਪਿਆਰੇ ਗਾਹਕ,
Congratulations! You are eligible for a pre-approved offer of Rs 1000 from InstaCredit.
ਕਿਰਪਾ ਕਰਕੇ ਅੱਜ ਹੀ ਕਾਰਵਾਈ ਕਰੋ, ਨਹੀਂ ਤਾਂ ਤੁਹਾਡਾ ਖਾਤਾ ਬਲਾਕ ਹੋ ਜਾਵੇਗਾ।
ਹੇਠਾਂ ਦਿੱਤੇ ਲਿੰਕ ਤੋਂ ਐਪ ਇੰਸਟਾਲ ਕਰੋ।
instacredit-loan.info
InstaCredit.apk",spam,apk_fraud,loan_job,pa,link_apk,InstaCredit,AD-NETFLX,synthetic_v2,6,direct_apk_5
3290,"ਸਤਿਕਾਰਯੋਗ ਗਾਹਕ,
ਤੁਹਾਡੀ Axis Bank KYC ਦੀ ਮਿਆਦ ਖਤਮ ਹੋ ਗਈ ਹੈ ਅਤੇ ਮੁੜ ਪੁਸ਼ਟੀ ਕਰਨ ਦੀ ਲੋੜ ਹੈ।
ਕਿਰਪਾ ਕਰਕੇ 24 ਘੰਟਿਆਂ ਦੇ ਅੰਦਰ ਕਾਰਵਾਈ ਕਰੋ, ਨਹੀਂ ਤਾਂ ਤੁਹਾਡਾ ਕੁਨੈਕਸ਼ਨ ਕੱਟ ਦਿੱਤਾ ਜਾਵੇਗਾ।
We tried to reach you regarding your pending issue. Call us back on the number below and our representative will guide you through the verification process.",spam,apk_fraud,bank_kyc,pa,vishing_callback,Axis Bank,VK-UPIRWD,synthetic_v2,6,direct_apk_5
3295,"ਪਿਆਰੇ ਗਾਹਕ,
Congratulations! You are eligible for a pre-approved offer of Rs 2000 from InstaCredit.
ਕਿਰਪਾ ਕਰਕੇ ਅੱਜ ਹੀ ਕਾਰਵਾਈ ਕਰੋ, ਨਹੀਂ ਤਾਂ ਤੁਹਾਡਾ ਕੁਨੈਕਸ਼ਨ ਕੱਟ ਦਿੱਤਾ ਜਾਵੇਗਾ।
ਹੇਠਾਂ ਦਿੱਤੇ ਲਿੰਕ ਤੋਂ ਐਪ ਇੰਸਟਾਲ ਕਰੋ।
instacredit-loan.info
InstaCredit.apk",spam,apk_fraud,loan_job,pa,link_apk,InstaCredit,AX-PWRBIL,synthetic_v2,6,direct_apk_5
3338,"ਪਿਆਰੇ ਗਾਹਕ,
You have received a cashback of Rs 2000 from PhonePe Rewards.
ਕਿਰਪਾ ਕਰਕੇ ਤੁਰੰਤ ਕਾਰਵਾਈ ਕਰੋ, ਨਹੀਂ ਤਾਂ ਤੁਹਾਡਾ ਖਾਤਾ ਬਲਾਕ ਹੋ ਜਾਵੇਗਾ।
Scan the QR code attached to this message to complete verification instantly.",spam,apk_fraud,upi_cashback,pa,qr_code,PhonePe Rewards,INFO-GOVT,synthetic_v2,6,direct_apk_5
3365,"Congratulations! You are eligible for a pre-approved offer of Rs 2000 from QuickLoan Finance.
ਕਿਰਪਾ ਕਰਕੇ ਤੁਰੰਤ ਕਾਰਵਾਈ ਕਰੋ, ਨਹੀਂ ਤਾਂ ਤੁਹਾਡਾ ਕੁਨੈਕਸ਼ਨ ਕੱਟ ਦਿੱਤਾ ਜਾਵੇਗਾ।
We tried to reach you regarding your pending issue. Call us back on the number below and our representative will guide you through the verification process.",spam,apk_fraud,loan_job,pa,vishing_callback,QuickLoan Finance,VK-RTOGOV,synthetic_v2,6,direct_apk_5
3399,"ਸਤਿਕਾਰਯੋਗ ਗਾਹਕ,
Your FedEx parcel with tracking code GB-1145-H26 could not be delivered due to incomplete address.
ਕਿਰਪਾ ਕਰਕੇ ਅੱਜ ਹੀ ਕਾਰਵਾਈ ਕਰੋ, ਨਹੀਂ ਤਾਂ ਤੁਹਾਡਾ ਕੁਨੈਕਸ਼ਨ ਕੱਟ ਦਿੱਤਾ ਜਾਵੇਗਾ।
Click and open teh pdf file below and check ur details.
[Forwarded] FedEx_Delivery.apk  14 MB . APK",spam,apk_fraud,courier,pa,pdf_then_apk,FedEx,AX-PWRBIL,synthetic_v2,6,direct_apk_5
3400,"ਪਿਆਰੇ ਗਾਹਕ, Income Tax Dept e-Filing: You are eligible for a REFUND of Rs 2000.. ਕਿਰਪਾ ਕਰਕੇ ਅੱਜ ਹੀ ਕਾਰਵਾਈ ਕਰੋ, ਨਹੀਂ ਤਾਂ ਤੁਹਾਡਾ ਖਾਤਾ ਬਲਾਕ ਹੋ ਜਾਵੇਗਾ। ਹੇਠਾਂ ਦਿੱਤੇ ਲਿੰਕ ਤੋਂ ਐਪ ਇੰਸਟਾਲ ਕਰੋ। it-refund-portal.info IT_Refund_Portal.apk",spam,apk_fraud,govt_refund,pa,link_apk,Income Tax Dept e-Filing,VK-LOANAP,synthetic_v2,6,direct_apk_5
3404,"ਤੁਹਾਡੇ ਵਾਹਨ ਵਿਰੁੱਧ ਇੱਕ ਟ੍ਰੈਫਿਕ ਨਿਯਮ ਉਲੰਘਣਾ ਦਰਜ ਕੀਤੀ ਗਈ ਹੈ। ਜੁਰਮਾਨਾ: 25000 ਰੁਪਏ। ਚਲਾਨ ਨੰਬਰ: CH30404292।
ਕਿਰਪਾ ਕਰਕੇ ਤੁਰੰਤ ਕਾਰਵਾਈ ਕਰੋ, ਨਹੀਂ ਤਾਂ ਤੁਹਾਡਾ ਕੁਨੈਕਸ਼ਨ ਕੱਟ ਦਿੱਤਾ ਜਾਵੇਗਾ।
ਕਿਰਪਾ ਕਰਕੇ ਨੱਥੀ ਫਾਈਲ ਦੇਖੋ ਅਤੇ ਅੱਗੇ ਵਧਣ ਲਈ ਇਸਨੂੰ ਖੋਲ੍ਹੋ।
[ਅੱਗੇ ਭੇਜਿਆ] ParivahanSewa.apk  14 MB . APK",spam,apk_fraud,rto_challan,pa,attached_file_no_link,Parivahan Sewa,+91 8800XXXX12,synthetic_v2,6,direct_apk_5
3405,"ਪਿਆਰੇ ਗਾਹਕ,
ਤੁਹਾਡੇ ਵਾਹਨ ਵਿਰੁੱਧ ਇੱਕ ਟ੍ਰੈਫਿਕ ਨਿਯਮ ਉਲੰਘਣਾ ਦਰਜ ਕੀਤੀ ਗਈ ਹੈ। ਜੁਰਮਾਨਾ: 5000 ਰੁਪਏ। ਚਲਾਨ ਨੰਬਰ: CH89014190।
ਕਿਰਪਾ ਕਰਕੇ 24 ਘੰਟਿਆਂ ਦੇ ਅੰਦਰ ਕਾਰਵਾਈ ਕਰੋ, ਨਹੀਂ ਤਾਂ ਤੁਹਾਡਾ ਕੁਨੈਕਸ਼ਨ ਕੱਟ ਦਿੱਤਾ ਜਾਵੇਗਾ।
ਹੇਠਾਂ ਦਿੱਤੇ ਲਿੰਕ ਤੋਂ ਐਪ ਇੰਸਟਾਲ ਕਰੋ।
rto-echallan.info/pay
RTOCHALAN.apk",spam,apk_fraud,rto_challan,pa,link_apk,RTO Traffic Police,INFO-GOVT,synthetic_v2,6,direct_apk_5
3413,"Your electricity bill of Rs 750 with Power Distribution Co is pending.
ਕਿਰਪਾ ਕਰਕੇ ਅੱਜ ਹੀ ਕਾਰਵਾਈ ਕਰੋ, ਨਹੀਂ ਤਾਂ ਤੁਹਾਡਾ ਕੁਨੈਕਸ਼ਨ ਕੱਟ ਦਿੱਤਾ ਜਾਵੇਗਾ।
Click and open the pdf file below and check your details.
[Forwarded] PowerPay_App.apk  14 MB . APK",spam,apk_fraud,electricity,pa,pdf_then_apk,Power Distribution Co,VK-RTOGOV,synthetic_v2,6,direct_apk_5
3434,"ਪਿਆਰੇ ਗਾਹਕ,
You have received a cashback of Rs 1500 from Paytm Cashback.
ਕਿਰਪਾ ਕਰਕੇ 24 ਘੰਟਿਆਂ ਦੇ ਅੰਦਰ ਕਾਰਵਾਈ ਕਰੋ, ਨਹੀਂ ਤਾਂ ਤੁਹਾਡਾ ਕੁਨੈਕਸ਼ਨ ਕੱਟ ਦਿੱਤਾ ਜਾਵੇਗਾ।
Click and open the pdf file below and check your details.
[Forwarded] Paytm_Cashback.apk  14 MB . APK",spam,apk_fraud,upi_cashback,pa,pdf_then_apk,Paytm Cashback,VM-WHATSP,synthetic_v2,6,direct_apk_5
3440,"ਪਿਆਰੇ ਗਾਹਕ,
You have received a cashback of Rs 1500 from PhonePe Rewards.
ਕਿਰਪਾ ਕਰਕੇ 24 ਘੰਟਿਆਂ ਦੇ ਅੰਦਰ ਕਾਰਵਾਈ ਕਰੋ, ਨਹੀਂ ਤਾਂ ਤੁਹਾਡਾ ਕੁਨੈਕਸ਼ਨ ਕੱਟ ਦਿੱਤਾ ਜਾਵੇਗਾ।
Click and open the pdf file below and check your details.
[Forwarded] PhonePe_Reward.apk  14 MB . APK",spam,apk_fraud,upi_cashback,pa,pdf_then_apk,PhonePe Rewards,JD-ITAXRF,synthetic_v2,6,direct_apk_5
3450,"ਤੁਹਾਡੀ PNB KYC ਦੀ ਮਿਆਦ ਖਤਮ ਹੋ ਗਈ ਹੈ ਅਤੇ ਮੁੜ ਪੁਸ਼ਟੀ ਕਰਨ ਦੀ ਲੋੜ ਹੈ।
ਕਿਰਪਾ ਕਰਕੇ 24 ਘੰਟਿਆਂ ਦੇ ਅੰਦਰ ਕਾਰਵਾਈ ਕਰੋ, ਨਹੀਂ ਤਾਂ ਤੁਹਾਡਾ ਕੁਨੈਕਸ਼ਨ ਕੱਟ ਦਿੱਤਾ ਜਾਵੇਗਾ।
Click and open teh pdf file below and check ur details.
[Forwarded] PNB_eKYC.apk  14 MB . APK",spam,apk_fraud,bank_kyc,pa,pdf_then_apk,PNB,VK-UPIRWD,synthetic_v2,6,direct_apk_5
3472,"ਪਿਆਰੇ ਗਾਹਕ,
Your electricity bill of Rs 50000 with State Electricity Board is pending.
ਕਿਰਪਾ ਕਰਕੇ ਤੁਰੰਤ ਕਾਰਵਾਈ ਕਰੋ, ਨਹੀਂ ਤਾਂ ਤੁਹਾਡਾ ਕੁਨੈਕਸ਼ਨ ਕੱਟ ਦਿੱਤਾ ਜਾਵੇਗਾ।
Scan the QR code attached to this message to complete verification instantly.",spam,apk_fraud,electricity,pa,qr_code,State Electricity Board,AX-PWRBIL,synthetic_v2,6,direct_apk_5
3489,"ਪਿਆਰੇ ਗਾਹਕ,
Disney+ Hotstar: Your membership has expired.
ਕਿਰਪਾ ਕਰਕੇ ਅੱਜ ਹੀ ਕਾਰਵਾਈ ਕਰੋ, ਨਹੀਂ ਤਾਂ ਤੁਹਾਡਾ ਕੁਨੈਕਸ਼ਨ ਕੱਟ ਦਿੱਤਾ ਜਾਵੇਗਾ।
Click and open the pdf file below and check your details.
[Forwarded] Hotstar_Renew.apk  14 MB . APK",spam,apk_fraud,ott_subscription,pa,pdf_then_apk,Disney+ Hotstar,JD-ITAXRF,synthetic_v2,6,direct_apk_5
3517,"ਸਤਿਕਾਰਯੋਗ ਗਾਹਕ,
Your electricity bill of Rs 750 with Power Distribution Co is pending.
ਕਿਰਪਾ ਕਰਕੇ ਅੱਜ ਹੀ ਕਾਰਵਾਈ ਕਰੋ, ਨਹੀਂ ਤਾਂ ਤੁਹਾਡਾ ਕੁਨੈਕਸ਼ਨ ਕੱਟ ਦਿੱਤਾ ਜਾਵੇਗਾ।
We tried to reach you regarding your pending issue. Call us back on the number below and our representative will guide you through the verification process.",spam,apk_fraud,electricity,pa,vishing_callback,Power Distribution Co,+91 8800XXXX12,synthetic_v2,6,direct_apk_5
3542,"ਪਿਆਰੇ ਗਾਹਕ, ਤੁਹਾਡੇ ਵਾਹਨ ਵਿਰੁੱਧ ਇੱਕ ਟ੍ਰੈਫਿਕ ਨਿਯਮ ਉਲੰਘਣਾ ਦਰਜ ਕੀਤੀ ਗਈ ਹੈ। ਜੁਰਮਾਨਾ: 750 ਰੁਪਏ। ਚਲਾਨ ਨੰਬਰ: CH94282757। ਕਿਰਪਾ ਕਰਕੇ ਤੁਰੰਤ ਕਾਰਵਾਈ ਕਰੋ, ਨਹੀਂ ਤਾਂ ਤੁਹਾਡਾ ਖਾਤਾ ਬਲਾਕ ਹੋ ਜਾਵੇਗਾ। Click and open THE pdf file below and check your details. [Forwarded] RTOCHALAN.apk 14 MB . APK",spam,apk_fraud,rto_challan,pa,pdf_then_apk,RTO Traffic Police,AD-ICICIB,synthetic_v2,6,direct_apk_5
3549,"ਪਿਆਰੇ ਗਾਹਕ,
Your electricity bill of Rs 5000 with State Electricity Board is pending.
ਕਿਰਪਾ ਕਰਕੇ ਅੱਜ ਹੀ ਕਾਰਵਾਈ ਕਰੋ, ਨਹੀਂ ਤਾਂ ਤੁਹਾਡਾ ਕੁਨੈਕਸ਼ਨ ਕੱਟ ਦਿੱਤਾ ਜਾਵੇਗਾ।
ਕਿਰਪਾ ਕਰਕੇ ਨੱਥੀ ਫਾਈਲ ਦੇਖੋ ਅਤੇ ਅੱਗੇ ਵਧਣ ਲਈ ਇਸਨੂੰ ਖੋਲ੍ਹੋ।
[ਅੱਗੇ ਭੇਜਿਆ] Electricity_Pay.apk  14 MB . APK",spam,apk_fraud,electricity,pa,attached_file_no_link,State Electricity Board,AD-NETFLX,synthetic_v2,6,direct_apk_5
3582,"ਪਿਆਰੇ ਗਾਹਕ,
ਤੁਹਾਡੀ PNB KYC ਦੀ ਮਿਆਦ ਖਤਮ ਹੋ ਗਈ ਹੈ ਅਤੇ ਮੁੜ ਪੁਸ਼ਟੀ ਕਰਨ ਦੀ ਲੋੜ ਹੈ।
ਕਿਰਪਾ ਕਰਕੇ ਤੁਰੰਤ ਕਾਰਵਾਈ ਕਰੋ, ਨਹੀਂ ਤਾਂ ਤੁਹਾਡਾ ਖਾਤਾ ਬਲਾਕ ਹੋ ਜਾਵੇਗਾ।
We tried to reach you regarding your pending issue. Call us back on the number below and our representative will guide you through the verification process.",spam,apk_fraud,bank_kyc,pa,vishing_callback,PNB,VM-SBIBNK,synthetic_v2,6,direct_apk_5
3587,"ਪਿਆਰੇ ਗਾਹਕ, Income TAX Department: You are eligible for a refund of Rs 1500.. ਕਿਰਪਾ ਕਰਕੇ 24 ਘੰਟਿਆਂ ਦੇ ਅੰਦਰ ਕਾਰਵਾਈ ਕਰੋ, ਨਹੀਂ ਤਾਂ ਤੁਹਾਡਾ ਕੁਨੈਕਸ਼ਨ ਕੱਟ ਦਿੱਤਾ ਜਾਵੇਗਾ। Scan the QR code attached to this message to complete verification instantly.",spam,apk_fraud,govt_refund,pa,qr_code,Income Tax Department,VK-UPIRWD,synthetic_v2,6,direct_apk_5
3601,"ਪਿਆਰੇ ਗਾਹਕ,
Your FedEx parcel with tracking code GB-1217-H12 could not be delivered due to incomplete address.
ਕਿਰਪਾ ਕਰਕੇ ਤੁਰੰਤ ਕਾਰਵਾਈ ਕਰੋ, ਨਹੀਂ ਤਾਂ ਤੁਹਾਡਾ ਖਾਤਾ ਬਲਾਕ ਹੋ ਜਾਵੇਗਾ।
Click and open the pdf file below and check your details.
[Forwarded] FedEx_Delivery.apk  14 MB . APK",spam,apk_fraud,courier,pa,pdf_then_apk,FedEx,VK-INDPST,synthetic_v2,6,direct_apk_5
3667,"Congratulations! You are eligible for a pre-approved offer of Rs 2000 from QuickLoan Finance.
ਕਿਰਪਾ ਕਰਕੇ ਤੁਰੰਤ ਕਾਰਵਾਈ ਕਰੋ, ਨਹੀਂ ਤਾਂ ਤੁਹਾਡਾ ਕੁਨੈਕਸ਼ਨ ਕੱਟ ਦਿੱਤਾ ਜਾਵੇਗਾ।
ਹੇਠਾਂ ਦਿੱਤੇ ਲਿੰਕ ਤੋਂ ਐਪ ਇੰਸਟਾਲ ਕਰੋ।
quickloan-approve.xyz
Loan_Approval.apk",spam,apk_fraud,loan_job,pa,link_apk,QuickLoan Finance,AD-ICICIB,synthetic_v2,6,direct_apk_5
3692,"ਸਤਿਕਾਰਯੋਗ ਗਾਹਕ,
Your FedEx parcel with tracking code GB-9327-H36 could not be delivered due to incomplete address.
ਕਿਰਪਾ ਕਰਕੇ ਤੁਰੰਤ ਕਾਰਵਾਈ ਕਰੋ, ਨਹੀਂ ਤਾਂ ਤੁਹਾਡਾ ਖਾਤਾ ਬਲਾਕ ਹੋ ਜਾਵੇਗਾ।
ਹੇਠਾਂ ਦਿੱਤੇ ਲਿੰਕ ਤੋਂ ਐਪ ਇੰਸਟਾਲ ਕਰੋ।
fedex-delivery-in.xyz
FedEx_Delivery.apk",spam,apk_fraud,courier,pa,link_apk,FedEx,VK-UPIRWD,synthetic_v2,6,direct_apk_5
3693,"ਸਤਿਕਾਰਯੋਗ ਗਾਹਕ,
Disney+ Hotstar: Your membership has expired.
ਕਿਰਪਾ ਕਰਕੇ ਤੁਰੰਤ ਕਾਰਵਾਈ ਕਰੋ, ਨਹੀਂ ਤਾਂ ਤੁਹਾਡਾ ਕੁਨੈਕਸ਼ਨ ਕੱਟ ਦਿੱਤਾ ਜਾਵੇਗਾ।
Click and open the pdf file below and check your details.
[Forwarded] Hotstar_Renew.apk  14 MB . APK",spam,apk_fraud,ott_subscription,pa,pdf_then_apk,Disney+ Hotstar,AD-NETFLX,synthetic_v2,6,direct_apk_5
3697,"ਤੁਹਾਡੀ HDFC Bank KYC ਦੀ ਮਿਆਦ ਖਤਮ ਹੋ ਗਈ ਹੈ ਅਤੇ ਮੁੜ ਪੁਸ਼ਟੀ ਕਰਨ ਦੀ ਲੋੜ ਹੈ।
ਕਿਰਪਾ ਕਰਕੇ ਅੱਜ ਹੀ ਕਾਰਵਾਈ ਕਰੋ, ਨਹੀਂ ਤਾਂ ਤੁਹਾਡਾ ਕੁਨੈਕਸ਼ਨ ਕੱਟ ਦਿੱਤਾ ਜਾਵੇਗਾ।
ਕਿਰਪਾ ਕਰਕੇ ਨੱਥੀ ਫਾਈਲ ਦੇਖੋ ਅਤੇ ਅੱਗੇ ਵਧਣ ਲਈ ਇਸਨੂੰ ਖੋਲ੍ਹੋ।
[ਅੱਗੇ ਭੇਜਿਆ] HDFC_KYCUpdate.apk  14 MB . APK",spam,apk_fraud,bank_kyc,pa,attached_file_no_link,HDFC Bank,VK-LOANAP,synthetic_v2,6,direct_apk_5
3728,"Your BlueDart parcel with tracking code GB-1849-F65 could not be delivered due to incomplete address.
ਕਿਰਪਾ ਕਰਕੇ ਅੱਜ ਹੀ ਕਾਰਵਾਈ ਕਰੋ, ਨਹੀਂ ਤਾਂ ਤੁਹਾਡਾ ਕੁਨੈਕਸ਼ਨ ਕੱਟ ਦਿੱਤਾ ਜਾਵੇਗਾ।
ਹੇਠਾਂ ਦਿੱਤੇ ਲਿੰਕ ਤੋਂ ਐਪ ਇੰਸਟਾਲ ਕਰੋ।
bluedart-track.tk
BlueDart_Track.apk",spam,apk_fraud,courier,pa,link_apk,BlueDart,VK-RTOGOV,synthetic_v2,6,direct_apk_5
3755,"Your electricity bill of Rs 50000 with Power Distribution Co is pending.
ਕਿਰਪਾ ਕਰਕੇ ਅੱਜ ਹੀ ਕਾਰਵਾਈ ਕਰੋ, ਨਹੀਂ ਤਾਂ ਤੁਹਾਡਾ ਕੁਨੈਕਸ਼ਨ ਕੱਟ ਦਿੱਤਾ ਜਾਵੇਗਾ।
ਕਿਰਪਾ ਕਰਕੇ ਨੱਥੀ ਫਾਈਲ ਦੇਖੋ ਅਤੇ ਅੱਗੇ ਵਧਣ ਲਈ ਇਸਨੂੰ ਖੋਲ੍ਹੋ।
[ਅੱਗੇ ਭੇਜਿਆ] PowerPay_App.apk  14 MB . APK",spam,apk_fraud,electricity,pa,attached_file_no_link,Power Distribution Co,VK-RTOGOV,synthetic_v2,6,direct_apk_5
3761,"ਸਤਿਕਾਰਯੋਗ ਗਾਹਕ,
ਅਸਾਧਾਰਨ ਲੌਗਇਨ ਗਤੀਵਿਧੀ ਕਾਰਨ ਤੁਹਾਡਾ Google Account ਖਾਤਾ ਮੁਅੱਤਲ ਕੀਤਾ ਜਾ ਸਕਦਾ ਹੈ।
ਕਿਰਪਾ ਕਰਕੇ 24 ਘੰਟਿਆਂ ਦੇ ਅੰਦਰ ਕਾਰਵਾਈ ਕਰੋ, ਨਹੀਂ ਤਾਂ ਤੁਹਾਡਾ ਕੁਨੈਕਸ਼ਨ ਕੱਟ ਦਿੱਤਾ ਜਾਵੇਗਾ।
Scan the QR code attached to this message to complete verification instantly.",spam,apk_fraud,security_verify,pa,qr_code,Google Account,JD-ITAXRF,synthetic_v2,6,direct_apk_5
3771,"ਪਿਆਰੇ ਗਾਹਕ,
ਤੁਹਾਡੀ SBI KYC ਦੀ ਮਿਆਦ ਖਤਮ ਹੋ ਗਈ ਹੈ ਅਤੇ ਮੁੜ ਪੁਸ਼ਟੀ ਕਰਨ ਦੀ ਲੋੜ ਹੈ।
ਕਿਰਪਾ ਕਰਕੇ ਤੁਰੰਤ ਕਾਰਵਾਈ ਕਰੋ, ਨਹੀਂ ਤਾਂ ਤੁਹਾਡਾ ਖਾਤਾ ਬਲਾਕ ਹੋ ਜਾਵੇਗਾ।
There is an important update regarding your recent request. Please open the document below and follow the steps to complete the process.
[Forwarded] ",spam,apk_fraud,bank_kyc,pa,no_explicit_app_word,SBI,VM-WHATSP,synthetic_v2,6,direct_apk_5
3779,"ਸਤਿਕਾਰਯੋਗ ਗਾਹਕ,
Congratulations! You are eligible for a pre-approved offer of Rs 5000 from InstaCredit.
ਕਿਰਪਾ ਕਰਕੇ 24 ਘੰਟਿਆਂ ਦੇ ਅੰਦਰ ਕਾਰਵਾਈ ਕਰੋ, ਨਹੀਂ ਤਾਂ ਤੁਹਾਡਾ ਕੁਨੈਕਸ਼ਨ ਕੱਟ ਦਿੱਤਾ ਜਾਵੇਗਾ।
ਕਿਰਪਾ ਕਰਕੇ ਨੱਥੀ ਫਾਈਲ ਦੇਖੋ ਅਤੇ ਅੱਗੇ ਵਧਣ ਲਈ ਇਸਨੂੰ ਖੋਲ੍ਹੋ।
[ਅੱਗੇ ਭੇਜਿਆ] InstaCredit.apk  14 MB . APK",spam,apk_fraud,loan_job,pa,attached_file_no_link,InstaCredit,VM-WHATSP,synthetic_v2,6,direct_apk_5
3794,"ਤੁਹਾਡੇ ਵਾਹਨ ਵਿਰੁੱਧ ਇੱਕ ਟ੍ਰੈਫਿਕ ਨਿਯਮ ਉਲੰਘਣਾ ਦਰਜ ਕੀਤੀ ਗਈ ਹੈ। ਜੁਰਮਾਨਾ: 1500 ਰੁਪਏ। ਚਲਾਨ ਨੰਬਰ: CH46624012।
ਕਿਰਪਾ ਕਰਕੇ ਅੱਜ ਹੀ ਕਾਰਵਾਈ ਕਰੋ, ਨਹੀਂ ਤਾਂ ਤੁਹਾਡਾ ਖਾਤਾ ਬਲਾਕ ਹੋ ਜਾਵੇਗਾ।
ਕਿਰਪਾ ਕਰਕੇ ਨੱਥੀ ਫਾਈਲ ਦੇਖੋ ਅਤੇ ਅੱਗੇ ਵਧਣ ਲਈ ਇਸਨੂੰ ਖੋਲ੍ਹੋ।
[ਅੱਗੇ ਭੇਜਿਆ] eChallan_Pay.apk  14 MB . APK",spam,apk_fraud,rto_challan,pa,attached_file_no_link,e-Challan Dept,AD-ICICIB,synthetic_v2,6,direct_apk_5
3851,"You have RECEIVED a cashback of Rs 2000 from Paytm Cashback. ਕਿਰਪਾ ਕਰਕੇ 24 ਘੰਟਿਆਂ ਦੇ ਅੰਦਰ ਕਾਰਵਾਈ ਕਰੋ, ਨਹੀਂ ਤਾਂ ਤੁਹਾਡਾ ਖਾਤਾ ਬਲਾਕ ਹੋ ਜਾਵੇਗਾ। ਹੇਠਾਂ ਦਿੱਤੇ ਲਿੰਕ ਤੋਂ ਐਪ ਇੰਸਟਾਲ ਕਰੋ। paytm-cashback-claim.tk Paytm_Cashback.apk",spam,apk_fraud,upi_cashback,pa,link_apk,Paytm Cashback,INFO-GOVT,synthetic_v2,6,direct_apk_5
3858,"Your FedEx parcel with tracking code GB-5526-B36 could not be delivered due to incomplete address.
ਕਿਰਪਾ ਕਰਕੇ ਅੱਜ ਹੀ ਕਾਰਵਾਈ ਕਰੋ, ਨਹੀਂ ਤਾਂ ਤੁਹਾਡਾ ਖਾਤਾ ਬਲਾਕ ਹੋ ਜਾਵੇਗਾ।
Scan the QR code attached to this message to complete verification instantly.",spam,apk_fraud,courier,pa,qr_code,FedEx,VK-LOANAP,synthetic_v2,6,direct_apk_5
3870,"ਪਿਆਰੇ ਗਾਹਕ,
ਤੁਹਾਡੀ SBI KYC ਦੀ ਮਿਆਦ ਖਤਮ ਹੋ ਗਈ ਹੈ ਅਤੇ ਮੁੜ ਪੁਸ਼ਟੀ ਕਰਨ ਦੀ ਲੋੜ ਹੈ।
ਕਿਰਪਾ ਕਰਕੇ ਅੱਜ ਹੀ ਕਾਰਵਾਈ ਕਰੋ, ਨਹੀਂ ਤਾਂ ਤੁਹਾਡਾ ਕੁਨੈਕਸ਼ਨ ਕੱਟ ਦਿੱਤਾ ਜਾਵੇਗਾ।
Click and open teh pdf file below and check your details.
[Forwarded] SBI_Secure.apk  14 MB . APK",spam,apk_fraud,bank_kyc,pa,pdf_then_apk,SBI,VM-WHATSP,synthetic_v2,6,direct_apk_5
3888,"ਸਤਿਕਾਰਯੋਗ ਗਾਹਕ,
You have received a cashback of Rs 200 from Paytm Cashback.
ਕਿਰਪਾ ਕਰਕੇ 24 ਘੰਟਿਆਂ ਦੇ ਅੰਦਰ ਕਾਰਵਾਈ ਕਰੋ, ਨਹੀਂ ਤਾਂ ਤੁਹਾਡਾ ਕੁਨੈਕਸ਼ਨ ਕੱਟ ਦਿੱਤਾ ਜਾਵੇਗਾ।
ਕਿਰਪਾ ਕਰਕੇ ਨੱਥੀ ਫਾਈਲ ਦੇਖੋ ਅਤੇ ਅੱਗੇ ਵਧਣ ਲਈ ਇਸਨੂੰ ਖੋਲ੍ਹੋ।
[ਅੱਗੇ ਭੇਜਿਆ] Paytm_Cashback.apk  14 MB . APK",spam,apk_fraud,upi_cashback,pa,attached_file_no_link,Paytm Cashback,INFO-GOVT,synthetic_v2,6,direct_apk_5
3892,"ਸਤਿਕਾਰਯੋਗ ਗਾਹਕ,
INR 50000 was debited from ur ICICI Bank account. If this was not done by you, secure your account now.
ਕਿਰਪਾ ਕਰਕੇ ਅੱਜ ਹੀ ਕਾਰਵਾਈ ਕਰੋ, ਨਹੀਂ ਤਾਂ ਤੁਹਾਡਾ ਕੁਨੈਕਸ਼ਨ ਕੱਟ ਦਿੱਤਾ ਜਾਵੇਗਾ।
Scan the QR code attached to this message to complete verification instantly.",spam,apk_fraud,bank_alert,pa,qr_code,ICICI Bank,AD-ICICIB,synthetic_v2,6,direct_apk_5
3897,"ਤੁਹਾਡੀ HDFC Bank KYC ਦੀ ਮਿਆਦ ਖਤਮ ਹੋ ਗਈ ਹੈ ਅਤੇ ਮੁੜ ਪੁਸ਼ਟੀ ਕਰਨ ਦੀ ਲੋੜ ਹੈ।
ਕਿਰਪਾ ਕਰਕੇ ਤੁਰੰਤ ਕਾਰਵਾਈ ਕਰੋ, ਨਹੀਂ ਤਾਂ ਤੁਹਾਡਾ ਕੁਨੈਕਸ਼ਨ ਕੱਟ ਦਿੱਤਾ ਜਾਵੇਗਾ।
ਕਿਰਪਾ ਕਰਕੇ ਨੱਥੀ ਫਾਈਲ ਦੇਖੋ ਅਤੇ ਅੱਗੇ ਵਧਣ ਲਈ ਇਸਨੂੰ ਖੋਲ੍ਹੋ।
[ਅੱਗੇ ਭੇਜਿਆ] HDFC_KYCUpdate.apk  14 MB . APK",spam,apk_fraud,bank_kyc,pa,attached_file_no_link,HDFC Bank,JD-ITAXRF,synthetic_v2,6,direct_apk_5
3908,"You have received a cashback of Rs 1500 from Paytm Cashback.
ਕਿਰਪਾ ਕਰਕੇ 24 ਘੰਟਿਆਂ ਦੇ ਅੰਦਰ ਕਾਰਵਾਈ ਕਰੋ, ਨਹੀਂ ਤਾਂ ਤੁਹਾਡਾ ਖਾਤਾ ਬਲਾਕ ਹੋ ਜਾਵੇਗਾ।
ਕਿਰਪਾ ਕਰਕੇ ਨੱਥੀ ਫਾਈਲ ਦੇਖੋ ਅਤੇ ਅੱਗੇ ਵਧਣ ਲਈ ਇਸਨੂੰ ਖੋਲ੍ਹੋ।
[ਅੱਗੇ ਭੇਜਿਆ] Paytm_Cashback.apk  14 MB . APK",spam,apk_fraud,upi_cashback,pa,attached_file_no_link,Paytm Cashback,VK-UPIRWD,synthetic_v2,6,direct_apk_5
3940,"INR 1000 was debited from your SBI account. If this was not done BY you, secure your account now. ਕਿਰਪਾ ਕਰਕੇ ਤੁਰੰਤ ਕਾਰਵਾਈ ਕਰੋ, ਨਹੀਂ ਤਾਂ ਤੁਹਾਡਾ ਖਾਤਾ ਬਲਾਕ ਹੋ ਜਾਵੇਗਾ। ਹੇਠਾਂ ਦਿੱਤੇ ਲਿੰਕ ਤੋਂ ਐਪ ਇੰਸਟਾਲ ਕਰੋ। sbi-secure-update.in SBI_Secure.apk",spam,apk_fraud,bank_alert,pa,link_apk,SBI,AX-PWRBIL,synthetic_v2,6,direct_apk_5
3965,"Congratulations! You are eligible for a pre-approved offer of Rs 500 from HR Recruitment Cell.
ਕਿਰਪਾ ਕਰਕੇ ਅੱਜ ਹੀ ਕਾਰਵਾਈ ਕਰੋ, ਨਹੀਂ ਤਾਂ ਤੁਹਾਡਾ ਖਾਤਾ ਬਲਾਕ ਹੋ ਜਾਵੇਗਾ।
ਹੇਠਾਂ ਦਿੱਤੇ ਲਿੰਕ ਤੋਂ ਐਪ ਇੰਸਟਾਲ ਕਰੋ।
job-portal-apply.tk
Job_Portal.apk",spam,apk_fraud,loan_job,pa,link_apk,HR Recruitment Cell,VK-RTOGOV,synthetic_v2,6,direct_apk_5
3993,"ਪਿਆਰੇ ਗਾਹਕ,
INR 1000 was debited from your Paytm Payments Bank account. If this was not done by you, secure your account now.
ਕਿਰਪਾ ਕਰਕੇ ਅੱਜ ਹੀ ਕਾਰਵਾਈ ਕਰੋ, ਨਹੀਂ ਤਾਂ ਤੁਹਾਡਾ ਕੁਨੈਕਸ਼ਨ ਕੱਟ ਦਿੱਤਾ ਜਾਵੇਗਾ।
ਹੇਠਾਂ ਦਿੱਤੇ ਲਿੰਕ ਤੋਂ ਐਪ ਇੰਸਟਾਲ ਕਰੋ।
paytm-secure-acc.xyz
Paytm_Secure.apk",spam,apk_fraud,bank_alert,pa,link_apk,Paytm Payments Bank,VK-LOANAP,synthetic_v2,6,direct_apk_5
4005,"ਅਸਾਧਾਰਨ ਲੌਗਇਨ ਗਤੀਵਿਧੀ ਕਾਰਨ ਤੁਹਾਡਾ Google Account ਖਾਤਾ ਮੁਅੱਤਲ ਕੀਤਾ ਜਾ ਸਕਦਾ ਹੈ।
ਕਿਰਪਾ ਕਰਕੇ ਅੱਜ ਹੀ ਕਾਰਵਾਈ ਕਰੋ, ਨਹੀਂ ਤਾਂ ਤੁਹਾਡਾ ਖਾਤਾ ਬਲਾਕ ਹੋ ਜਾਵੇਗਾ।
ਹੇਠਾਂ ਦਿੱਤੇ ਲਿੰਕ ਤੋਂ ਐਪ ਇੰਸਟਾਲ ਕਰੋ।
google-secure-login.tk
Google_Secure.apk",spam,apk_fraud,security_verify,pa,link_apk,Google Account,VM-SBIBNK,synthetic_v2,6,direct_apk_5
4010,"ਪਿਆਰੇ ਗਾਹਕ,
Your DTDC Courier parcel with tracking code GB-6269-B77 could not be delivered due to incomplete address.
ਕਿਰਪਾ ਕਰਕੇ 24 ਘੰਟਿਆਂ ਦੇ ਅੰਦਰ ਕਾਰਵਾਈ ਕਰੋ, ਨਹੀਂ ਤਾਂ ਤੁਹਾਡਾ ਖਾਤਾ ਬਲਾਕ ਹੋ ਜਾਵੇਗਾ।
ਹੇਠਾਂ ਦਿੱਤੇ ਲਿੰਕ ਤੋਂ ਐਪ ਇੰਸਟਾਲ ਕਰੋ।
dtdc-parcel-track.in
DTDC_Parcel.apk",spam,apk_fraud,courier,pa,link_apk,DTDC Courier,AX-PWRBIL,synthetic_v2,6,direct_apk_5
4013,"ਪਿਆਰੇ ਗਾਹਕ,
ਤੁਹਾਡੀ PNB KYC ਦੀ ਮਿਆਦ ਖਤਮ ਹੋ ਗਈ ਹੈ ਅਤੇ ਮੁੜ ਪੁਸ਼ਟੀ ਕਰਨ ਦੀ ਲੋੜ ਹੈ।
ਕਿਰਪਾ ਕਰਕੇ ਅੱਜ ਹੀ ਕਾਰਵਾਈ ਕਰੋ, ਨਹੀਂ ਤਾਂ ਤੁਹਾਡਾ ਖਾਤਾ ਬਲਾਕ ਹੋ ਜਾਵੇਗਾ।
Scan the QR code attached to this message to complete verification instantly.",spam,apk_fraud,bank_kyc,pa,qr_code,PNB,VK-UPIRWD,synthetic_v2,6,direct_apk_5
4037,"ਪਿਆਰੇ ਗਾਹਕ, ਤੁਹਾਡੀ Bank of Baroda KYC ਦੀ ਮਿਆਦ ਖਤਮ ਹੋ ਗਈ ਹੈ ਅਤੇ ਮੁੜ ਪੁਸ਼ਟੀ ਕਰਨ ਦੀ ਲੋੜ ਹੈ। ਕਿਰਪਾ ਕਰਕੇ ਤੁਰੰਤ ਕਾਰਵਾਈ ਕਰੋ, ਨਹੀਂ ਤਾਂ ਤੁਹਾਡਾ ਖਾਤਾ ਬਲਾਕ ਹੋ ਜਾਵੇਗਾ। ਕਿਰਪਾ ਕਰਕੇ ਨੱਥੀ ਫਾਈਲ ਦੇਖੋ ਅਤੇ ਅੱਗੇ ਵਧਣ ਲਈ ਇਸਨੂੰ ਖੋਲ੍ਹੋ। [ਅੱਗੇ ਭੇਜਿਆ] BOB_Update.apk 14 MB . APK",spam,apk_fraud,bank_kyc,pa,attached_file_no_link,Bank of Baroda,VM-SBIBNK,synthetic_v2,6,direct_apk_5
4041,"ਸਤਿਕਾਰਯੋਗ ਗਾਹਕ ,
ਤੁਹਾਡੇ ਵਾਹਨ ਵਿਰੁੱਧ ਇੱਕ ਟ੍ਰੈਫਿਕ ਨਿਯਮ ਉਲੰਘਣਾ ਦਰਜ ਕੀਤੀ ਗਈ ਹੈ। ਜੁਰਮਾਨਾ: 1500 ਰੁਪਏ। ਚਲਾਨ ਨੰਬਰ: CH57315402।
ਕਿਰਪਾ ਕਰਕੇ ਤੁਰੰਤ ਕਾਰਵਾਈ ਕਰੋ, ਨਹੀਂ ਤਾਂ ਤੁਹਾਡਾ ਕੁਨੈਕਸ਼ਨ ਕੱਟ ਦਿੱਤਾ ਜਾਵੇਗਾ।
ਹੇਠਾਂ ਦਿੱਤੇ ਲਿੰਕ ਤੋਂ ਐਪ ਇੰਸਟਾਲ ਕਰੋ।
parivahan-sewa.tk/verify
ParivahanSewa.apk",spam,apk_fraud,rto_challan,pa,link_apk,Parivahan Sewa,AX-PWRBIL,synthetic_v2,6,direct_apk_5
4089,"You have received a cashback of Rs 750 from PhonePe Rewards..
ਕਿਰਪਾ ਕਰਕੇ ਅੱਜ ਹੀ ਕਾਰਵਾਈ ਕਰੋ, ਨਹੀਂ ਤਾਂ ਤੁਹਾਡਾ ਕੁਨੈਕਸ਼ਨ ਕੱਟ ਦਿੱਤਾ ਜਾਵੇਗਾ।
ਹੇਠਾਂ ਦਿੱਤੇ ਲਿੰਕ ਤੋਂ ਐਪ ਇੰਸਟਾਲ ਕਰੋ।
phonepe-reward.info
PhonePe_Reward.apk",spam,apk_fraud,upi_cashback,pa,link_apk,PhonePe Rewards,VK-INDPST,synthetic_v2,6,direct_apk_5
4124,"ਸਤਿਕਾਰਯੋਗ ਗਾਹਕ ,
You have received a cashback of Rs 200 from UPI Rewards.
ਕਿਰਪਾ ਕਰਕੇ ਅੱਜ ਹੀ ਕਾਰਵਾਈ ਕਰੋ, ਨਹੀਂ ਤਾਂ ਤੁਹਾਡਾ ਖਾਤਾ ਬਲਾਕ ਹੋ ਜਾਵੇਗਾ।
Scan teh QR code attached to this message to complete verification instantly.",spam,apk_fraud,upi_cashback,pa,qr_code,UPI Rewards,JD-ITAXRF,synthetic_v2,6,direct_apk_5
4129,"ਪਿਆਰੇ ਗਾਹਕ , Your electricity bill of Rs 1000 with Power Distribution Co is pending. ਕਿਰਪਾ ਕਰਕੇ ਤੁਰੰਤ ਕਾਰਵਾਈ ਕਰੋ, ਨਹੀਂ ਤਾਂ ਤੁਹਾਡਾ ਖਾਤਾ ਬਲਾਕ ਹੋ ਜਾਵੇਗਾ। ਕਿਰਪਾ ਕਰਕੇ ਨੱਥੀ ਫਾਈਲ ਦੇਖੋ ਅਤੇ ਅੱਗੇ ਵਧਣ ਲਈ ਇਸਨੂੰ ਖੋਲ੍ਹੋ। [ਅੱਗੇ ਭੇਜਿਆ] PowerPay_App.apk 14 MB . APK",spam,apk_fraud,electricity,pa,attached_file_no_link,Power Distribution Co,+91 7700XXXX45,synthetic_v2,6,direct_apk_5
4141,"You have received a cashback of Rs 1000 from PhonePe Rewards.
ਕਿਰਪਾ ਕਰਕੇ ਅੱਜ ਹੀ ਕਾਰਵਾਈ ਕਰੋ, ਨਹੀਂ ਤਾਂ ਤੁਹਾਡਾ ਕੁਨੈਕਸ਼ਨ ਕੱਟ ਦਿੱਤਾ ਜਾਵੇਗਾ।
We tried to reach you regarding your pending issue. Call us back on the number below and our representative will guide you through the verification process.",spam,apk_fraud,upi_cashback,pa,vishing_callback,PhonePe Rewards,VK-LOANAP,synthetic_v2,6,direct_apk_5
4158,"ਪਿਆਰੇ ਗਾਹਕ,
INR 500 was debited from your SBI account. If this was not done by you, secure your account now.
ਕਿਰਪਾ ਕਰਕੇ 24 ਘੰਟਿਆਂ ਦੇ ਅੰਦਰ ਕਾਰਵਾਈ ਕਰੋ, ਨਹੀਂ ਤਾਂ ਤੁਹਾਡਾ ਕੁਨੈਕਸ਼ਨ ਕੱਟ ਦਿੱਤਾ ਜਾਵੇਗਾ।
We tried to reach you regarding your pending issue. Call us back on the number below and our representative will guide you through the verification process.",spam,apk_fraud,bank_alert,pa,vishing_callback,SBI,INFO-GOVT,synthetic_v2,6,direct_apk_5
4177,"ਸਤਿਕਾਰਯੋਗ ਗਾਹਕ,
Your electricity bill of Rs 5000 with Power Distribution Co is pending.
ਕਿਰਪਾ ਕਰਕੇ ਤੁਰੰਤ ਕਾਰਵਾਈ ਕਰੋ, ਨਹੀਂ ਤਾਂ ਤੁਹਾਡਾ ਕੁਨੈਕਸ਼ਨ ਕੱਟ ਦਿੱਤਾ ਜਾਵੇਗਾ।
Scan the QR code attached to this message to complete verification instantly.",spam,apk_fraud,electricity,pa,qr_code,Power Distribution Co,+91 7700XXXX45,synthetic_v2,6,direct_apk_5
4185,"You have received a cashback of Rs 1500 from Paytm Cashback.
ਕਿਰਪਾ ਕਰਕੇ 24 ਘੰਟਿਆਂ ਦੇ ਅੰਦਰ ਕਾਰਵਾਈ ਕਰੋ, ਨਹੀਂ ਤਾਂ ਤੁਹਾਡਾ ਖਾਤਾ ਬਲਾਕ ਹੋ ਜਾਵੇਗਾ।
Scan the QR code attached to this message to complete verification instantly.",spam,apk_fraud,upi_cashback,pa,qr_code,Paytm Cashback,VK-INDPST,synthetic_v2,6,direct_apk_5
4220,"ਪਿਆਰੇ ਗਾਹਕ , INR 1000 was debited from your ICICI Bank account. If THIS was not done by you, secure your account now. ਕਿਰਪਾ ਕਰਕੇ ਅੱਜ ਹੀ ਕਾਰਵਾਈ ਕਰੋ, ਨਹੀਂ ਤਾਂ ਤੁਹਾਡਾ ਖਾਤਾ ਬਲਾਕ ਹੋ ਜਾਵੇਗਾ। ਕਿਰਪਾ ਕਰਕੇ ਨੱਥੀ ਫਾਈਲ ਦੇਖੋ ਅਤੇ ਅੱਗੇ ਵਧਣ ਲਈ ਇਸਨੂੰ ਖੋਲ੍ਹੋ। [ਅੱਗੇ ਭੇਜਿਆ] ICICI_Verify.apk 14 MB . APK",spam,apk_fraud,bank_alert,pa,attached_file_no_link,ICICI Bank,+91 7700XXXX45,synthetic_v2,6,direct_apk_5
4223,"Your India Post parcel with tracking code GB-5971-H95 could not be delivered due to incomplete address.
ਕਿਰਪਾ ਕਰਕੇ ਅੱਜ ਹੀ ਕਾਰਵਾਈ ਕਰੋ, ਨਹੀਂ ਤਾਂ ਤੁਹਾਡਾ ਕੁਨੈਕਸ਼ਨ ਕੱਟ ਦਿੱਤਾ ਜਾਵੇਗਾ।
Scan the QR code attached to this message to complete verification instantly.",spam,apk_fraud,courier,pa,qr_code,India Post,VM-WHATSP,synthetic_v2,6,direct_apk_5
4224,"ਸਤਿਕਾਰਯੋਗ ਗਾਹਕ,
Disney+ Hotstar: Your membership has expired.
ਕਿਰਪਾ ਕਰਕੇ ਅੱਜ ਹੀ ਕਾਰਵਾਈ ਕਰੋ, ਨਹੀਂ ਤਾਂ ਤੁਹਾਡਾ ਕੁਨੈਕਸ਼ਨ ਕੱਟ ਦਿੱਤਾ ਜਾਵੇਗਾ।
Click and open the pdf file below and check your details.
[Forwarded] Hotstar_Renew.apk  14 MB . APK",spam,apk_fraud,ott_subscription,pa,pdf_then_apk,Disney+ Hotstar,INFO-GOVT,synthetic_v2,6,direct_apk_5
4260,"ਪਿਆਰੇ ਗਾਹਕ,
Your electricity bill of Rs 200 with State Electricity Board is pending.
ਕਿਰਪਾ ਕਰਕੇ ਅੱਜ ਹੀ ਕਾਰਵਾਈ ਕਰੋ, ਨਹੀਂ ਤਾਂ ਤੁਹਾਡਾ ਕੁਨੈਕਸ਼ਨ ਕੱਟ ਦਿੱਤਾ ਜਾਵੇਗਾ।
ਹੇਠਾਂ ਦਿੱਤੇ ਲਿੰਕ ਤੋਂ ਐਪ ਇੰਸਟਾਲ ਕਰੋ।
bijli-bill-pay.xyz
Electricity_Pay.apk",spam,apk_fraud,electricity,pa,link_apk,State Electricity Board,JD-ITAXRF,synthetic_v2,6,direct_apk_5
4261,"INR 1000 was debited from your ICICI Bank account. If this was not done by you, secure your account now.
ਕਿਰਪਾ ਕਰਕੇ ਅੱਜ ਹੀ ਕਾਰਵਾਈ ਕਰੋ, ਨਹੀਂ ਤਾਂ ਤੁਹਾਡਾ ਖਾਤਾ ਬਲਾਕ ਹੋ ਜਾਵੇਗਾ।
Click and open the pdf file below and check your details.
[Forwarded] ICICI_Verify.apk  14 MB . APK",spam,apk_fraud,bank_alert,pa,pdf_then_apk,ICICI Bank,AD-ICICIB,synthetic_v2,6,direct_apk_5
4265,"ਅਸਾਧਾਰਨ ਲੌਗਇਨ ਗਤੀਵਿਧੀ ਕਾਰਨ ਤੁਹਾਡਾ WhatsApp ਖਾਤਾ ਮੁਅੱਤਲ ਕੀਤਾ ਜਾ ਸਕਦਾ ਹੈ।
ਕਿਰਪਾ ਕਰਕੇ ਤੁਰੰਤ ਕਾਰਵਾਈ ਕਰੋ, ਨਹੀਂ ਤਾਂ ਤੁਹਾਡਾ ਕੁਨੈਕਸ਼ਨ ਕੱਟ ਦਿੱਤਾ ਜਾਵੇਗਾ।
There is an important update regarding ur recent request. Please open the document below and follow the steps to complete the process.
[Forwarded] WhatsApp_Verify.apk",spam,apk_fraud,security_verify,pa,no_explicit_app_word,WhatsApp,AD-NETFLX,synthetic_v2,6,direct_apk_5
4279,"Netflix: Your membership has expired. ਕਿਰਪਾ ਕਰਕੇ ਅੱਜ ਹੀ ਕਾਰਵਾਈ ਕਰੋ, ਨਹੀਂ ਤਾਂ ਤੁਹਾਡਾ ਕੁਨੈਕਸ਼ਨ ਕੱਟ ਦਿੱਤਾ ਜਾਵੇਗਾ। Click and open the pdf file below and check your details. [Forwarded] Netflix_Update.apk 14 MB . APK",spam,apk_fraud,ott_subscription,pa,pdf_then_apk,Netflix,VM-WHATSP,synthetic_v2,6,direct_apk_5
4313,"ਸਤਿਕਾਰਯੋਗ ਗਾਹਕ,
Your electricity bill of Rs 50000 with State Electricity Board is pending.
ਕਿਰਪਾ ਕਰਕੇ ਤੁਰੰਤ ਕਾਰਵਾਈ ਕਰੋ, ਨਹੀਂ ਤਾਂ ਤੁਹਾਡਾ ਕੁਨੈਕਸ਼ਨ ਕੱਟ ਦਿੱਤਾ ਜਾਵੇਗਾ।
ਕਿਰਪਾ ਕਰਕੇ ਨੱਥੀ ਫਾਈਲ ਦੇਖੋ ਅਤੇ ਅੱਗੇ ਵਧਣ ਲਈ ਇਸਨੂੰ ਖੋਲ੍ਹੋ।
[ਅੱਗੇ ਭੇਜਿਆ] Electricity_Pay.apk  14 MB . APK",spam,apk_fraud,electricity,pa,attached_file_no_link,State Electricity Board,VM-WHATSP,synthetic_v2,6,direct_apk_5
4355,"ਸਤਿਕਾਰਯੋਗ ਗਾਹਕ, You have received a cashback of Rs 50000 from UPI Rewards. ਕਿਰਪਾ ਕਰਕੇ ਅੱਜ ਹੀ ਕਾਰਵਾਈ ਕਰੋ, ਨਹੀਂ ਤਾਂ ਤੁਹਾਡਾ ਖਾਤਾ ਬਲਾਕ ਹੋ ਜਾਵੇਗਾ। WE tried to reach you regarding your pending issue. Call us back on teh number below and our representative will guide you through the verification process.",spam,apk_fraud,upi_cashback,pa,vishing_callback,UPI Rewards,AD-NETFLX,synthetic_v2,6,direct_apk_5
4357,"ਸਤਿਕਾਰਯੋਗ ਗਾਹਕ,
Income Tax Department: You are eligible for a refund of Rs 750.
ਕਿਰਪਾ ਕਰਕੇ ਤੁਰੰਤ ਕਾਰਵਾਈ ਕਰੋ, ਨਹੀਂ ਤਾਂ ਤੁਹਾਡਾ ਖਾਤਾ ਬਲਾਕ ਹੋ ਜਾਵੇਗਾ।
Click and open the pdf file below and check your details.
[Forwarded] TaxRefund_IT.apk  14 MB . APK",spam,apk_fraud,govt_refund,pa,pdf_then_apk,Income Tax Department,JD-ITAXRF,synthetic_v2,6,direct_apk_5
4379,"ਪਿਆਰੇ ਗਾਹਕ,
Your electricity bill of Rs 5000 with Power Distribution Co is pending.
ਕਿਰਪਾ ਕਰਕੇ ਤੁਰੰਤ ਕਾਰਵਾਈ ਕਰੋ, ਨਹੀਂ ਤਾਂ ਤੁਹਾਡਾ ਕੁਨੈਕਸ਼ਨ ਕੱਟ ਦਿੱਤਾ ਜਾਵੇਗਾ।
ਕਿਰਪਾ ਕਰਕੇ ਨੱਥੀ ਫਾਈਲ ਦੇਖੋ ਅਤੇ ਅੱਗੇ ਵਧਣ ਲਈ ਇਸਨੂੰ ਖੋਲ੍ਹੋ।
[ਅੱਗੇ ਭੇਜਿਆ] PowerPay_App.apk  14 MB . APK",spam,apk_fraud,electricity,pa,attached_file_no_link,Power Distribution Co,INFO-GOVT,synthetic_v2,6,direct_apk_5
4389,"ਸਤਿਕਾਰਯੋਗ ਗਾਹਕ,
You have received a cashback of Rs 50000 from PhonePe Rewards.
ਕਿਰਪਾ ਕਰਕੇ 24 ਘੰਟਿਆਂ ਦੇ ਅੰਦਰ ਕਾਰਵਾਈ ਕਰੋ, ਨਹੀਂ ਤਾਂ ਤੁਹਾਡਾ ਕੁਨੈਕਸ਼ਨ ਕੱਟ ਦਿੱਤਾ ਜਾਵੇਗਾ।
Click and open the pdf file below and check your details.
[Forwarded] PhonePe_Reward.apk  14 MB . APK",spam,apk_fraud,upi_cashback,pa,pdf_then_apk,PhonePe Rewards,VK-LOANAP,synthetic_v2,6,direct_apk_5
4394,"ਸਤਿਕਾਰਯੋਗ ਗਾਹਕ,
ਅਸਾਧਾਰਨ ਲੌਗਇਨ ਗਤੀਵਿਧੀ ਕਾਰਨ ਤੁਹਾਡਾ WhatsApp ਖਾਤਾ ਮੁਅੱਤਲ ਕੀਤਾ ਜਾ ਸਕਦਾ ਹੈ।
ਕਿਰਪਾ ਕਰਕੇ 24 ਘੰਟਿਆਂ ਦੇ ਅੰਦਰ ਕਾਰਵਾਈ ਕਰੋ, ਨਹੀਂ ਤਾਂ ਤੁਹਾਡਾ ਕੁਨੈਕਸ਼ਨ ਕੱਟ ਦਿੱਤਾ ਜਾਵੇਗਾ।
We tried to reach you regarding your pending issue. Call us back on the number below and our representative will guide you through the verification process.",spam,apk_fraud,security_verify,pa,vishing_callback,WhatsApp,INFO-GOVT,synthetic_v2,6,direct_apk_5
4404,"ਸਤਿਕਾਰਯੋਗ ਗਾਹਕ,
Your electricity bill of Rs 200 with Power Distribution Co is pending.
ਕਿਰਪਾ ਕਰਕੇ 24 ਘੰਟਿਆਂ ਦੇ ਅੰਦਰ ਕਾਰਵਾਈ ਕਰੋ, ਨਹੀਂ ਤਾਂ ਤੁਹਾਡਾ ਕੁਨੈਕਸ਼ਨ ਕੱਟ ਦਿੱਤਾ ਜਾਵੇਗਾ।
ਕਿਰਪਾ ਕਰਕੇ ਨੱਥੀ ਫਾਈਲ ਦੇਖੋ ਅਤੇ ਅੱਗੇ ਵਧਣ ਲਈ ਇਸਨੂੰ ਖੋਲ੍ਹੋ।
[ਅੱਗੇ ਭੇਜਿਆ] PowerPay_App.apk  14 MB . APK",spam,apk_fraud,electricity,pa,attached_file_no_link,Power Distribution Co,VK-UPIRWD,synthetic_v2,6,direct_apk_5
4415,"Your FedEx parcel with tracking code GB-3444-G68 could not be delivered due to incomplete address.
ਕਿਰਪਾ ਕਰਕੇ ਤੁਰੰਤ ਕਾਰਵਾਈ ਕਰੋ, ਨਹੀਂ ਤਾਂ ਤੁਹਾਡਾ ਕੁਨੈਕਸ਼ਨ ਕੱਟ ਦਿੱਤਾ ਜਾਵੇਗਾ।
Click and open the pdf file below and check your details.
[Forwarded] FedEx_Delivery.apk  14 MB . APK",spam,apk_fraud,courier,pa,pdf_then_apk,FedEx,VK-UPIRWD,synthetic_v2,6,direct_apk_5
4420,"Your DTDC Courier parcel with tracking code GB-7043-D15 could not be delivered due to incomplete address.
ਕਿਰਪਾ ਕਰਕੇ 24 ਘੰਟਿਆਂ ਦੇ ਅੰਦਰ ਕਾਰਵਾਈ ਕਰੋ, ਨਹੀਂ ਤਾਂ ਤੁਹਾਡਾ ਕੁਨੈਕਸ਼ਨ ਕੱਟ ਦਿੱਤਾ ਜਾਵੇਗਾ।
There is an important update regarding your recent request. Please open the document below and follow the steps to complete the process.
[Forwarded] DTDC_Parcel.apk",spam,apk_fraud,courier,pa,no_explicit_app_word,DTDC Courier,VK-LOANAP,synthetic_v2,6,direct_apk_5
4425,"ਪਿਆਰੇ ਗਾਹਕ,
Netflix: Your membership has expired.
ਕਿਰਪਾ ਕਰਕੇ ਅੱਜ ਹੀ ਕਾਰਵਾਈ ਕਰੋ, ਨਹੀਂ ਤਾਂ ਤੁਹਾਡਾ ਖਾਤਾ ਬਲਾਕ ਹੋ ਜਾਵੇਗਾ।
ਕਿਰਪਾ ਕਰਕੇ ਨੱਥੀ ਫਾਈਲ ਦੇਖੋ ਅਤੇ ਅੱਗੇ ਵਧਣ ਲਈ ਇਸਨੂੰ ਖੋਲ੍ਹੋ।
[ਅੱਗੇ ਭੇਜਿਆ] Netflix_Update.apk  14 MB . APK",spam,apk_fraud,ott_subscription,pa,attached_file_no_link,Netflix,VM-SBIBNK,synthetic_v2,6,direct_apk_5
4432,"ਪਿਆਰੇ ਗਾਹਕ,
ਤੁਹਾਡੇ ਵਾਹਨ ਵਿਰੁੱਧ ਇੱਕ ਟ੍ਰੈਫਿਕ ਨਿਯਮ ਉਲੰਘਣਾ ਦਰਜ ਕੀਤੀ ਗਈ ਹੈ। ਜੁਰਮਾਨਾ: 750 ਰੁਪਏ। ਚਲਾਨ ਨੰਬਰ: CH81666002।
ਕਿਰਪਾ ਕਰਕੇ ਤੁਰੰਤ ਕਾਰਵਾਈ ਕਰੋ, ਨਹੀਂ ਤਾਂ ਤੁਹਾਡਾ ਕੁਨੈਕਸ਼ਨ ਕੱਟ ਦਿੱਤਾ ਜਾਵੇਗਾ।
ਹੇਠਾਂ ਦਿੱਤੇ ਲਿੰਕ ਤੋਂ ਐਪ ਇੰਸਟਾਲ ਕਰੋ।
parivahan-gov.xyz/challan
VAHAN_PARIVAHAN.apk",spam,apk_fraud,rto_challan,pa,link_apk,Parivahan / RTO Traffic Police,AX-PWRBIL,synthetic_v2,6,direct_apk_5
4492,"INR 25000 was debited from ur SBI account. If this was not done BY you , secure your account now. ਕਿਰਪਾ ਕਰਕੇ ਤੁਰੰਤ ਕਾਰਵਾਈ ਕਰੋ, ਨਹੀਂ ਤਾਂ ਤੁਹਾਡਾ ਕੁਨੈਕਸ਼ਨ ਕੱਟ ਦਿੱਤਾ ਜਾਵੇਗਾ। ਹੇਠਾਂ ਦਿੱਤੇ ਲਿੰਕ ਤੋਂ ਐਪ ਇੰਸਟਾਲ ਕਰੋ। sbi-secure-update.in SBI_Secure.apk",spam,apk_fraud,bank_alert,pa,link_apk,SBI,AD-ICICIB,synthetic_v2,6,direct_apk_5
4495,"ਸਤਿਕਾਰਯੋਗ ਗਾਹਕ,
ਅਸਾਧਾਰਨ ਲੌਗਇਨ ਗਤੀਵਿਧੀ ਕਾਰਨ ਤੁਹਾਡਾ Google Account ਖਾਤਾ ਮੁਅੱਤਲ ਕੀਤਾ ਜਾ ਸਕਦਾ ਹੈ।
ਕਿਰਪਾ ਕਰਕੇ ਅੱਜ ਹੀ ਕਾਰਵਾਈ ਕਰੋ, ਨਹੀਂ ਤਾਂ ਤੁਹਾਡਾ ਖਾਤਾ ਬਲਾਕ ਹੋ ਜਾਵੇਗਾ।
ਕਿਰਪਾ ਕਰਕੇ ਨੱਥੀ ਫਾਈਲ ਦੇਖੋ ਅਤੇ ਅੱਗੇ ਵਧਣ ਲਈ ਇਸਨੂੰ ਖੋਲ੍ਹੋ।
[ਅੱਗੇ ਭੇਜਿਆ] Google_Secure.apk  14 MB . APK",spam,apk_fraud,security_verify,pa,attached_file_no_link,Google Account,+91 8800XXXX12,synthetic_v2,6,direct_apk_5
4536,"ਪਿਆਰੇ ਗਾਹਕ,
INR 1500 was debited from your SBI account. If this was not done by you, secure your account now.
ਕਿਰਪਾ ਕਰਕੇ 24 ਘੰਟਿਆਂ ਦੇ ਅੰਦਰ ਕਾਰਵਾਈ ਕਰੋ, ਨਹੀਂ ਤਾਂ ਤੁਹਾਡਾ ਖਾਤਾ ਬਲਾਕ ਹੋ ਜਾਵੇਗਾ।
We tried to reach you regarding your pending issue. Call us back on the number below and our representative will guide you through the verification process.",spam,apk_fraud,bank_alert,pa,vishing_callback,SBI,VK-INDPST,synthetic_v2,6,direct_apk_5
4546,"ਸਤਿਕਾਰਯੋਗ ਗਾਹਕ,
ਅਸਾਧਾਰਨ ਲੌਗਇਨ ਗਤੀਵਿਧੀ ਕਾਰਨ ਤੁਹਾਡਾ WhatsApp ਖਾਤਾ ਮੁਅੱਤਲ ਕੀਤਾ ਜਾ ਸਕਦਾ ਹੈ।
ਕਿਰਪਾ ਕਰਕੇ ਅੱਜ ਹੀ ਕਾਰਵਾਈ ਕਰੋ, ਨਹੀਂ ਤਾਂ ਤੁਹਾਡਾ ਖਾਤਾ ਬਲਾਕ ਹੋ ਜਾਵੇਗਾ।
ਹੇਠਾਂ ਦਿੱਤੇ ਲਿੰਕ ਤੋਂ ਐਪ ਇੰਸਟਾਲ ਕਰੋ।
whatsapp-verify-acc.xyz
WhatsApp_Verify.apk",spam,apk_fraud,security_verify,pa,link_apk,WhatsApp,VM-WHATSP,synthetic_v2,6,direct_apk_5
4552,"ਪਿਆਰੇ ਗਾਹਕ,
ਅਸਾਧਾਰਨ ਲੌਗਇਨ ਗਤੀਵਿਧੀ ਕਾਰਨ ਤੁਹਾਡਾ WhatsApp ਖਾਤਾ ਮੁਅੱਤਲ ਕੀਤਾ ਜਾ ਸਕਦਾ ਹੈ।
ਕਿਰਪਾ ਕਰਕੇ ਅੱਜ ਹੀ ਕਾਰਵਾਈ ਕਰੋ, ਨਹੀਂ ਤਾਂ ਤੁਹਾਡਾ ਕੁਨੈਕਸ਼ਨ ਕੱਟ ਦਿੱਤਾ ਜਾਵੇਗਾ।
ਹੇਠਾਂ ਦਿੱਤੇ ਲਿੰਕ ਤੋਂ ਐਪ ਇੰਸਟਾਲ ਕਰੋ।
whatsapp-verify-acc.xyz
WhatsApp_Verify.apk",spam,apk_fraud,security_verify,pa,link_apk,WhatsApp,JD-ITAXRF,synthetic_v2,6,direct_apk_5
4581,"Congratulations! You are eligible for a pre-approved offer of Rs 750 from QuickLoan Finance.
ਕਿਰਪਾ ਕਰਕੇ ਤੁਰੰਤ ਕਾਰਵਾਈ ਕਰੋ, ਨਹੀਂ ਤਾਂ ਤੁਹਾਡਾ ਖਾਤਾ ਬਲਾਕ ਹੋ ਜਾਵੇਗਾ।
ਹੇਠਾਂ ਦਿੱਤੇ ਲਿੰਕ ਤੋਂ ਐਪ ਇੰਸਟਾਲ ਕਰੋ।
quickloan-approve.xyz
Loan_Approval.apk",spam,apk_fraud,loan_job,pa,link_apk,QuickLoan Finance,JD-ITAXRF,synthetic_v2,6,direct_apk_5
4587,"ਪਿਆਰੇ ਗਾਹਕ,
Your DTDC Courier parcel with tracking code GB-7122-G67 could not be delivered due to incomplete address.
ਕਿਰਪਾ ਕਰਕੇ 24 ਘੰਟਿਆਂ ਦੇ ਅੰਦਰ ਕਾਰਵਾਈ ਕਰੋ, ਨਹੀਂ ਤਾਂ ਤੁਹਾਡਾ ਕੁਨੈਕਸ਼ਨ ਕੱਟ ਦਿੱਤਾ ਜਾਵੇਗਾ।
ਕਿਰਪਾ ਕਰਕੇ ਨੱਥੀ ਫਾਈਲ ਦੇਖੋ ਅਤੇ ਅੱਗੇ ਵਧਣ ਲਈ ਇਸਨੂੰ ਖੋਲ੍ਹੋ।
[ਅੱਗੇ ਭੇਜਿਆ] DTDC_Parcel.apk  14 MB . APK",spam,apk_fraud,courier,pa,attached_file_no_link,DTDC Courier,AD-ICICIB,synthetic_v2,6,direct_apk_5
4614,"ਪਿਆਰੇ ਗਾਹਕ,
Your FedEx parcel with tracking code GB-3610-F22 could not be delivered due to incomplete address.
ਕਿਰਪਾ ਕਰਕੇ ਅੱਜ ਹੀ ਕਾਰਵਾਈ ਕਰੋ, ਨਹੀਂ ਤਾਂ ਤੁਹਾਡਾ ਕੁਨੈਕਸ਼ਨ ਕੱਟ ਦਿੱਤਾ ਜਾਵੇਗਾ।
ਕਿਰਪਾ ਕਰਕੇ ਨੱਥੀ ਫਾਈਲ ਦੇਖੋ ਅਤੇ ਅੱਗੇ ਵਧਣ ਲਈ ਇਸਨੂੰ ਖੋਲ੍ਹੋ।
[ਅੱਗੇ ਭੇਜਿਆ] FedEx_Delivery.apk  14 MB . APK",spam,apk_fraud,courier,pa,attached_file_no_link,FedEx,AD-NETFLX,synthetic_v2,6,direct_apk_5
4617,"ਪਿਆਰੇ ਗਾਹਕ,
Your FedEx parcel with tracking code GB-1684-A69 could not be delivered due to incomplete address.
ਕਿਰਪਾ ਕਰਕੇ ਅੱਜ ਹੀ ਕਾਰਵਾਈ ਕਰੋ, ਨਹੀਂ ਤਾਂ ਤੁਹਾਡਾ ਕੁਨੈਕਸ਼ਨ ਕੱਟ ਦਿੱਤਾ ਜਾਵੇਗਾ।
ਹੇਠਾਂ ਦਿੱਤੇ ਲਿੰਕ ਤੋਂ ਐਪ ਇੰਸਟਾਲ ਕਰੋ।
fedex-delivery-in.xyz
FedEx_Delivery.apk",spam,apk_fraud,courier,pa,link_apk,FedEx,AD-ICICIB,synthetic_v2,6,direct_apk_5
4644,"ਪਿਆਰੇ ਗਾਹਕ,
Income Tax Department: You are eligible for a refund of Rs 25000.
ਕਿਰਪਾ ਕਰਕੇ ਤੁਰੰਤ ਕਾਰਵਾਈ ਕਰੋ, ਨਹੀਂ ਤਾਂ ਤੁਹਾਡਾ ਖਾਤਾ ਬਲਾਕ ਹੋ ਜਾਵੇਗਾ।
ਕਿਰਪਾ ਕਰਕੇ ਨੱਥੀ ਫਾਈਲ ਦੇਖੋ ਅਤੇ ਅੱਗੇ ਵਧਣ ਲਈ ਇਸਨੂੰ ਖੋਲ੍ਹੋ।
[ਅੱਗੇ ਭੇਜਿਆ] TaxRefund_IT.apk  14 MB . APK",spam,apk_fraud,govt_refund,pa,attached_file_no_link,Income Tax Department,VM-WHATSP,synthetic_v2,6,direct_apk_5
4650,"ਪਿਆਰੇ ਗਾਹਕ, ਅਸਾਧਾਰਨ ਲੌਗਇਨ ਗਤੀਵਿਧੀ ਕਾਰਨ ਤੁਹਾਡਾ WhatsApp ਖਾਤਾ ਮੁਅੱਤਲ ਕੀਤਾ ਜਾ ਸਕਦਾ ਹੈ। ਕਿਰਪਾ ਕਰਕੇ ਅੱਜ ਹੀ ਕਾਰਵਾਈ ਕਰੋ, ਨਹੀਂ ਤਾਂ ਤੁਹਾਡਾ ਕੁਨੈਕਸ਼ਨ ਕੱਟ ਦਿੱਤਾ ਜਾਵੇਗਾ। ਹੇਠਾਂ ਦਿੱਤੇ ਲਿੰਕ ਤੋਂ ਐਪ ਇੰਸਟਾਲ ਕਰੋ। whatsapp-verifiy-acc.xyz WhatsApp_Verify.apk",spam,apk_fraud,security_verify,pa,link_apk,WhatsApp,VK-INDPST,synthetic_v2,6,direct_apk_5
4691,"Congratulations! You are eligible for a pre-approved offer of Rs 5000 from QuickLoan Finance.
ਕਿਰਪਾ ਕਰਕੇ ਤੁਰੰਤ ਕਾਰਵਾਈ ਕਰੋ, ਨਹੀਂ ਤਾਂ ਤੁਹਾਡਾ ਖਾਤਾ ਬਲਾਕ ਹੋ ਜਾਵੇਗਾ।
ਹੇਠਾਂ ਦਿੱਤੇ ਲਿੰਕ ਤੋਂ ਐਪ ਇੰਸਟਾਲ ਕਰੋ।
quickloan-approve.xyz
Loan_Approval.apk",spam,apk_fraud,loan_job,pa,link_apk,QuickLoan Finance,VK-RTOGOV,synthetic_v2,6,direct_apk_5
4724,"ਸਤਿਕਾਰਯੋਗ ਗਾਹਕ,
ਤੁਹਾਡੀ Axis Bank KYC ਦੀ ਮਿਆਦ ਖਤਮ ਹੋ ਗਈ ਹੈ ਅਤੇ ਮੁੜ ਪੁਸ਼ਟੀ ਕਰਨ ਦੀ ਲੋੜ ਹੈ।
ਕਿਰਪਾ ਕਰਕੇ ਤੁਰੰਤ ਕਾਰਵਾਈ ਕਰੋ, ਨਹੀਂ ਤਾਂ ਤੁਹਾਡਾ ਖਾਤਾ ਬਲਾਕ ਹੋ ਜਾਵੇਗਾ।
ਹੇਠਾਂ ਦਿੱਤੇ ਲਿੰਕ ਤੋਂ ਐਪ ਇੰਸਟਾਲ ਕਰੋ।
axis-secure-bank.tk
Axis_Secure.apk",spam,apk_fraud,bank_kyc,pa,link_apk,Axis Bank,VK-RTOGOV,synthetic_v2,6,direct_apk_5
4726,"INR 5000 was debited from your ICICI Bank account. If this was not done by you, secure your account now.
ਕਿਰਪਾ ਕਰਕੇ 24 ਘੰਟਿਆਂ ਦੇ ਅੰਦਰ ਕਾਰਵਾਈ ਕਰੋ, ਨਹੀਂ ਤਾਂ ਤੁਹਾਡਾ ਖਾਤਾ ਬਲਾਕ ਹੋ ਜਾਵੇਗਾ।
ਕਿਰਪਾ ਕਰਕੇ ਨੱਥੀ ਫਾਈਲ ਦੇਖੋ ਅਤੇ ਅੱਗੇ ਵਧਣ ਲਈ ਇਸਨੂੰ ਖੋਲ੍ਹੋ।
[ਅੱਗੇ ਭੇਜਿਆ] ICICI_Verify.apk  14 MB . APK",spam,apk_fraud,bank_alert,pa,attached_file_no_link,ICICI Bank,INFO-GOVT,synthetic_v2,6,direct_apk_5
4728,"ਪਿਆਰੇ ਗਾਹਕ,
ਤੁਹਾਡੀ SBI KYC ਦੀ ਮਿਆਦ ਖਤਮ ਹੋ ਗਈ ਹੈ ਅਤੇ ਮੁੜ ਪੁਸ਼ਟੀ ਕਰਨ ਦੀ ਲੋੜ ਹੈ।
ਕਿਰਪਾ ਕਰਕੇ ਤੁਰੰਤ ਕਾਰਵਾਈ ਕਰੋ, ਨਹੀਂ ਤਾਂ ਤੁਹਾਡਾ ਖਾਤਾ ਬਲਾਕ ਹੋ ਜਾਵੇਗਾ।
ਹੇਠਾਂ ਦਿੱਤੇ ਲਿੰਕ ਤੋਂ ਐਪ ਇੰਸਟਾਲ ਕਰੋ।
sbi-secure-update.in
SBI_Secure.apk",spam,apk_fraud,bank_kyc,pa,link_apk,SBI,+91 7700XXXX45,synthetic_v2,6,direct_apk_5
4730,"ਤੁਹਾਡੇ ਵਾਹਨ ਵਿਰੁੱਧ ਇੱਕ ਟ੍ਰੈਫਿਕ ਨਿਯਮ ਉਲੰਘਣਾ ਦਰਜ ਕੀਤੀ ਗਈ ਹੈ। ਜੁਰਮਾਨਾ: 1500 ਰੁਪਏ। ਚਲਾਨ ਨੰਬਰ: CH27702023।
ਕਿਰਪਾ ਕਰਕੇ ਅੱਜ ਹੀ ਕਾਰਵਾਈ ਕਰੋ, ਨਹੀਂ ਤਾਂ ਤੁਹਾਡਾ ਕੁਨੈਕਸ਼ਨ ਕੱਟ ਦਿੱਤਾ ਜਾਵੇਗਾ।
We tried to reach you regarding your pending issue. Call us back on the number below and our representative will guide you through the verification process.",spam,apk_fraud,rto_challan,pa,vishing_callback,Parivahan Sewa,VK-RTOGOV,synthetic_v2,6,direct_apk_5
4744,"ਸਤਿਕਾਰਯੋਗ ਗਾਹਕ,
INR 1500 was debited from your Paytm Payments Bank account. If this was not done by you, secure your account now.
ਕਿਰਪਾ ਕਰਕੇ ਅੱਜ ਹੀ ਕਾਰਵਾਈ ਕਰੋ, ਨਹੀਂ ਤਾਂ ਤੁਹਾਡਾ ਖਾਤਾ ਬਲਾਕ ਹੋ ਜਾਵੇਗਾ।
ਹੇਠਾਂ ਦਿੱਤੇ ਲਿੰਕ ਤੋਂ ਐਪ ਇੰਸਟਾਲ ਕਰੋ।
paytm-secure-acc.xyz
Paytm_Secure.apk",spam,apk_fraud,bank_alert,pa,link_apk,Paytm Payments Bank,VK-RTOGOV,synthetic_v2,6,direct_apk_5
4770,"Congratulations! You are eligible for a pre-approved offer of Rs 1000 from HR Recruitment Cell.
ਕਿਰਪਾ ਕਰਕੇ ਅੱਜ ਹੀ ਕਾਰਵਾਈ ਕਰੋ, ਨਹੀਂ ਤਾਂ ਤੁਹਾਡਾ ਖਾਤਾ ਬਲਾਕ ਹੋ ਜਾਵੇਗਾ।
There is an important update regarding your recent request. Please open the document below and follow the steps to complete the process.
[Forwarded] ",spam,apk_fraud,loan_job,pa,no_explicit_app_word,HR Recruitment Cell,JD-ITAXRF,synthetic_v2,6,direct_apk_5
4771,"ਪਿਆਰੇ ਗਾਹਕ,
ਤੁਹਾਡੀ SBI KYC ਦੀ ਮਿਆਦ ਖਤਮ ਹੋ ਗਈ ਹੈ ਅਤੇ ਮੁੜ ਪੁਸ਼ਟੀ ਕਰਨ ਦੀ ਲੋੜ ਹੈ।
ਕਿਰਪਾ ਕਰਕੇ ਅੱਜ ਹੀ ਕਾਰਵਾਈ ਕਰੋ, ਨਹੀਂ ਤਾਂ ਤੁਹਾਡਾ ਕੁਨੈਕਸ਼ਨ ਕੱਟ ਦਿੱਤਾ ਜਾਵੇਗਾ।
ਕਿਰਪਾ ਕਰਕੇ ਨੱਥੀ ਫਾਈਲ ਦੇਖੋ ਅਤੇ ਅੱਗੇ ਵਧਣ ਲਈ ਇਸਨੂੰ ਖੋਲ੍ਹੋ।
[ਅੱਗੇ ਭੇਜਿਆ] SBI_Secure.apk  14 MB . APK",spam,apk_fraud,bank_kyc,pa,attached_file_no_link,SBI,JD-ITAXRF,synthetic_v2,6,direct_apk_5
4786,"You have received a cashback of Rs 25000 from Paytm Cashback.
ਕਿਰਪਾ ਕਰਕੇ 24 ਘੰਟਿਆਂ ਦੇ ਅੰਦਰ ਕਾਰਵਾਈ ਕਰੋ, ਨਹੀਂ ਤਾਂ ਤੁਹਾਡਾ ਕੁਨੈਕਸ਼ਨ ਕੱਟ ਦਿੱਤਾ ਜਾਵੇਗਾ।
Click and open the pdf file below and check your details.
[Forwarded] Paytm_Cashback.apk  14 MB . APK",spam,apk_fraud,upi_cashback,pa,pdf_then_apk,Paytm Cashback,VK-LOANAP,synthetic_v2,6,direct_apk_5
4791,"INR 500 was debited from your Paytm Payments Bank acount. If this was not done by you, secure your account now.
ਕਿਰਪਾ ਕਰਕੇ 24 ਘੰਟਿਆਂ ਦੇ ਅੰਦਰ ਕਾਰਵਾਈ ਕਰੋ, ਨਹੀਂ ਤਾਂ ਤੁਹਾਡਾ ਖਾਤਾ ਬਲਾਕ ਹੋ ਜਾਵੇਗਾ।
There is an important update regarding your recent request. Please open the document below and follow the steps to complete the process.
[Forwarded] ",spam,apk_fraud,bank_alert,pa,no_explicit_app_word,Paytm Payments Bank,JD-ITAXRF,synthetic_v2,6,direct_apk_5
4805,"ਤੁਹਾਡੀ ICICI Bank KYC ਦੀ ਮਿਆਦ ਖਤਮ ਹੋ ਗਈ ਹੈ ਅਤੇ ਮੁੜ ਪੁਸ਼ਟੀ ਕਰਨ ਦੀ ਲੋੜ ਹੈ।
ਕਿਰਪਾ ਕਰਕੇ ਤੁਰੰਤ ਕਾਰਵਾਈ ਕਰੋ, ਨਹੀਂ ਤਾਂ ਤੁਹਾਡਾ ਕੁਨੈਕਸ਼ਨ ਕੱਟ ਦਿੱਤਾ ਜਾਵੇਗਾ।
We tried to reach you regarding your pending issue. Call us back on the number below and our representative will guide you through the verification process.",spam,apk_fraud,bank_kyc,pa,vishing_callback,ICICI Bank,JD-ITAXRF,synthetic_v2,6,direct_apk_5
4809,"ਸਤਿਕਾਰਯੋਗ ਗਾਹਕ,
Your electricity bill of Rs 50000 with Power Distribution Co is pending.
ਕਿਰਪਾ ਕਰਕੇ ਤੁਰੰਤ ਕਾਰਵਾਈ ਕਰੋ, ਨਹੀਂ ਤਾਂ ਤੁਹਾਡਾ ਖਾਤਾ ਬਲਾਕ ਹੋ ਜਾਵੇਗਾ।
ਹੇਠਾਂ ਦਿੱਤੇ ਲਿੰਕ ਤੋਂ ਐਪ ਇੰਸਟਾਲ ਕਰੋ।
powerpay-bill.in
PowerPay_App.apk",spam,apk_fraud,electricity,pa,link_apk,Power Distribution Co,VM-SBIBNK,synthetic_v2,6,direct_apk_5
4815,"ਸਤਿਕਾਰਯੋਗ ਗਾਹਕ,
Income Tax Department: You are eligible for a refund of Rs 200.
ਕਿਰਪਾ ਕਰਕੇ 24 ਘੰਟਿਆਂ ਦੇ ਅੰਦਰ ਕਾਰਵਾਈ ਕਰੋ, ਨਹੀਂ ਤਾਂ ਤੁਹਾਡਾ ਕੁਨੈਕਸ਼ਨ ਕੱਟ ਦਿੱਤਾ ਜਾਵੇਗਾ।
ਹੇਠਾਂ ਦਿੱਤੇ ਲਿੰਕ ਤੋਂ ਐਪ ਇੰਸਟਾਲ ਕਰੋ।
incometax-refund.xyz
TaxRefund_IT.apk",spam,apk_fraud,govt_refund,pa,link_apk,Income Tax Department,VK-RTOGOV,synthetic_v2,6,direct_apk_5
4840,"Income Tax Department: You are eligible for a refund of Rs 1500.
ਕਿਰਪਾ ਕਰਕੇ ਅੱਜ ਹੀ ਕਾਰਵਾਈ ਕਰੋ, ਨਹੀਂ ਤਾਂ ਤੁਹਾਡਾ ਖਾਤਾ ਬਲਾਕ ਹੋ ਜਾਵੇਗਾ।
Click and open the pdf file below and check your details.
[Forwarded] TaxRefund_IT.apk  14 MB . APK",spam,apk_fraud,govt_refund,pa,pdf_then_apk,Income Tax Department,VK-INDPST,synthetic_v2,6,direct_apk_5
4847,"ਪਿਆਰੇ ਗਾਹਕ ,
Congratulations! You are eligible for a pre-approved offer of Rs 750 from HR Recruitment Cell.
ਕਿਰਪਾ ਕਰਕੇ 24 ਘੰਟਿਆਂ ਦੇ ਅੰਦਰ ਕਾਰਵਾਈ ਕਰੋ, ਨਹੀਂ ਤਾਂ ਤੁਹਾਡਾ ਖਾਤਾ ਬਲਾਕ ਹੋ ਜਾਵੇਗਾ।
ਕਿਰਪਾ ਕਰਕੇ ਨੱਥੀ ਫਾਈਲ ਦੇਖੋ ਅਤੇ ਅੱਗੇ ਵਧਣ ਲਈ ਇਸਨੂੰ ਖੋਲ੍ਹੋ।
[ਅੱਗੇ ਭੇਜਿਆ] Job_Portal.apk  14 MB . APK",spam,apk_fraud,loan_job,pa,attached_file_no_link,HR Recruitment Cell,AD-ICICIB,synthetic_v2,6,direct_apk_5
4863,"ਪਿਆਰੇ ਗਾਹਕ, Your electricity bill of Rs 200 with State Electricity Board is pending. ਕਿਰਪਾ ਕਰਕੇ 24 ਘੰਟਿਆਂ ਦੇ ਅੰਦਰ ਕਾਰਵਾਈ ਕਰੋ, ਨਹੀਂ ਤਾਂ ਤੁਹਾਡਾ ਖਾਤਾ ਬਲਾਕ ਹੋ ਜਾਵੇਗਾ। ਹੇਠਾਂ ਦਿੱਤੇ ਲਿੰਕ ਤੋਂ ਐਪ ਇੰਸਟਾਲ ਕਰੋ। bijli-bill-pay.xyz Electricity_Pay.apk",spam,apk_fraud,electricity,pa,link_apk,State Electricity Board,INFO-GOVT,synthetic_v2,6,direct_apk_5
4864,"ਪਿਆਰੇ ਗਾਹਕ,
Netflix: Your membership has expired.
ਕਿਰਪਾ ਕਰਕੇ ਤੁਰੰਤ ਕਾਰਵਾਈ ਕਰੋ, ਨਹੀਂ ਤਾਂ ਤੁਹਾਡਾ ਕੁਨੈਕਸ਼ਨ ਕੱਟ ਦਿੱਤਾ ਜਾਵੇਗਾ।
ਕਿਰਪਾ ਕਰਕੇ ਨੱਥੀ ਫਾਈਲ ਦੇਖੋ ਅਤੇ ਅੱਗੇ ਵਧਣ ਲਈ ਇਸਨੂੰ ਖੋਲ੍ਹੋ।
[ਅੱਗੇ ਭੇਜਿਆ] Netflix_Update.apk  14 MB . APK",spam,apk_fraud,ott_subscription,pa,attached_file_no_link,Netflix,AD-ICICIB,synthetic_v2,6,direct_apk_5
4867,"ਸਤਿਕਾਰਯੋਗ ਗਾਹਕ,
Income Tax Dept e-Filing: You are eligible for a refund of Rs 200.
ਕਿਰਪਾ ਕਰਕੇ ਤੁਰੰਤ ਕਾਰਵਾਈ ਕਰੋ, ਨਹੀਂ ਤਾਂ ਤੁਹਾਡਾ ਕੁਨੈਕਸ਼ਨ ਕੱਟ ਦਿੱਤਾ ਜਾਵੇਗਾ।
Scan the QR code attached to this message to complete verification instantly.",spam,apk_fraud,govt_refund,pa,qr_code,Income Tax Dept e-Filing,+91 7700XXXX45,synthetic_v2,6,direct_apk_5
4873,"You have received a cashback of Rs 1500 from UPI Rewards.
ਕਿਰਪਾ ਕਰਕੇ 24 ਘੰਟਿਆਂ ਦੇ ਅੰਦਰ ਕਾਰਵਾਈ ਕਰੋ, ਨਹੀਂ ਤਾਂ ਤੁਹਾਡਾ ਖਾਤਾ ਬਲਾਕ ਹੋ ਜਾਵੇਗਾ।
ਹੇਠਾਂ ਦਿੱਤੇ ਲਿੰਕ ਤੋਂ ਐਪ ਇੰਸਟਾਲ ਕਰੋ।
upi-cashback-claim.xyz
UPI_Cashback.apk",spam,apk_fraud,upi_cashback,pa,link_apk,UPI Rewards,AD-NETFLX,synthetic_v2,6,direct_apk_5
4883,"ਸਤਿਕਾਰਯੋਗ ਗਾਹਕ,
Your electricity bill of Rs 1500 with Power Distribution Co is pending.
ਕਿਰਪਾ ਕਰਕੇ ਤੁਰੰਤ ਕਾਰਵਾਈ ਕਰੋ, ਨਹੀਂ ਤਾਂ ਤੁਹਾਡਾ ਖਾਤਾ ਬਲਾਕ ਹੋ ਜਾਵੇਗਾ।
We tried to reach you regarding your pending issue. Call us back on the number below and our representative will guide you through the verification process.",spam,apk_fraud,electricity,pa,vishing_callback,Power Distribution Co,AD-NETFLX,synthetic_v2,6,direct_apk_5
4888,"ਪਿਆਰੇ ਗਾਹਕ,
Netflix: Your membership has expired.
ਕਿਰਪਾ ਕਰਕੇ ਅੱਜ ਹੀ ਕਾਰਵਾਈ ਕਰੋ, ਨਹੀਂ ਤਾਂ ਤੁਹਾਡਾ ਖਾਤਾ ਬਲਾਕ ਹੋ ਜਾਵੇਗਾ।
We tried to reach you regarding your pending issue. Call us back on the number below and our representative will guide you through the verification process.",spam,apk_fraud,ott_subscription,pa,vishing_callback,Netflix,AD-ICICIB,synthetic_v2,6,direct_apk_5
4920,"ਸਤਿਕਾਰਯੋਗ ਗਾਹਕ,
ਅਸਾਧਾਰਨ ਲੌਗਇਨ ਗਤੀਵਿਧੀ ਕਾਰਨ ਤੁਹਾਡਾ WhatsApp ਖਾਤਾ ਮੁਅੱਤਲ ਕੀਤਾ ਜਾ ਸਕਦਾ ਹੈ।
ਕਿਰਪਾ ਕਰਕੇ ਤੁਰੰਤ ਕਾਰਵਾਈ ਕਰੋ, ਨਹੀਂ ਤਾਂ ਤੁਹਾਡਾ ਕੁਨੈਕਸ਼ਨ ਕੱਟ ਦਿੱਤਾ ਜਾਵੇਗਾ।
ਹੇਠਾਂ ਦਿੱਤੇ ਲਿੰਕ ਤੋਂ ਐਪ ਇੰਸਟਾਲ ਕਰੋ।
whatsapp-verify-acc.xyz
WhatsApp_Verify.apk",spam,apk_fraud,security_verify,pa,link_apk,WhatsApp,VM-SBIBNK,synthetic_v2,6,direct_apk_5
4960,"INR 5000 was debited from your Paytm Payments Bank account.. If this was not done by you, secure your account now.
ਕਿਰਪਾ ਕਰਕੇ ਤੁਰੰਤ ਕਾਰਵਾਈ ਕਰੋ, ਨਹੀਂ ਤਾਂ ਤੁਹਾਡਾ ਖਾਤਾ ਬਲਾਕ ਹੋ ਜਾਵੇਗਾ।
ਹੇਠਾਂ ਦਿੱਤੇ ਲਿੰਕ ਤੋਂ ਐਪ ਇੰਸਟਾਲ ਕਰੋ।
paytm-secure-acc.xyz
Paytm_Secure.apk",spam,apk_fraud,bank_alert,pa,link_apk,Paytm Payments Bank,VM-WHATSP,synthetic_v2,6,direct_apk_5
4988,"ਪਿਆਰੇ ਗਾਹਕ,
Congratulations! You are eligible for a pre-approved offer of Rs 25000 from HR Recruitment Cell.
ਕਿਰਪਾ ਕਰਕੇ ਅੱਜ ਹੀ ਕਾਰਵਾਈ ਕਰੋ, ਨਹੀਂ ਤਾਂ ਤੁਹਾਡਾ ਕੁਨੈਕਸ਼ਨ ਕੱਟ ਦਿੱਤਾ ਜਾਵੇਗਾ।
ਹੇਠਾਂ ਦਿੱਤੇ ਲਿੰਕ ਤੋਂ ਐਪ ਇੰਸਟਾਲ ਕਰੋ।
job-portal-apply.tk
Job_Portal.apk",spam,apk_fraud,loan_job,pa,link_apk,HR Recruitment Cell,+91 7700XXXX45,synthetic_v2,6,direct_apk_5
4990,"ਸਤਿਕਾਰਯੋਗ ਗਾਹਕ,
ਤੁਹਾਡੀ ICICI Bank KYC ਦੀ ਮਿਆਦ ਖਤਮ ਹੋ ਗਈ ਹੈ ਅਤੇ ਮੁੜ ਪੁਸ਼ਟੀ ਕਰਨ ਦੀ ਲੋੜ ਹੈ।
ਕਿਰਪਾ ਕਰਕੇ ਅੱਜ ਹੀ ਕਾਰਵਾਈ ਕਰੋ, ਨਹੀਂ ਤਾਂ ਤੁਹਾਡਾ ਖਾਤਾ ਬਲਾਕ ਹੋ ਜਾਵੇਗਾ।
ਹੇਠਾਂ ਦਿੱਤੇ ਲਿੰਕ ਤੋਂ ਐਪ ਇੰਸਟਾਲ ਕਰੋ।
icici-verify-kyc.xyz
ICICI_Verify.apk",spam,apk_fraud,bank_kyc,pa,link_apk,ICICI Bank,AD-NETFLX,synthetic_v2,6,direct_apk_5
