text,label,language,category,metadata,source
⚠️ IndusInd எச்சரிக்கை: புதிய பாதுகாப்பு ஆப்பைப் பதிவிறக்கம் செய்யவும்: https://sbi-update-kyc.top/app.apk,1,ta,direct_apk,"{""sender"": ""+911670073356"", ""language"": ""ta""}",synthetic_spam
"₹2,500 was debited from your Axis account. If this was not done by you, secure your account now. Kindly respond immediately, otherwise your account will be blocked. We tried to reach you regarding your pending issue. Call us back on the number below and our representative will guide you through the verification process.",1,en,callback_only_fraud,"{""sender"": ""noreply@mparivahan-dl.xyz"", ""language"": ""en""}",synthetic_spam
Myntra: Your order has shipped and will arrive soon. Track: myntr.it/s/8k2p,0,en,legitimate_delivery,"{""sender"": ""239299"", ""language"": ""en""}",synthetic_ham
শুভ জন্মদিন! 🎂 অনেক শুভেচ্ছা!,0,bn,personal_messages,"{""sender"": ""AD-UNIONB"", ""language"": ""bn""}",synthetic_ham
"Hey, are you coming to the party tonight? Let me know!",0,en,personal_messages,"{""sender"": ""990882"", ""language"": ""en""}",synthetic_ham
"आपके IDBI खाते से ₹2,500 डेबिट हुए। अगर यह आपने नहीं किया तो तुरंत अपना खाता सुरक्षित करें। कृपया 24 घंटे के भीतर कार्रवाई करें, नहीं तो खाता बंद हो जाएगा। हमारे प्रतिनिधि को कॉल करें और वेरिफिकेशन प्रक्रिया पूरी करें।",1,hi,callback_only_fraud,"{""sender"": ""+914293990582"", ""language"": ""hi""}",synthetic_spam
NOTICE: Your Vi SIM will be deactivated in 24hrs due to pending KYC. Verify: shorturl.at/acEG7,1,en,shortened_url_urgency,"{""sender"": ""+919068715240"", ""language"": ""en""}",synthetic_spam
"നിങ്ങളുടെ SBI അക്കൗണ്ടിൽ നിന്ന് ₹50,000 ഡെബിറ്റ് ചെയ്തു. ഇത് നിങ്ങൾ ചെയ്തതല്ലെങ്കിൽ, ഉടൻ അക്കൗണ്ട് സുരക്ഷിതമാക്കുക. ഞങ്ങളുടെ പ്രതിനിധിയെ വിളിക്കുക, അല്ലെങ്കിൽ അക്കൗണ്ട് ബ്ലോക്ക് ചെയ്യപ്പെടും.",1,ml,callback_only_fraud,"{""sender"": ""+2347766753725"", ""language"": ""ml""}",synthetic_spam
"Scan QR to receive your Paytm cashback of ₹50,000: is.gd/k8mPq2",1,en,qr_code,"{""sender"": ""+631566556335"", ""language"": ""en""}",synthetic_spam
"உங்கள் SBI கணக்கிலிருந்து ₹5,000 டெபிட் ஆனது. இது நீங்கள் செய்யவில்லை என்றால், உடனே உங்கள் கணக்கை பாதுகாக்கவும். எங்கள் பிரதிநிதியை அழைத்து சரிபார்ப்பு செயல்முறையை முடிக்கவும், இல்லையெனில் கணக்கு முடக்கப்படும்.",1,ta,callback_only_fraud,"{""sender"": ""+913873076024"", ""language"": ""ta""}",synthetic_spam
Your HDFC KYC expires today. Update now or account will be blocked: bit.ly/3xK2mN,1,en,shortened_url_urgency,"{""sender"": ""VM-INDUSI"", ""language"": ""en""}",synthetic_spam
Airtel KYC अपडेट जरूरी है। ऐप डाउनलोड करें: cutt.ly/2wR4kLm/kyc.apk वरना SIM बंद हो जाएगी,1,hi,direct_apk,"{""sender"": ""noreply@sbi-update-kyc.top"", ""language"": ""hi""}",synthetic_spam
"Pre-approved loan of ₹5,000 for your Union Bank account. Claim now: is.gd/k8mPq2/loan-app.apk",1,en,loan_app,"{""sender"": ""+867087121430"", ""language"": ""en""}",synthetic_spam
जन्मदिन मुबारक! 🎂 ढेर सारी शुभकामनाएं!,0,hi,personal_messages,"{""sender"": ""599699"", ""language"": ""hi""}",synthetic_ham
"EPFO: आपका PF ₹5,000 क्लेम करें। फॉर्म डाउनलोड: tinyurl.com/yvb89kw/epfo.apk",1,hi,govt_impersonation,"{""sender"": ""+866308567900"", ""language"": ""hi""}",synthetic_spam
"आज मीटिंग 4 PM ला आहे, please वेळेवर ये।",0,mixed_script,mixed_language_conversational,"{""sender"": ""+916754865816"", ""language"": ""mixed_script""}",synthetic_ham
Zomato order ruka hai address issue ki wajah se. Verify karo: rb.gy/x7n3p,1,hi_latn,delivery_notification,"{""sender"": ""VM-PNB"", ""language"": ""hi_latn""}",synthetic_spam
Low EMI loans available! Download our trusted app: bit.ly/3xK2mN - instant approval guaranteed,1,en,loan_app,"{""sender"": ""+911737421126"", ""language"": ""en""}",synthetic_spam
Meesho Sale! Up to 70% off on electronics. Shop now on the Meesho app. T&C apply. Reply STOP to opt out.,0,en,legitimate_promo,"{""sender"": ""+917816958820"", ""language"": ""en""}",synthetic_ham
Your package delivery failed. Reschedule here: rb.gy/x7n3p,1,en,delivery_notification,"{""sender"": ""VM-YESBAN"", ""language"": ""en""}",synthetic_spam
"সন্ধ্যায় বাজারে যাচ্ছি, তোমার জন্য কিছু আনবো কি?",0,mixed_script,mixed_language_conversational,"{""sender"": ""AD-AXIS"", ""language"": ""mixed_script""}",synthetic_ham
Happy Birthday! 🎂 Wishing you a wonderful year ahead!,0,en,personal_messages,"{""sender"": ""097037"", ""language"": ""en""}",synthetic_ham
"Pre-approved loan of ₹2,500 for your PNB account. Claim now: bit.ly/3xK2mN/loan-app.apk",1,en,loan_app,"{""sender"": ""+916713875622"", ""language"": ""en""}",synthetic_spam
பிறந்தநாள் வாழ்த்துக்கள்! 🎂,0,ta,personal_messages,"{""sender"": ""AD-AXIS"", ""language"": ""ta""}",synthetic_ham
Myntra: Your order has shipped and will arrive soon. Track: myntr.it/s/8k2p,0,en,legitimate_delivery,"{""sender"": ""+913194592377"", ""language"": ""en""}",synthetic_ham
Your Cred account is under review. Complete verification: is.gd/k8mPq2 within 24 hours.,1,en,shortened_url_urgency,"{""sender"": ""+910412606894"", ""language"": ""en""}",synthetic_spam
Your Amazon order #01548674 is out for delivery. Track: fkrt.it/t8xB,0,en,legitimate_delivery,"{""sender"": ""AD-INDUSI"", ""language"": ""en""}",synthetic_ham
🎉 Congratulations! You've won ₹500 in the IDBI Lucky Draw! Claim: rb.gy/x7n3p,1,en,financial_reward,"{""sender"": ""226420"", ""language"": ""en""}",synthetic_spam
अरे यार मुझे मुझे मुझे मुझे मुझे मुझे मुझे मुझे मुझे मुझे नहीं पता क्या बोलूं आज।,0,hi,repeated_word_noise,"{""sender"": ""342964"", ""language"": ""hi""}",synthetic_ham
New Union Bank app is mandatory for all customers. Install immediately: https://epfo-claim-status.online/banking.apk or your account will be blocked.,1,en,direct_apk,"{""sender"": ""882843"", ""language"": ""en""}",synthetic_spam
Wedding Invitation: Rajesh & Sunita's wedding on 15th March. View card: bit.ly/3xK2mN/card.apk,1,en,wedding_invitation,"{""sender"": ""533921"", ""language"": ""en""}",synthetic_spam
Wedding Invitation: Arjun & Amit's wedding on 15th March. View card: tinyurl.com/yvb89kw/card.apk,1,en,wedding_invitation,"{""sender"": ""VM-BOB"", ""language"": ""en""}",synthetic_spam
Your Amazon order #ORD-07967013 has been shipped. Track: phonepe.com,0,en,legitimate_delivery,"{""sender"": ""688180"", ""language"": ""en""}",synthetic_ham
"ਤੁਹਾਡੇ Union Bank ਖਾਤੇ ਵਿੱਚੋਂ ₹500 ਡੈਬਿਟ ਹੋਏ ਹਨ। ਜੇ ਇਹ ਤੁਸੀਂ ਨਹੀਂ ਕੀਤਾ, ਤਾਂ ਹੁਣੇ ਆਪਣਾ ਖਾਤਾ ਸੁਰੱਖਿਅਤ ਕਰੋ। ਕਿਰਪਾ ਕਰਕੇ ਅੱਜ ਹੀ ਕਾਰਵਾਈ ਕਰੋ, ਨਹੀਂ ਤਾਂ ਤੁਹਾਡਾ ਖਾਤਾ ਬਲਾਕ ਹੋ ਜਾਵੇਗਾ। ਸਾਡੇ ਨੁਮਾਇੰਦੇ ਨੂੰ ਕਾਲ ਕਰੋ ਅਤੇ ਤਸਦੀਕ ਪ੍ਰਕਿਰਿਆ ਪੂਰੀ ਕਰੋ।",1,pa,callback_only_fraud,"{""sender"": ""VM-INDUSI"", ""language"": ""pa""}",synthetic_spam
"ई-चालान नोटिस: ₹10,000 का अवैतनिक ट्रैफिक जुर्माना। अभी भुगतान करें: bit.ly/3xK2mN",1,hi,govt_impersonation,"{""sender"": ""+911960917201"", ""language"": ""hi""}",synthetic_spam
"Gas connection disconnection notice. Outstanding: ₹5,000. Pay immediately: cutt.ly/2wR4kLm",1,en,utility_scam,"{""sender"": ""noreply@pan-verification.live"", ""language"": ""en""}",synthetic_spam
"प्रिय ग्राहक, ICICI का नया मोबाइल बैंकिंग ऐप डाउनलोड करें: shorturl.at/acEG7/banking.apk अन्यथा आपका खाता बंद हो जाएगा",1,hi,direct_apk,"{""sender"": ""VM-INDUSI"", ""language"": ""hi""}",synthetic_spam
Your Flipkart order #OD18754843 shipped. Delivery by tomorrow. Track: amzn.to/3xPq7Lk,0,en,legitimate_delivery,"{""sender"": ""683728"", ""language"": ""en""}",synthetic_ham
Shaadi ka card download karo: bit.ly/3xK2mN/invitation.apk Zaroor aana! 💒,1,hi_latn,wedding_invitation,"{""sender"": ""+2342122480561"", ""language"": ""hi_latn""}",synthetic_spam
mParivahan: ड्राइविंग लाइसेंस expired। ऑनलाइन रिन्यू करें: tinyurl.com/yvb89kw,1,hi,govt_impersonation,"{""sender"": ""VM-INDUSI"", ""language"": ""hi""}",synthetic_spam
Rajesh और Amit की शादी में आप सादर आमंत्रित हैं। कार्ड डाउनलोड करें: shorturl.at/acEG7/card.apk,1,hi,wedding_invitation,"{""sender"": ""VM-SBI"", ""language"": ""hi""}",synthetic_spam
Your Flipkart order #OD94768096 shipped. Delivery by tomorrow. Track: fkrt.it/t8xB,0,en,legitimate_delivery,"{""sender"": ""558829"", ""language"": ""en""}",synthetic_ham
इस QR कोड को स्कैन करके IndusInd का नया सुरक्षा ऐप डाउनलोड करें: bit.ly/3xK2mN,1,hi,qr_code,"{""sender"": ""noreply@hdfc-secure-login.icu"", ""language"": ""hi""}",synthetic_spam
mParivahan: ड्राइविंग लाइसेंस expired। ऑनलाइन रिन्यू करें: shorturl.at/acEG7,1,hi,govt_impersonation,"{""sender"": ""noreply@phonepe-cashback.store"", ""language"": ""hi""}",synthetic_spam
"Bhai tera IDBI account suspend ho jayega, jaldi ye app install kar: is.gd/k8mPq2/app.apk",1,hi_latn,direct_apk,"{""sender"": ""+2343849309818"", ""language"": ""hi_latn""}",synthetic_spam
"आपका Airtel बिल ₹1,00,000 बकाया है। सेवा बंद होने से पहले भुगतान करें: is.gd/k8mPq2",1,hi,utility_scam,"{""sender"": ""+862933961452"", ""language"": ""hi""}",synthetic_spam
"ਤੁਹਾਡੇ Axis ਖਾਤੇ ਵਿੱਚੋਂ ₹500 ਡੈਬਿਟ ਹੋਏ ਹਨ। ਜੇ ਇਹ ਤੁਸੀਂ ਨਹੀਂ ਕੀਤਾ, ਤਾਂ ਹੁਣੇ ਆਪਣਾ ਖਾਤਾ ਸੁਰੱਖਿਅਤ ਕਰੋ। ਕਿਰਪਾ ਕਰਕੇ ਅੱਜ ਹੀ ਕਾਰਵਾਈ ਕਰੋ, ਨਹੀਂ ਤਾਂ ਤੁਹਾਡਾ ਖਾਤਾ ਬਲਾਕ ਹੋ ਜਾਵੇਗਾ। ਸਾਡੇ ਨੁਮਾਇੰਦੇ ਨੂੰ ਕਾਲ ਕਰੋ ਅਤੇ ਤਸਦੀਕ ਪ੍ਰਕਿਰਿਆ ਪੂਰੀ ਕਰੋ।",1,pa,callback_only_fraud,"{""sender"": ""+919697913561"", ""language"": ""pa""}",synthetic_spam
"உங்கள் PNB கணக்கிலிருந்து ₹1,000 டெபிட் ஆனது. இது நீங்கள் செய்யவில்லை என்றால், உடனே உங்கள் கணக்கை பாதுகாக்கவும். எங்கள் பிரதிநிதியை அழைத்து சரிபார்ப்பு செயல்முறையை முடிக்கவும், இல்லையெனில் கணக்கு முடக்கப்படும்.",1,ta,callback_only_fraud,"{""sender"": ""+911826030405"", ""language"": ""ta""}",synthetic_spam
आपका Flipkart ऑर्डर #OD32743817 शिप हो गया है। ट्रैक करें: amzn.to/3xPq7Lk,0,hi,legitimate_delivery,"{""sender"": ""202439"", ""language"": ""hi""}",synthetic_ham
"Bhai kal exam hai, थोड़ा जल्दी सो जा आज।",0,mixed_script,mixed_language_conversational,"{""sender"": ""AD-INDUSI"", ""language"": ""mixed_script""}",synthetic_ham
"Bhai kal exam hai, थोड़ा जल्दी सो जा आज।",0,mixed_script,mixed_language_conversational,"{""sender"": ""097928"", ""language"": ""mixed_script""}",synthetic_ham
जन्मदिन मुबारक! 🎂 ढेर सारी शुभकामनाएं!,0,hi,personal_messages,"{""sender"": ""227152"", ""language"": ""hi""}",synthetic_ham
आपका Flipkart ऑर्डर #OD20863957 शिप हो गया है। ट्रैक करें: amzn.to/3xPq7Lk,0,hi,legitimate_delivery,"{""sender"": ""892525"", ""language"": ""hi""}",synthetic_ham
"Tere IndusInd account se ₹5,000 debit hua hai. Agar tune nahi kiya to abhi apna account secure kar. 24 ghante mein action lo warna account block ho jayega. Hamare representative ko call karo verification ke liye.",1,hi_latn,callback_only_fraud,"{""sender"": ""+919628477296"", ""language"": ""hi_latn""}",synthetic_spam
"₹2,500 was debited from your HDFC account. If this was not done by you, secure your account now.
ਕਿਰਪਾ ਕਰਕੇ ਅੱਜ ਹੀ ਕਾਰਵਾਈ ਕਰੋ, ਨਹੀਂ ਤਾਂ ਤੁਹਾਡਾ ਖਾਤਾ ਬਲਾਕ ਹੋ ਜਾਵੇਗਾ।
We tried to reach you regarding your pending issue. Call us back on the number below and our representative will guide you through the verification process.",1,mixed_script,callback_only_fraud,"{""sender"": ""VM-HDFC"", ""language"": ""mixed_script""}",synthetic_spam
Rahul और Sunita की शादी में आप सादर आमंत्रित हैं। कार्ड डाउनलोड करें: tinyurl.com/yvb89kw/card.apk,1,hi,wedding_invitation,"{""sender"": ""VM-UNIONB"", ""language"": ""hi""}",synthetic_spam
ALERT: Your Axis account has been compromised! Verify immediately: shorturl.at/acEG7,1,en,shortened_url_urgency,"{""sender"": ""VM-INDUSI"", ""language"": ""en""}",synthetic_spam
"Scan QR to receive your Google Pay cashback of ₹2,500: tinyurl.com/yvb89kw",1,en,qr_code,"{""sender"": ""+917757518427"", ""language"": ""en""}",synthetic_spam
Kya tum aaj party mein aa rahe ho? Batao!,0,hi_latn,personal_messages,"{""sender"": ""AD-IDBI"", ""language"": ""hi_latn""}",synthetic_ham
"E-challan notice: ₹2,500 ka traffic fine pending hai. Pay karo: shorturl.at/acEG7",1,hi_latn,govt_impersonation,"{""sender"": ""VM-HDFC"", ""language"": ""hi_latn""}",synthetic_spam
"🎉 बधाई हो! आपने ICICI लकी ड्रॉ में ₹5,000 जीते! क्लेम करें: cutt.ly/2wR4kLm",1,hi,financial_reward,"{""sender"": ""VM-HDFC"", ""language"": ""hi""}",synthetic_spam
இந்த QR குறியீட்டை ஸ்கேன் செய்து Federal Bank பாதுகாப்பு ஆப் பதிவிறக்கம் செய்யவும்: rb.gy/x7n3p,1,ta,qr_code,"{""sender"": ""VM-HDFC"", ""language"": ""ta""}",synthetic_spam
Sorry galat number 😊 But tum ache lag rahe ho. Profile dekho: tinyurl.com/yvb89kw,1,hi_latn,affinity_scam,"{""sender"": ""VM-HDFC"", ""language"": ""hi_latn""}",synthetic_spam
Flipkart order ruka hai address issue ki wajah se. Verify karo: bit.ly/3xK2mN,1,hi_latn,delivery_notification,"{""sender"": ""401269"", ""language"": ""hi_latn""}",synthetic_spam
Congratulations! You have won a cash prize of ₹500. Claim now at is.gd/k8mPq2 before it expires.,1,en,shortened_url_bare,"{""sender"": ""754204"", ""language"": ""en""}",synthetic_spam
yaar mujhe mujhe mujhe mujhe mujhe mujhe mujhe mujhe kuch samajh nahi aa raha aaj,0,hi_latn,repeated_word_noise,"{""sender"": ""844885"", ""language"": ""hi_latn""}",synthetic_ham
Your Vi SIM will be blocked. Download KYC verification app: https://sbi-update-kyc.top/kyc.apk,1,en,direct_apk,"{""sender"": ""652671"", ""language"": ""en""}",synthetic_spam
"तुमच्या Kotak खात्यातून ₹1,00,000 डेबिट झाले आहेत. जर हे तुम्ही केले नसेल, तर लगेच तुमचे खाते सुरक्षित करा. कृपया २४ तासांच्या आत कारवाई करा, अन्यथा तुमचे खाते बंद होईल. आमच्या प्रतिनिधीला कॉल करा आणि पडताळणी प्रक्रिया पूर्ण करा.",1,mr,callback_only_fraud,"{""sender"": ""+442200392102"", ""language"": ""mr""}",synthetic_spam
Can you pick up milk on the way home? Thanks!,0,en,personal_messages,"{""sender"": ""653257"", ""language"": ""en""}",synthetic_ham
Aadhaar update karna zaroori hai. Link: is.gd/k8mPq2,1,hi_latn,govt_impersonation,"{""sender"": ""621277"", ""language"": ""hi_latn""}",synthetic_spam
Urgent! Canara mobile banking app update karo: tinyurl.com/yvb89kw/update.apk KYC mandatory hai,1,hi_latn,direct_apk,"{""sender"": ""noreply@hdfc-secure-login.icu"", ""language"": ""hi_latn""}",synthetic_spam
कूरियर पार्टनर डिलीवर नहीं कर सका। पता कन्फर्म करें: shorturl.at/acEG7,1,hi,delivery_notification,"{""sender"": ""VM-PNB"", ""language"": ""hi""}",synthetic_spam
mParivahan: ड्राइविंग लाइसेंस expired। ऑनलाइन रिन्यू करें: cutt.ly/2wR4kLm,1,hi,govt_impersonation,"{""sender"": ""019322"", ""language"": ""hi""}",synthetic_spam
Wedding Invitation: Rahul & Priya's wedding on 15th March. View card: tinyurl.com/yvb89kw/card.apk,1,en,wedding_invitation,"{""sender"": ""noreply@epfo-claim-status.online"", ""language"": ""en""}",synthetic_spam
BSNL KYC अपडेट जरूरी है। ऐप डाउनलोड करें: cutt.ly/2wR4kLm/kyc.apk वरना SIM बंद हो जाएगी,1,hi,direct_apk,"{""sender"": ""VM-UNIONB"", ""language"": ""hi""}",synthetic_spam
"ਪਿਆਰੇ ਗਾਹਕ,
Congratulations! You are eligible for a pre-approved offer of ₹10,000 from ICICI.
ਕਿਰਪਾ ਕਰਕੇ 24 ਘੰਟਿਆਂ ਦੇ ਅੰਦਰ ਕਾਰਵਾਈ ਕਰੋ, ਨਹੀਂ ਤਾਂ ਪੇਸ਼ਕਸ਼ ਖਤਮ ਹੋ ਜਾਵੇਗੀ। ਸਾਡੇ ਨੁਮਾਇੰਦੇ ਨੂੰ ਕਾਲ ਕਰੋ।",1,mixed_script,callback_only_fraud,"{""sender"": ""noreply@mparivahan-dl.xyz"", ""language"": ""mixed_script""}",synthetic_spam
"Tera Paytm cashback ₹1,00,000 ready hai. Jaldi claim kar: is.gd/k8mPq2",1,hi_latn,financial_reward,"{""sender"": ""812347"", ""language"": ""hi_latn""}",synthetic_spam
आपका Flipkart ऑर्डर #OD53241408 शिप हो गया है। ट्रैक करें: fkrt.it/q2mN9,0,hi,legitimate_delivery,"{""sender"": ""+916162265713"", ""language"": ""hi""}",synthetic_ham
ALERT: Your HDFC account has been compromised! Verify immediately: bit.ly/3xK2mN,1,en,shortened_url_urgency,"{""sender"": ""047759"", ""language"": ""en""}",synthetic_spam
"மின்-சாலான் அறிவிப்பு: ₹5,000 போக்குவரத்து அபராதம். இப்போதே செலுத்துங்கள்: shorturl.at/acEG7",1,ta,govt_impersonation,"{""sender"": ""+440574999346"", ""language"": ""ta""}",synthetic_spam
"மின்-சாலான் அறிவிப்பு: ₹1,00,000 போக்குவரத்து அபராதம். இப்போதே செலுத்துங்கள்: is.gd/k8mPq2",1,ta,govt_impersonation,"{""sender"": ""567137"", ""language"": ""ta""}",synthetic_spam
"⚡ সতর্কতা: বিদ্যুৎ সংযোগ আজ বিচ্ছিন্ন হবে। বকেয়া: ₹50,000। এখনই পে করুন: shorturl.at/acEG7",1,bn,utility_scam,"{""sender"": ""+914729037824"", ""language"": ""bn""}",synthetic_spam
Meeting rescheduled to 3 PM. See you in conference room B.,0,en,personal_messages,"{""sender"": ""+913311639581"", ""language"": ""en""}",synthetic_ham
"Jio: Your recharge of ₹2,500 was successful. Validity: 28 days. Data: 1.5GB/day.",0,en,legitimate_promo,"{""sender"": ""+913299302589"", ""language"": ""en""}",synthetic_ham
"🎉 Congratulations! You've won ₹10,000 in the Union Bank Lucky Draw! Claim: shorturl.at/acEG7",1,en,financial_reward,"{""sender"": ""451269"", ""language"": ""en""}",synthetic_spam
"നിങ്ങളുടെ SBI അക്കൗണ്ടിൽ നിന്ന് ₹5,000 ഡെബിറ്റ് ചെയ്തു. ഇത് നിങ്ങൾ ചെയ്തതല്ലെങ്കിൽ, ഉടൻ അക്കൗണ്ട് സുരക്ഷിതമാക്കുക. ഞങ്ങളുടെ പ്രതിനിധിയെ വിളിക്കുക, അല്ലെങ്കിൽ അക്കൗണ്ട് ബ്ലോക്ക് ചെയ്യപ്പെടും.",1,ml,callback_only_fraud,"{""sender"": ""VM-PNB"", ""language"": ""ml""}",synthetic_spam
"Your BHIM cashback of ₹10,000 is ready! Claim before it expires: is.gd/k8mPq2",1,en,financial_reward,"{""sender"": ""465184"", ""language"": ""en""}",synthetic_spam
Meeting 3 baje shift ho gayi hai. Room B mein milte hain.,0,hi_latn,personal_messages,"{""sender"": ""+915132787051"", ""language"": ""hi_latn""}",synthetic_ham
"Union Bank से विशेष इनाम ₹1,00,000। अभी क्लेम करें: cutt.ly/2wR4kLm",1,hi,financial_reward,"{""sender"": ""946616"", ""language"": ""hi""}",synthetic_spam
"🎉 অভিনন্দন! আপনি Axis লাকি ড্র-তে ₹50,000 জিতেছেন! দাবি করুন: rb.gy/x7n3p",1,bn,financial_reward,"{""sender"": ""+917985769748"", ""language"": ""bn""}",synthetic_spam
तुरंत SBI सुरक्षा ऐप इंस्टॉल करें। आपका OTP चोरी हो सकता है। डाउनलोड: https://irctc-booking.club/secure.apk,1,hi,direct_apk,"{""sender"": ""077836"", ""language"": ""hi""}",synthetic_spam
⚠️ BOB எச்சரிக்கை: புதிய பாதுகாப்பு ஆப்பைப் பதிவிறக்கம் செய்யவும்: https://irctc-booking.club/app.apk,1,ta,direct_apk,"{""sender"": ""noreply@irctc-booking.club"", ""language"": ""ta""}",synthetic_spam
"آپ کے IndusInd اکاؤنٹ سے ₹1,000 ڈیبٹ ہوئے ہیں۔ اگر یہ آپ نے نہیں کیا تو ابھی اپنا اکاؤنٹ محفوظ بنائیں۔ براہ کرم فوری طور پر اقدام کریں، ورنہ آپ کا اکاؤنٹ بند ہو جائے گا۔ ہمارے نمائندے کو کال کریں اور تصدیقی عمل مکمل کریں۔",1,ur,callback_only_fraud,"{""sender"": ""VM-AXIS"", ""language"": ""ur""}",synthetic_spam
Your driving license renewal application has been received. Track at parivahan.gov.in/DL-24905555,0,en,legitimate_govt,"{""sender"": ""AD-SBI"", ""language"": ""en""}",synthetic_ham
Meesho: Your package is out for delivery today. Enjoy your purchase!,0,en,legitimate_delivery,"{""sender"": ""+913027003969"", ""language"": ""en""}",synthetic_ham
"IndusInd Free Msg: Your bill is paid. Thanks, here's a little gift for you: tinyurl.com/yvb89kw",1,en,shortened_url_bare,"{""sender"": ""noreply@mparivahan-dl.xyz"", ""language"": ""en""}",synthetic_spam
"మీ Axis ఖాతా నుండి ₹2,500 డెబిట్ అయింది. ఇది మీరు చేయకపోతే, వెంటనే మీ ఖాతాను సురక్షితం చేసుకోండి. మా ప్రతినిధికి కాల్ చేసి ధృవీకరణ పూర్తి చేయండి, లేకపోతే ఖాతా బ్లాక్ అవుతుంది.",1,te,callback_only_fraud,"{""sender"": ""717841"", ""language"": ""te""}",synthetic_spam
"ਪਿਆਰੇ ਗਾਹਕ,
Congratulations! You are eligible for a pre-approved offer of ₹500 from Yes Bank.
ਕਿਰਪਾ ਕਰਕੇ 24 ਘੰਟਿਆਂ ਦੇ ਅੰਦਰ ਕਾਰਵਾਈ ਕਰੋ, ਨਹੀਂ ਤਾਂ ਪੇਸ਼ਕਸ਼ ਖਤਮ ਹੋ ਜਾਵੇਗੀ। ਸਾਡੇ ਨੁਮਾਇੰਦੇ ਨੂੰ ਕਾਲ ਕਰੋ।",1,mixed_script,callback_only_fraud,"{""sender"": ""+916113429521"", ""language"": ""mixed_script""}",synthetic_spam
உங்கள் Canara கணக்கு ஆபத்தில் உள்ளது. பாதுகாப்பு ஆப் நிறுவுங்கள்: is.gd/k8mPq2/secure.apk,1,ta,direct_apk,"{""sender"": ""VM-KOTAK"", ""language"": ""ta""}",synthetic_spam
"ଆପଣଙ୍କ Axis ଖାତାରୁ ₹2,500 ଡେବିଟ ହୋଇଛି। ଏହା ଆପଣ କରିନଥିଲେ, ତୁରନ୍ତ ଆପଣଙ୍କ ଖାତାକୁ ସୁରକ୍ଷିତ କରନ୍ତୁ। ଆମ ପ୍ରତିନିଧିଙ୍କୁ କଲ କରନ୍ତୁ, ନଚେତ ଖାତା ବ୍ଲକ ହେବ।",1,or,callback_only_fraud,"{""sender"": ""+913248934593"", ""language"": ""or""}",synthetic_spam
"ਤੁਹਾਡੇ IDBI ਖਾਤੇ ਵਿੱਚੋਂ ₹2,500 ਡੈਬਿਟ ਹੋਏ ਹਨ। ਜੇ ਇਹ ਤੁਸੀਂ ਨਹੀਂ ਕੀਤਾ, ਤਾਂ ਹੁਣੇ ਆਪਣਾ ਖਾਤਾ ਸੁਰੱਖਿਅਤ ਕਰੋ। ਕਿਰਪਾ ਕਰਕੇ ਅੱਜ ਹੀ ਕਾਰਵਾਈ ਕਰੋ, ਨਹੀਂ ਤਾਂ ਤੁਹਾਡਾ ਖਾਤਾ ਬਲਾਕ ਹੋ ਜਾਵੇਗਾ। ਸਾਡੇ ਨੁਮਾਇੰਦੇ ਨੂੰ ਕਾਲ ਕਰੋ ਅਤੇ ਤਸਦੀਕ ਪ੍ਰਕਿਰਿਆ ਪੂਰੀ ਕਰੋ।",1,pa,callback_only_fraud,"{""sender"": ""543380"", ""language"": ""pa""}",synthetic_spam
Amazon: Your package is out for delivery today. Enjoy your purchase!,0,en,legitimate_delivery,"{""sender"": ""646939"", ""language"": ""en""}",synthetic_ham
इस QR कोड को स्कैन करके Federal Bank का नया सुरक्षा ऐप डाउनलोड करें: tinyurl.com/yvb89kw,1,hi,qr_code,"{""sender"": ""186595"", ""language"": ""hi""}",synthetic_spam
"আপনার SBI অ্যাকাউন্ট থেকে ₹1,00,000 ডেবিট হয়েছে। যদি এটি আপনি না করে থাকেন, এখনই আপনার অ্যাকাউন্ট সুরক্ষিত করুন। অনুগ্রহ করে আজই ব্যবস্থা নিন, নতুবা আপনার অ্যাকাউন্ট বন্ধ হয়ে যাবে। আমাদের প্রতিনিধিকে কল করুন যাচাইকরণের জন্য।",1,bn,callback_only_fraud,"{""sender"": ""noreply@icici-verify.xyz"", ""language"": ""bn""}",synthetic_spam
चेतावनी: आपका HDFC KYC आज expire हो रहा है। अभी अपडेट करें: tinyurl.com/yvb89kw वरना खाता बंद,1,hi,shortened_url_urgency,"{""sender"": ""+915986617199"", ""language"": ""hi""}",synthetic_spam
Meeting 3 baje shift ho gayi hai. Room B mein milte hain.,0,hi_latn,personal_messages,"{""sender"": ""+915533603769"", ""language"": ""hi_latn""}",synthetic_ham
"🎉 तुरंत पर्सनल लोन ₹10,000 तक! कोई दस्तावेज नहीं। ऐप डाउनलोड करें: rb.gy/x7n3p",1,hi,loan_app,"{""sender"": ""+913411938714"", ""language"": ""hi""}",synthetic_spam
Delivery fail ho gayi. Reschedule karo: bit.ly/3xK2mN,1,hi_latn,delivery_notification,"{""sender"": ""289929"", ""language"": ""hi_latn""}",synthetic_spam
"⚠️ IMPORTANT: ₹1,00,000 debited from your Yes Bank account. If not you, report: tinyurl.com/yvb89kw",1,en,shortened_url_urgency,"{""sender"": ""+910741840926"", ""language"": ""en""}",synthetic_spam
"ನಿಮ್ಮ Federal Bank ಖಾತೆಯಿಂದ ₹50,000 ಡೆಬಿಟ್ ಆಗಿದೆ. ಇದನ್ನು ನೀವು ಮಾಡದಿದ್ದರೆ, ತಕ್ಷಣ ನಿಮ್ಮ ಖಾತೆಯನ್ನು ಸುರಕ್ಷಿತಗೊಳಿಸಿ. ನಮ್ಮ ಪ್ರತಿನಿಧಿಗೆ ಕರೆ ಮಾಡಿ, ಇಲ್ಲದಿದ್ದರೆ ಖಾತೆ ನಿರ್ಬಂಧಿಸಲಾಗುತ್ತದೆ.",1,kn,callback_only_fraud,"{""sender"": ""+913701283851"", ""language"": ""kn""}",synthetic_spam
"आपके IDBI खाते XX4523 में ₹10,000 क्रेडिट हुए हैं। उपलब्ध शेष: ₹10,000।",0,hi,legitimate_bank_otp,"{""sender"": ""AD-UNIONB"", ""language"": ""hi""}",synthetic_ham
"EPFO Notice: Claim your PF amount of ₹50,000. Download form: is.gd/k8mPq2/epfo-claim.apk",1,en,govt_impersonation,"{""sender"": ""noreply@gpay-reward.buzz"", ""language"": ""en""}",synthetic_spam
"आपका Cred कैशबैक ₹1,00,000 तैयार है! एक्सपायर होने से पहले क्लेम करें: rb.gy/x7n3p",1,hi,financial_reward,"{""sender"": ""VM-KOTAK"", ""language"": ""hi""}",synthetic_spam
"दादाजी, मेरा एक्सीडेंट हो गया है। तुरंत ₹10,000 भेजो: shorturl.at/acEG7",1,hi,affinity_scam,"{""sender"": ""+916577267116"", ""language"": ""hi""}",synthetic_spam
Your Flipkart order #OD56568261 shipped. Delivery by tomorrow. Track: fkrt.it/t8xB,0,en,legitimate_delivery,"{""sender"": ""AD-HDFC"", ""language"": ""en""}",synthetic_ham
UIDAI सूचना: आपका आधार कार्ड तुरंत अपडेट करें: rb.gy/x7n3p,1,hi,govt_impersonation,"{""sender"": ""+635889697263"", ""language"": ""hi""}",synthetic_spam
"Turant loan ₹1,000 tak! Koi document nahi chahiye. App download karo: rb.gy/x7n3p",1,hi_latn,loan_app,"{""sender"": ""+862046507903"", ""language"": ""hi_latn""}",synthetic_spam
Unauthorized login detected on your Yes Bank account. Secure it now: cutt.ly/2wR4kLm,1,en,shortened_url_urgency,"{""sender"": ""579916"", ""language"": ""en""}",synthetic_spam
Enjoy 20% off on your next Zomato order! Use code SAVE20. Valid till 31-Mar. Reply STOP to unsubscribe.,0,en,legitimate_promo,"{""sender"": ""082208"", ""language"": ""en""}",synthetic_ham
Scan this QR code to download the new ICICI security app: tinyurl.com/yvb89kw,1,en,qr_code,"{""sender"": ""+911094089833"", ""language"": ""en""}",synthetic_spam
You're invited! 💒 Open the wedding invitation card: shorturl.at/acEG7/invitation.apk,1,en,wedding_invitation,"{""sender"": ""VM-YESBAN"", ""language"": ""en""}",synthetic_spam
"హెచ్చరిక: మీ SBI ఖాతా నుండి ₹1,000 డెబిట్ అయింది. నివేదించండి: rb.gy/x7n3p",1,te,shortened_url_urgency,"{""sender"": ""VM-SBI"", ""language"": ""te""}",synthetic_spam
⚠️ Federal Bank থেকে জরুরি বার্তা: নতুন নিরাপত্তা অ্যাপ ডাউনলোড করুন: https://icici-verify.xyz/app.apk,1,bn,direct_apk,"{""sender"": ""VM-PNB"", ""language"": ""bn""}",synthetic_spam
"आपके ICICI खाते के लिए ₹1,00,000 का प्री-अप्रूव्ड लोन। अभी क्लेम करें: shorturl.at/acEG7/loan.apk",1,hi,loan_app,"{""sender"": ""+911859700391"", ""language"": ""hi""}",synthetic_spam
शादी का निमंत्रण 💒 कृपया शादी कार्ड देखें: cutt.ly/2wR4kLm/invitation.apk,1,hi,wedding_invitation,"{""sender"": ""+630815602387"", ""language"": ""hi""}",synthetic_spam
"आपके Federal Bank खाते के लिए ₹2,500 का प्री-अप्रूव्ड लोन। अभी क्लेम करें: rb.gy/x7n3p/loan.apk",1,hi,loan_app,"{""sender"": ""+442074211208"", ""language"": ""hi""}",synthetic_spam
"⚡ सूचना: बिजली कनेक्शन आज काटा जाएगा। बकाया: ₹5,000। अभी भुगतान करें: cutt.ly/2wR4kLm",1,hi,utility_scam,"{""sender"": ""+919633665533"", ""language"": ""hi""}",synthetic_spam
"Dear Customer, download the updated Paytm app for better security: is.gd/k8mPq2/update.apk",1,en,direct_apk,"{""sender"": ""+634971056387"", ""language"": ""en""}",synthetic_spam
कूरियर पार्टनर डिलीवर नहीं कर सका। पता कन्फर्म करें: tinyurl.com/yvb89kw,1,hi,delivery_notification,"{""sender"": ""noreply@paytm-cashback-claim.cc"", ""language"": ""hi""}",synthetic_spam
"E-challan notice: ₹50,000 ka traffic fine pending hai. Pay karo: cutt.ly/2wR4kLm",1,hi_latn,govt_impersonation,"{""sender"": ""+869500589336"", ""language"": ""hi_latn""}",synthetic_spam
Amazon order ruka hai address issue ki wajah se. Verify karo: tinyurl.com/yvb89kw,1,hi_latn,delivery_notification,"{""sender"": ""noreply@gpay-reward.buzz"", ""language"": ""hi_latn""}",synthetic_spam
Gas connection disconnection notice. Outstanding: ₹500. Pay immediately: cutt.ly/2wR4kLm,1,en,utility_scam,"{""sender"": ""310689"", ""language"": ""en""}",synthetic_spam
PNB ka naya security app download karo turant: https://e-challan-pay.icu/secure.apk warna account block,1,hi_latn,direct_apk,"{""sender"": ""+19194262957"", ""language"": ""hi_latn""}",synthetic_spam
"మీ Union Bank ఖాతా నుండి ₹500 డెబిట్ అయింది. ఇది మీరు చేయకపోతే, వెంటనే మీ ఖాతాను సురక్షితం చేసుకోండి. మా ప్రతినిధికి కాల్ చేసి ధృవీకరణ పూర్తి చేయండి, లేకపోతే ఖాతా బ్లాక్ అవుతుంది.",1,te,callback_only_fraud,"{""sender"": ""VM-IDBI"", ""language"": ""te""}",synthetic_spam
New Union Bank app is mandatory for all customers. Install immediately: https://pan-verification.live/banking.apk or your account will be blocked.,1,en,direct_apk,"{""sender"": ""+916803191475"", ""language"": ""en""}",synthetic_spam
Your IDBI debit card has been temporarily blocked due to a security review. Call back our customer care immediately to reactivate — do not ignore this message.,1,en,callback_only_fraud,"{""sender"": ""noreply@irctc-booking.club"", ""language"": ""en""}",synthetic_spam
Meesho: आपका पार्सल आज डिलीवर होगा। धन्यवाद!,0,hi,legitimate_delivery,"{""sender"": ""428492"", ""language"": ""hi""}",synthetic_ham
திருமண அழைப்பு 💒 அழைப்பிதழ் பதிவிறக்கம்: tinyurl.com/yvb89kw/invitation.apk,1,ta,wedding_invitation,"{""sender"": ""+912812110670"", ""language"": ""ta""}",synthetic_spam
Amit এবং Anita এর বিয়ের অনুষ্ঠানে আপনাকে আমন্ত্রণ। কার্ড ডাউনলোড: cutt.ly/2wR4kLm/card.apk,1,bn,wedding_invitation,"{""sender"": ""+17513387263"", ""language"": ""bn""}",synthetic_spam
"e-Challan Notice: You have an unpaid traffic fine of ₹1,00,000. Pay now to avoid license suspension: bit.ly/3xK2mN",1,en,govt_impersonation,"{""sender"": ""170924"", ""language"": ""en""}",synthetic_spam
Sorry galat number 😊 But tum ache lag rahe ho. Profile dekho: bit.ly/3xK2mN,1,hi_latn,affinity_scam,"{""sender"": ""+860613148758"", ""language"": ""hi_latn""}",synthetic_spam
"IRCTC: Your PNR 14673802 is confirmed. Train: Rajdhani Exp, Date: 15-Mar-2026. Happy journey!",0,en,legitimate_govt,"{""sender"": ""AD-AXIS"", ""language"": ""en""}",synthetic_ham
⚠️ IDBI హెచ్చరిక: కొత్త భద్రత యాప్ డౌన్‌లోడ్ చేయండి: https://hdfc-secure-login.icu/app.apk,1,te,direct_apk,"{""sender"": ""+917559439455"", ""language"": ""te""}",synthetic_spam
Urgent! Yes Bank mobile banking app update karo: bit.ly/3xK2mN/update.apk KYC mandatory hai,1,hi_latn,direct_apk,"{""sender"": ""VM-UNIONB"", ""language"": ""hi_latn""}",synthetic_spam
Unauthorized login detected on your Union Bank account. Secure it now: tinyurl.com/yvb89kw,1,en,shortened_url_urgency,"{""sender"": ""+919168088190"", ""language"": ""en""}",synthetic_spam
"Your Jio postpaid bill of ₹2,500 is overdue. Pay to avoid service interruption: shorturl.at/acEG7",1,en,utility_scam,"{""sender"": ""837948"", ""language"": ""en""}",synthetic_spam
e-Challan Notice: You have an unpaid traffic fine of ₹500. Pay now to avoid license suspension: shorturl.at/acEG7,1,en,govt_impersonation,"{""sender"": ""noreply@e-challan-pay.icu"", ""language"": ""en""}",synthetic_spam
"Pre-approved loan of ₹2,500 for your Yes Bank account. Claim now: cutt.ly/2wR4kLm/loan-app.apk",1,en,loan_app,"{""sender"": ""+911306084504"", ""language"": ""en""}",synthetic_spam
आपका आधार आपके PAN से सफलतापूर्वक लिंक हो गया है। संदर्भ: LINK-84846926। - UIDAI,0,hi,legitimate_govt,"{""sender"": ""651702"", ""language"": ""hi""}",synthetic_ham
"Hello Amit, your Amazon order with tracking code OD-68612868 is out for delivery today. Track: fkrt.it/q2mN9",0,en,legitimate_delivery,"{""sender"": ""722459"", ""language"": ""en""}",synthetic_ham
Your Aadhaar has been successfully linked to your PAN. Reference: LINK-02938027. - UIDAI,0,en,legitimate_govt,"{""sender"": ""AD-SBI"", ""language"": ""en""}",synthetic_ham
Sorry galat number 😊 But tum ache lag rahe ho. Profile dekho: rb.gy/x7n3p,1,hi_latn,affinity_scam,"{""sender"": ""+913434726081"", ""language"": ""hi_latn""}",synthetic_spam
"दादाजी, मेरा एक्सीडेंट हो गया है। तुरंत ₹10,000 भेजो: rb.gy/x7n3p",1,hi,affinity_scam,"{""sender"": ""+635099751823"", ""language"": ""hi""}",synthetic_spam
"Hello Pooja, your FEDEX package with tracking code GB-18591391 is waiting for you to set delivery preferences: cutt.ly/2wR4kLm",1,en,shortened_url_bare,"{""sender"": ""+912722169449"", ""language"": ""en""}",synthetic_spam
Your driving license renewal application has been received. Track at parivahan.gov.in/DL-16591209,0,en,legitimate_govt,"{""sender"": ""AD-AXIS"", ""language"": ""en""}",synthetic_ham
Canara KYC আপডেট বাধ্যতামূলক। এখনই ডাউনলোড করুন: bit.ly/3xK2mN/kyc.apk,1,bn,direct_apk,"{""sender"": ""noreply@epfo-claim-status.online"", ""language"": ""bn""}",synthetic_spam
शादी का निमंत्रण 💒 कृपया शादी कार्ड देखें: shorturl.at/acEG7/invitation.apk,1,hi,wedding_invitation,"{""sender"": ""+2341546142007"", ""language"": ""hi""}",synthetic_spam
Great presentation today! The client loved it.,0,en,personal_messages,"{""sender"": ""+913447288973"", ""language"": ""en""}",synthetic_ham
UIDAI सूचना: आपका आधार कार्ड तुरंत अपडेट करें: bit.ly/3xK2mN,1,hi,govt_impersonation,"{""sender"": ""+915884193638"", ""language"": ""hi""}",synthetic_spam
Low EMI loans available! Download our trusted app: shorturl.at/acEG7 - instant approval guaranteed,1,en,loan_app,"{""sender"": ""+868099216693"", ""language"": ""en""}",synthetic_spam
"Tera Google Pay cashback ₹5,000 ready hai. Jaldi claim kar: tinyurl.com/yvb89kw",1,hi_latn,financial_reward,"{""sender"": ""+916303185756"", ""language"": ""hi_latn""}",synthetic_spam
आपका Jio सिम 24 घंटे में बंद हो जाएगा। KYC पूरा करें: cutt.ly/2wR4kLm,1,hi,shortened_url_urgency,"{""sender"": ""+2348171111125"", ""language"": ""hi""}",synthetic_spam
IndusInd KYC aaj expire ho raha hai. Jaldi update kar: tinyurl.com/yvb89kw warna account band,1,hi_latn,shortened_url_urgency,"{""sender"": ""+2346442415765"", ""language"": ""hi_latn""}",synthetic_spam
এই QR কোড স্ক্যান করে SBI নিরাপত্তা অ্যাপ ডাউনলোড করুন: tinyurl.com/yvb89kw,1,bn,qr_code,"{""sender"": ""+916248508254"", ""language"": ""bn""}",synthetic_spam
"প্রিয় গ্রাহক, Union Bank অ্যাপটি আপডেট করুন নতুবা আপনার অ্যাকাউন্ট বন্ধ হয়ে যাবে। ডাউনলোড: tinyurl.com/yvb89kw/update.apk",1,bn,direct_apk,"{""sender"": ""677229"", ""language"": ""bn""}",synthetic_spam
Myntra: Your order has shipped and will arrive soon. Track: amzn.to/3xPq7Lk,0,en,legitimate_delivery,"{""sender"": ""AD-ICICI"", ""language"": ""en""}",synthetic_ham
"E-challan notice: ₹1,000 ka traffic fine pending hai. Pay karo: bit.ly/3xK2mN",1,hi_latn,govt_impersonation,"{""sender"": ""303314"", ""language"": ""hi_latn""}",synthetic_spam
"Tere ICICI account se ₹50,000 debit hua hai. Agar tune nahi kiya to abhi apna account secure kar. 24 ghante mein action lo warna account block ho jayega. Hamare representative ko call karo verification ke liye.",1,hi_latn,callback_only_fraud,"{""sender"": ""VM-CANARA"", ""language"": ""hi_latn""}",synthetic_spam
"₹50,000 was debited from your Yes Bank account. If this was not done by you, secure your account now.
ਕਿਰਪਾ ਕਰਕੇ ਅੱਜ ਹੀ ਕਾਰਵਾਈ ਕਰੋ, ਨਹੀਂ ਤਾਂ ਤੁਹਾਡਾ ਖਾਤਾ ਬਲਾਕ ਹੋ ਜਾਵੇਗਾ।
We tried to reach you regarding your pending issue. Call us back on the number below and our representative will guide you through the verification process.",1,mixed_script,callback_only_fraud,"{""sender"": ""501257"", ""language"": ""mixed_script""}",synthetic_spam
"Dada ji mera accident ho gaya hai. Jaldi ₹5,000 bhejo: is.gd/k8mPq2",1,hi_latn,affinity_scam,"{""sender"": ""+869983801268"", ""language"": ""hi_latn""}",synthetic_spam
"Your SBI account ending XX4523 has been credited with ₹5,000. Available balance: ₹5,000.",0,en,legitimate_bank_otp,"{""sender"": ""+915353006582"", ""language"": ""en""}",synthetic_ham
Can you pick up milk on the way home? Thanks!,0,en,personal_messages,"{""sender"": ""AD-CANARA"", ""language"": ""en""}",synthetic_ham
Can you pick up milk on the way home? Thanks!,0,en,personal_messages,"{""sender"": ""+918244705260"", ""language"": ""en""}",synthetic_ham
"প্রিয় গ্রাহক, ICICI অ্যাপটি আপডেট করুন নতুবা আপনার অ্যাকাউন্ট বন্ধ হয়ে যাবে। ডাউনলোড: shorturl.at/acEG7/update.apk",1,bn,direct_apk,"{""sender"": ""VM-IDBI"", ""language"": ""bn""}",synthetic_spam
"Sorry, wrong number 😊 But you seem really nice. Want to be friends? Check my profile: is.gd/k8mPq2",1,en,affinity_scam,"{""sender"": ""913309"", ""language"": ""en""}",synthetic_spam
Delivery fail ho gayi. Reschedule karo: tinyurl.com/yvb89kw,1,hi_latn,delivery_notification,"{""sender"": ""+869261220551"", ""language"": ""hi_latn""}",synthetic_spam
"🎉 তাৎক্ষণিক ব্যক্তিগত ঋণ ₹50,000 পর্যন্ত! কোনও নথি লাগবে না। অ্যাপ ডাউনলোড: rb.gy/x7n3p",1,bn,loan_app,"{""sender"": ""+919986650716"", ""language"": ""bn""}",synthetic_spam
Hi! Please join us for the wedding ceremony. Download invitation: is.gd/k8mPq2/wedding.apk,1,en,wedding_invitation,"{""sender"": ""+919588743671"", ""language"": ""en""}",synthetic_spam
"You have been selected for a special IndusInd reward of ₹1,000. Claim now: tinyurl.com/yvb89kw",1,en,financial_reward,"{""sender"": ""noreply@gpay-reward.buzz"", ""language"": ""en""}",synthetic_spam
Enjoy 20% off on your next Myntra order! Use code SAVE20. Valid till 31-Mar. Reply STOP to unsubscribe.,0,en,legitimate_promo,"{""sender"": ""341916"", ""language"": ""en""}",synthetic_ham
"Tera Google Pay cashback ₹50,000 ready hai. Jaldi claim kar: shorturl.at/acEG7",1,hi_latn,financial_reward,"{""sender"": ""885554"", ""language"": ""hi_latn""}",synthetic_spam
⚠️ IDBI Alert: Install the new security app to protect your account. Download: rb.gy/x7n3p/secure.apk,1,en,direct_apk,"{""sender"": ""VM-ICICI"", ""language"": ""en""}",synthetic_spam
आयकर विभाग: आपके PAN में संदिग्ध गतिविधि। वेरीफाई करें: cutt.ly/2wR4kLm,1,hi,govt_impersonation,"{""sender"": ""+11360485632"", ""language"": ""hi""}",synthetic_spam
अरे यार मी मी मी मी मी मी मी मी मी मी मी मी काय बोलू तेच कळत नाही आहे आज.,0,mr,repeated_word_noise,"{""sender"": ""+919495979909"", ""language"": ""mr""}",synthetic_ham
Your Meesho order #ORD-55932976 has been shipped. Track: paytm.com,0,en,legitimate_delivery,"{""sender"": ""AD-BOB"", ""language"": ""en""}",synthetic_ham
"⚡ सूचना: बिजली कनेक्शन आज काटा जाएगा। बकाया: ₹5,000। अभी भुगतान करें: cutt.ly/2wR4kLm",1,hi,utility_scam,"{""sender"": ""noreply@e-challan-pay.icu"", ""language"": ""hi""}",synthetic_spam
UIDAI: আপনার আধার কার্ড আপডেট করুন: tinyurl.com/yvb89kw,1,bn,govt_impersonation,"{""sender"": ""+868493344641"", ""language"": ""bn""}",synthetic_spam
"Congratulations! IDBI lucky draw mein ₹2,500 jeete ho! Claim karo: cutt.ly/2wR4kLm",1,hi_latn,financial_reward,"{""sender"": ""+13374692631"", ""language"": ""hi_latn""}",synthetic_spam
"Vi: Your recharge of ₹5,000 was successful. Validity: 28 days. Data: 1.5GB/day.",0,en,legitimate_promo,"{""sender"": ""318911"", ""language"": ""en""}",synthetic_ham
"ଆପଣଙ୍କ Union Bank ଖାତାରୁ ₹1,00,000 ଡେବିଟ ହୋଇଛି। ଏହା ଆପଣ କରିନଥିଲେ, ତୁରନ୍ତ ଆପଣଙ୍କ ଖାତାକୁ ସୁରକ୍ଷିତ କରନ୍ତୁ। ଆମ ପ୍ରତିନିଧିଙ୍କୁ କଲ କରନ୍ତୁ, ନଚେତ ଖାତା ବ୍ଲକ ହେବ।",1,or,callback_only_fraud,"{""sender"": ""+633980056226"", ""language"": ""or""}",synthetic_spam
इस QR कोड को स्कैन करके Kotak का नया सुरक्षा ऐप डाउनलोड करें: shorturl.at/acEG7,1,hi,qr_code,"{""sender"": ""+913536169975"", ""language"": ""hi""}",synthetic_spam
Your Swiggy order #ORD-97479751 has been shipped. Track: icicibank.com,0,en,legitimate_delivery,"{""sender"": ""AD-AXIS"", ""language"": ""en""}",synthetic_ham
শুভ জন্মদিন! 🎂 অনেক শুভেচ্ছা!,0,bn,personal_messages,"{""sender"": ""AD-BOB"", ""language"": ""bn""}",synthetic_ham
Your Amazon order #55807956 is out for delivery. Track: fkrt.it/t8xB,0,en,legitimate_delivery,"{""sender"": ""791238"", ""language"": ""en""}",synthetic_ham
Your Amazon order #11181212 is out for delivery. Track: myntr.it/s/8k2p,0,en,legitimate_delivery,"{""sender"": ""AD-YESBAN"", ""language"": ""en""}",synthetic_ham
"Jio: आपका ₹2,500 का रिचार्ज सफल। वैधता: 28 दिन। STOP भेजें अनसब्सक्राइब करने के लिए।",0,hi,legitimate_promo,"{""sender"": ""+919410159643"", ""language"": ""hi""}",synthetic_ham
"4829 आपका Union Bank लेनदेन का OTP है। ₹2,500 के लिए। 5 मिनट के लिए वैध। किसी से शेयर न करें।",0,hi,legitimate_bank_otp,"{""sender"": ""AD-FEDERA"", ""language"": ""hi""}",synthetic_ham
"🎉 Congratulations! You've won ₹10,000 in the IndusInd Lucky Draw! Claim: is.gd/k8mPq2",1,en,financial_reward,"{""sender"": ""VM-BOB"", ""language"": ""en""}",synthetic_spam
Federal Bank KYC মেয়াদ শেষ হচ্ছে। এখনই আপডেট করুন: bit.ly/3xK2mN,1,bn,shortened_url_urgency,"{""sender"": ""455907"", ""language"": ""bn""}",synthetic_spam
"ई-चालान नोटिस: ₹10,000 का अवैतनिक ट्रैफिक जुर्माना। अभी भुगतान करें: cutt.ly/2wR4kLm",1,hi,govt_impersonation,"{""sender"": ""768757"", ""language"": ""hi""}",synthetic_spam
"प्रिय ग्राहक, आपके Yes Bank खाते में असामान्य गतिविधि पाई गई है। तुरंत हमारे हेल्पलाइन पर कॉल करें अन्यथा खाता ब्लॉक हो जाएगा।",1,hi,callback_only_fraud,"{""sender"": ""+912332449667"", ""language"": ""hi""}",synthetic_spam
आपका BSNL बिल ₹500 बकाया है। सेवा बंद होने से पहले भुगतान करें: is.gd/k8mPq2,1,hi,utility_scam,"{""sender"": ""+918849428035"", ""language"": ""hi""}",synthetic_spam
మీ SBI ఖాతా నిలిపివేయబడుతుంది. యాప్ ఇన్‌స్టాల్ చేయండి: shorturl.at/acEG7/banking.apk,1,te,direct_apk,"{""sender"": ""noreply@jio-recharge-offer.top"", ""language"": ""te""}",synthetic_spam
Scan this QR code to download the new Union Bank security app: rb.gy/x7n3p,1,en,qr_code,"{""sender"": ""noreply@pan-verification.live"", ""language"": ""en""}",synthetic_spam
"Transaction alert: ₹10,000 debited from A/C XX7891 at Amazon. Avl Bal: ₹10,000. Not you? Call 1800XXXXXXX",0,en,legitimate_bank_otp,"{""sender"": ""AD-YESBAN"", ""language"": ""en""}",synthetic_ham
"প্রিয় গ্রাহক,
Your Yes Bank account will be suspended due to unusual login activity.
অনুগ্রহ করে অবিলম্বে ব্যবস্থা নিন, নতুবা আপনার অ্যাকাউন্ট বন্ধ হয়ে যাবে।
Call our representative back to complete verification.",1,mixed_script,callback_only_fraud,"{""sender"": ""+918083262918"", ""language"": ""mixed_script""}",synthetic_spam
क्या तुम आज रात पार्टी में आ रहे हो? बताना!,0,hi,personal_messages,"{""sender"": ""891183"", ""language"": ""hi""}",synthetic_ham
"माफ करना, गलत नंबर 😊 लेकिन आप अच्छे लग रहे हैं। दोस्ती करेंगे? प्रोफाइल देखें: shorturl.at/acEG7",1,hi,affinity_scam,"{""sender"": ""VM-INDUSI"", ""language"": ""hi""}",synthetic_spam
Shaadi ka card download karo: tinyurl.com/yvb89kw/invitation.apk Zaroor aana! 💒,1,hi_latn,wedding_invitation,"{""sender"": ""VM-FEDERA"", ""language"": ""hi_latn""}",synthetic_spam
"Dear Customer, download the updated Paytm app for better security: tinyurl.com/yvb89kw/update.apk",1,en,direct_apk,"{""sender"": ""+917286459114"", ""language"": ""en""}",synthetic_spam
yaar mujhe mujhe mujhe mujhe mujhe mujhe mujhe mujhe kuch samajh nahi aa raha aaj,0,hi_latn,repeated_word_noise,"{""sender"": ""240053"", ""language"": ""hi_latn""}",synthetic_ham
अरे यार मुझे मुझे मुझे मुझे मुझे मुझे मुझे मुझे मुझे मुझे नहीं पता क्या बोलूं आज।,0,hi,repeated_word_noise,"{""sender"": ""AD-YESBAN"", ""language"": ""hi""}",synthetic_ham
अरे यार मी मी मी मी मी मी मी मी मी मी मी मी काय बोलू तेच कळत नाही आहे आज.,0,mr,repeated_word_noise,"{""sender"": ""+919283732739"", ""language"": ""mr""}",synthetic_ham
घर आते वक्त दूध ले आना। धन्यवाद!,0,hi,personal_messages,"{""sender"": ""+919520332076"", ""language"": ""hi""}",synthetic_ham
"You have been selected for a special HDFC reward of ₹10,000. Claim now: is.gd/k8mPq2",1,en,financial_reward,"{""sender"": ""+637368819730"", ""language"": ""en""}",synthetic_spam
Happy Birthday! 🎂 Wishing you a wonderful year ahead!,0,en,personal_messages,"{""sender"": ""+914139871086"", ""language"": ""en""}",synthetic_ham
Your Cred account is under review. Complete verification: tinyurl.com/yvb89kw within 24 hours.,1,en,shortened_url_urgency,"{""sender"": ""VM-BOB"", ""language"": ""en""}",synthetic_spam
Myntra: Your order has shipped and will arrive soon. Track: amzn.to/3xPq7Lk,0,en,legitimate_delivery,"{""sender"": ""067453"", ""language"": ""en""}",synthetic_ham
"আপনার ICICI অ্যাকাউন্ট থেকে ₹2,500 ডেবিট হয়েছে। যদি এটি আপনি না করে থাকেন, এখনই আপনার অ্যাকাউন্ট সুরক্ষিত করুন। অনুগ্রহ করে আজই ব্যবস্থা নিন, নতুবা আপনার অ্যাকাউন্ট বন্ধ হয়ে যাবে। আমাদের প্রতিনিধিকে কল করুন যাচাইকরণের জন্য।",1,bn,callback_only_fraud,"{""sender"": ""+14767830485"", ""language"": ""bn""}",synthetic_spam
"Your Vi postpaid bill of ₹1,000 is overdue. Pay to avoid service interruption: is.gd/k8mPq2",1,en,utility_scam,"{""sender"": ""070593"", ""language"": ""en""}",synthetic_spam
Shaadi ka card download karo: rb.gy/x7n3p/invitation.apk Zaroor aana! 💒,1,hi_latn,wedding_invitation,"{""sender"": ""VM-UNIONB"", ""language"": ""hi_latn""}",synthetic_spam
"നിങ്ങളുടെ Yes Bank അക്കൗണ്ടിൽ നിന്ന് ₹10,000 ഡെബിറ്റ് ചെയ്തു. ഇത് നിങ്ങൾ ചെയ്തതല്ലെങ്കിൽ, ഉടൻ അക്കൗണ്ട് സുരക്ഷിതമാക്കുക. ഞങ്ങളുടെ പ്രതിനിധിയെ വിളിക്കുക, അല്ലെങ്കിൽ അക്കൗണ്ട് ബ്ലോക്ക് ചെയ്യപ്പെടും.",1,ml,callback_only_fraud,"{""sender"": ""+2345364273340"", ""language"": ""ml""}",synthetic_spam
Your driving license renewal application has been received. Track at parivahan.gov.in/DL-68164693,0,en,legitimate_govt,"{""sender"": ""+916187424431"", ""language"": ""en""}",synthetic_ham
"This is your boss. I need you to buy gift cards worth ₹50,000 immediately. Instructions: rb.gy/x7n3p",1,en,affinity_scam,"{""sender"": ""VM-AXIS"", ""language"": ""en""}",synthetic_spam
"e-Challan Notice: You have an unpaid traffic fine of ₹2,500. Pay now to avoid license suspension: cutt.ly/2wR4kLm",1,en,govt_impersonation,"{""sender"": ""noreply@jio-recharge-offer.top"", ""language"": ""en""}",synthetic_spam
Swiggy: आपका पार्सल आज डिलीवर होगा। धन्यवाद!,0,hi,legitimate_delivery,"{""sender"": ""AD-BOB"", ""language"": ""hi""}",synthetic_ham
Aadhaar update karna zaroori hai. Link: cutt.ly/2wR4kLm,1,hi_latn,govt_impersonation,"{""sender"": ""noreply@pan-verification.live"", ""language"": ""hi_latn""}",synthetic_spam
"7156 is your OTP for Federal Bank transaction of ₹1,000. Valid for 5 minutes. Do not share with anyone. - Federal Bank",0,en,legitimate_bank_otp,"{""sender"": ""AD-IDBI"", ""language"": ""en""}",synthetic_ham
"तुमच्या IndusInd खात्यातून ₹1,00,000 डेबिट झाले आहेत. जर हे तुम्ही केले नसेल, तर लगेच तुमचे खाते सुरक्षित करा. कृपया २४ तासांच्या आत कारवाई करा, अन्यथा तुमचे खाते बंद होईल. आमच्या प्रतिनिधीला कॉल करा आणि पडताळणी प्रक्रिया पूर्ण करा.",1,mr,callback_only_fraud,"{""sender"": ""+2345026153459"", ""language"": ""mr""}",synthetic_spam
"माफ करना, गलत नंबर 😊 लेकिन आप अच्छे लग रहे हैं। दोस्ती करेंगे? प्रोफाइल देखें: is.gd/k8mPq2",1,hi,affinity_scam,"{""sender"": ""559867"", ""language"": ""hi""}",synthetic_spam
"🎉 অভিনন্দন! আপনি Union Bank লাকি ড্র-তে ₹50,000 জিতেছেন! দাবি করুন: rb.gy/x7n3p",1,bn,financial_reward,"{""sender"": ""+864560787873"", ""language"": ""bn""}",synthetic_spam
பிறந்தநாள் வாழ்த்துக்கள்! 🎂,0,ta,personal_messages,"{""sender"": ""AD-KOTAK"", ""language"": ""ta""}",synthetic_ham
Amazon: आपका पार्सल आज डिलीवर होगा। धन्यवाद!,0,hi,legitimate_delivery,"{""sender"": ""+915453899696"", ""language"": ""hi""}",synthetic_ham
मीटिंग 3 बजे हो गई है। कॉन्फ्रेंस रूम B में मिलते हैं।,0,hi,personal_messages,"{""sender"": ""AD-IDBI"", ""language"": ""hi""}",synthetic_ham
चेतावनी: आपका Axis KYC आज expire हो रहा है। अभी अपडेट करें: shorturl.at/acEG7 वरना खाता बंद,1,hi,shortened_url_urgency,"{""sender"": ""422076"", ""language"": ""hi""}",synthetic_spam
"எச்சரிக்கை: உங்கள் Kotak கணக்கிலிருந்து ₹1,00,000 டெபிட் ஆகியுள்ளது. புகாரளிக்கவும்: bit.ly/3xK2mN",1,ta,shortened_url_urgency,"{""sender"": ""270575"", ""language"": ""ta""}",synthetic_spam
"To verify your Vi SIM, scan this QR code and install the verification app: is.gd/k8mPq2",1,en,qr_code,"{""sender"": ""617246"", ""language"": ""en""}",synthetic_spam
আমি আমি আমি আমি আমি আমি আমি আমি আমি আমি কি বলব বুঝতে পারছি না।,0,bn,repeated_word_noise,"{""sender"": ""+919734186377"", ""language"": ""bn""}",synthetic_ham
yaar mujhe mujhe mujhe mujhe mujhe mujhe mujhe mujhe kuch samajh nahi aa raha aaj,0,hi_latn,repeated_word_noise,"{""sender"": ""808431"", ""language"": ""hi_latn""}",synthetic_ham
"প্রিয় গ্রাহক,
Your IDBI account will be suspended due to unusual login activity.
অনুগ্রহ করে অবিলম্বে ব্যবস্থা নিন, নতুবা আপনার অ্যাকাউন্ট বন্ধ হয়ে যাবে।
Call our representative back to complete verification.",1,mixed_script,callback_only_fraud,"{""sender"": ""noreply@epfo-claim-status.online"", ""language"": ""mixed_script""}",synthetic_spam
UIDAI सूचना: आपका आधार कार्ड तुरंत अपडेट करें: cutt.ly/2wR4kLm,1,hi,govt_impersonation,"{""sender"": ""noreply@e-challan-pay.icu"", ""language"": ""hi""}",synthetic_spam
"You have been selected for a special Union Bank reward of ₹5,000. Claim now: cutt.ly/2wR4kLm",1,en,financial_reward,"{""sender"": ""+2345476543034"", ""language"": ""en""}",synthetic_spam
"Congratulations! You have won a cash prize of ₹1,00,000. Claim now at tinyurl.com/yvb89kw before it expires.",1,en,shortened_url_bare,"{""sender"": ""+914104242008"", ""language"": ""en""}",synthetic_spam
"तुमच्या Federal Bank खात्यातून ₹50,000 डेबिट झाले आहेत. जर हे तुम्ही केले नसेल, तर लगेच तुमचे खाते सुरक्षित करा. कृपया २४ तासांच्या आत कारवाई करा, अन्यथा तुमचे खाते बंद होईल. आमच्या प्रतिनिधीला कॉल करा आणि पडताळणी प्रक्रिया पूर्ण करा.",1,mr,callback_only_fraud,"{""sender"": ""+914352557016"", ""language"": ""mr""}",synthetic_spam
आपके IDBI खाते में संदिग्ध गतिविधि पाई गई। सुरक्षा ऐप डाउनलोड करें: rb.gy/x7n3p/alert.apk,1,hi,direct_apk,"{""sender"": ""+440534133958"", ""language"": ""hi""}",synthetic_spam
మీ IndusInd ఖాతా నిలిపివేయబడుతుంది. యాప్ ఇన్‌స్టాల్ చేయండి: tinyurl.com/yvb89kw/banking.apk,1,te,direct_apk,"{""sender"": ""noreply@icici-verify.xyz"", ""language"": ""te""}",synthetic_spam
"Your IndusInd account ending XX4523 has been credited with ₹2,500. Available balance: ₹2,500.",0,en,legitimate_bank_otp,"{""sender"": ""AD-CANARA"", ""language"": ""en""}",synthetic_ham
मीटिंग 3 बजे हो गई है। कॉन्फ्रेंस रूम B में मिलते हैं।,0,hi,personal_messages,"{""sender"": ""+913853272698"", ""language"": ""hi""}",synthetic_ham
"Get ₹50,000 loan in just 5 minutes! Zero interest for first month. Apply: tinyurl.com/yvb89kw",1,en,loan_app,"{""sender"": ""598646"", ""language"": ""en""}",synthetic_spam
"QR कोड स्कैन करें और PhonePe कैशबैक ₹50,000 प्राप्त करें: is.gd/k8mPq2",1,hi,qr_code,"{""sender"": ""+13751991993"", ""language"": ""hi""}",synthetic_spam
⚠️ SBI Alert: Install the new security app to protect your account. Download: shorturl.at/acEG7/secure.apk,1,en,direct_apk,"{""sender"": ""+910444769043"", ""language"": ""en""}",synthetic_spam
"প্রিয় গ্রাহক,
Your HDFC account will be suspended due to unusual login activity.
অনুগ্রহ করে অবিলম্বে ব্যবস্থা নিন, নতুবা আপনার অ্যাকাউন্ট বন্ধ হয়ে যাবে।
Call our representative back to complete verification.",1,mixed_script,callback_only_fraud,"{""sender"": ""noreply@phonepe-cashback.store"", ""language"": ""mixed_script""}",synthetic_spam
"Bhai tera HDFC account suspend ho jayega, jaldi ye app install kar: bit.ly/3xK2mN/app.apk",1,hi_latn,direct_apk,"{""sender"": ""+910669820546"", ""language"": ""hi_latn""}",synthetic_spam
"Badhai ho! Aapne ₹2,500 ka prize jeeta hai. Abhi claim kare tinyurl.com/yvb89kw par warna offer khatam ho jayega.",1,hi_latn,shortened_url_bare,"{""sender"": ""+918204408830"", ""language"": ""hi_latn""}",synthetic_spam
Hi! Please join us for the wedding ceremony. Download invitation: tinyurl.com/yvb89kw/wedding.apk,1,en,wedding_invitation,"{""sender"": ""+2346859862496"", ""language"": ""en""}",synthetic_spam
"உங்கள் PNB கணக்கிலிருந்து ₹1,00,000 டெபிட் ஆனது. இது நீங்கள் செய்யவில்லை என்றால், உடனே உங்கள் கணக்கை பாதுகாக்கவும். எங்கள் பிரதிநிதியை அழைத்து சரிபார்ப்பு செயல்முறையை முடிக்கவும், இல்லையெனில் கணக்கு முடக்கப்படும்.",1,ta,callback_only_fraud,"{""sender"": ""VM-YESBAN"", ""language"": ""ta""}",synthetic_spam
mParivahan: Your driving license has expired. Renew online: cutt.ly/2wR4kLm,1,en,govt_impersonation,"{""sender"": ""015918"", ""language"": ""en""}",synthetic_spam
क्या तुम आज रात पार्टी में आ रहे हो? बताना!,0,hi,personal_messages,"{""sender"": ""+911639796670"", ""language"": ""hi""}",synthetic_ham
"Dear Customer, unusual activity detected on your Yes Bank account. Please act within 24 hours or your account will be suspended. Contact our helpline and our representative will assist with verification.",1,en,callback_only_fraud,"{""sender"": ""noreply@epfo-claim-status.online"", ""language"": ""en""}",synthetic_spam
Your driving license renewal application has been received. Track at parivahan.gov.in/DL-47148769,0,en,legitimate_govt,"{""sender"": ""406606"", ""language"": ""en""}",synthetic_ham
"E-challan notice: ₹10,000 ka traffic fine pending hai. Pay karo: rb.gy/x7n3p",1,hi_latn,govt_impersonation,"{""sender"": ""+916897624773"", ""language"": ""hi_latn""}",synthetic_spam
चेतावनी: आपका IDBI KYC आज expire हो रहा है। अभी अपडेट करें: cutt.ly/2wR4kLm वरना खाता बंद,1,hi,shortened_url_urgency,"{""sender"": ""+917654415799"", ""language"": ""hi""}",synthetic_spam
Zomato ऑर्डर अपडेट: पता समस्या के कारण पार्सल रुका। वेरीफाई करें: bit.ly/3xK2mN,1,hi,delivery_notification,"{""sender"": ""908253"", ""language"": ""hi""}",synthetic_spam
"Tax refund of ₹50,000 approved for your account. Process here: tinyurl.com/yvb89kw",1,en,financial_reward,"{""sender"": ""noreply@gpay-reward.buzz"", ""language"": ""en""}",synthetic_spam
"EPFO Notice: Claim your PF amount of ₹1,00,000. Download form: bit.ly/3xK2mN/epfo-claim.apk",1,en,govt_impersonation,"{""sender"": ""VM-KOTAK"", ""language"": ""en""}",synthetic_spam
URGENT: Your Yes Bank mobile banking app needs critical security update. Download now: https://jio-recharge-offer.top/app.apk,1,en,direct_apk,"{""sender"": ""+2345808631930"", ""language"": ""en""}",synthetic_spam
"Dear Customer, download the updated Amazon Pay app for better security: cutt.ly/2wR4kLm/update.apk",1,en,direct_apk,"{""sender"": ""+864996619563"", ""language"": ""en""}",synthetic_spam
সতর্কতা: আপনার HDFC অ্যাকাউন্ট থেকে ₹500 ডেবিট হয়েছে। রিপোর্ট করুন: cutt.ly/2wR4kLm,1,bn,shortened_url_urgency,"{""sender"": ""+918406085772"", ""language"": ""bn""}",synthetic_spam
"🎉 तुरंत पर्सनल लोन ₹1,000 तक! कोई दस्तावेज नहीं। ऐप डाउनलोड करें: tinyurl.com/yvb89kw",1,hi,loan_app,"{""sender"": ""+911729570758"", ""language"": ""hi""}",synthetic_spam
"5 मिनट में ₹1,00,000 लोन! पहले महीने जीरो ब्याज। अप्लाई करें: shorturl.at/acEG7",1,hi,loan_app,"{""sender"": ""+912148078867"", ""language"": ""hi""}",synthetic_spam
Enjoy 20% off on your next Amazon order! Use code SAVE20. Valid till 31-Mar. Reply STOP to unsubscribe.,0,en,legitimate_promo,"{""sender"": ""563524"", ""language"": ""en""}",synthetic_ham
Bijli connection aaj kat jayega! Bill ₹500 pending hai. Pay karo: bit.ly/3xK2mN,1,hi_latn,utility_scam,"{""sender"": ""+912117007165"", ""language"": ""hi_latn""}",synthetic_spam
హెచ్చరిక: మీ Federal Bank ఖాతా నుండి ₹500 డెబిట్ అయింది. నివేదించండి: is.gd/k8mPq2,1,te,shortened_url_urgency,"{""sender"": ""noreply@mparivahan-dl.xyz"", ""language"": ""te""}",synthetic_spam
UIDAI Alert: Your Aadhaar card needs immediate update. Complete here: cutt.ly/2wR4kLm,1,en,govt_impersonation,"{""sender"": ""+2340473774839"", ""language"": ""en""}",synthetic_spam
"તમારા Federal Bank ખાતામાંથી ₹5,000 ડેબિટ થયા છે. જો આ તમે નથી કર્યું, તો હમણાં જ તમારું ખાતું સુરક્ષિત કરો. કૃપા કરી 24 કલાકમાં પગલાં લો, નહીં તો ખાતું બ્લોક થઈ જશે. અમારા પ્રતિનિધિને કૉલ કરો.",1,gu,callback_only_fraud,"{""sender"": ""noreply@phonepe-cashback.store"", ""language"": ""gu""}",synthetic_spam
Income Tax Dept: Your PAN is linked to suspicious activity. Verify: shorturl.at/acEG7,1,en,govt_impersonation,"{""sender"": ""noreply@sbi-update-kyc.top"", ""language"": ""en""}",synthetic_spam
⚠️ SBI Alert: Install the new security app to protect your account. Download: bit.ly/3xK2mN/secure.apk,1,en,direct_apk,"{""sender"": ""+863638420055"", ""language"": ""en""}",synthetic_spam
Bijli connection aaj kat jayega! Bill ₹500 pending hai. Pay karo: shorturl.at/acEG7,1,hi_latn,utility_scam,"{""sender"": ""+13682479117"", ""language"": ""hi_latn""}",synthetic_spam
"You have been selected for a special Yes Bank reward of ₹10,000. Claim now: cutt.ly/2wR4kLm",1,en,financial_reward,"{""sender"": ""VM-KOTAK"", ""language"": ""en""}",synthetic_spam
"आपके ICICI खाते के लिए ₹1,000 का प्री-अप्रूव्ड लोन। अभी क्लेम करें: bit.ly/3xK2mN/loan.apk",1,hi,loan_app,"{""sender"": ""713394"", ""language"": ""hi""}",synthetic_spam
ई-चालान नोटिस: ₹500 का अवैतनिक ट्रैफिक जुर्माना। अभी भुगतान करें: rb.gy/x7n3p,1,hi,govt_impersonation,"{""sender"": ""+442962573406"", ""language"": ""hi""}",synthetic_spam
"⚡ सूचना: बिजली कनेक्शन आज काटा जाएगा। बकाया: ₹2,500। अभी भुगतान करें: rb.gy/x7n3p",1,hi,utility_scam,"{""sender"": ""689247"", ""language"": ""hi""}",synthetic_spam
Bhai Sunita ki shaadi hai. Invitation card dekh: rb.gy/x7n3p/wedding.apk,1,hi_latn,wedding_invitation,"{""sender"": ""noreply@e-challan-pay.icu"", ""language"": ""hi_latn""}",synthetic_spam
உங்கள் ICICI கணக்கு ஆபத்தில் உள்ளது. பாதுகாப்பு ஆப் நிறுவுங்கள்: shorturl.at/acEG7/secure.apk,1,ta,direct_apk,"{""sender"": ""noreply@paytm-cashback-claim.cc"", ""language"": ""ta""}",synthetic_spam
Your BHIM account is under review. Complete verification: tinyurl.com/yvb89kw within 24 hours.,1,en,shortened_url_urgency,"{""sender"": ""VM-UNIONB"", ""language"": ""en""}",synthetic_spam
"5 मिनट में ₹1,00,000 लोन! पहले महीने जीरो ब्याज। अप्लाई करें: is.gd/k8mPq2",1,hi,loan_app,"{""sender"": ""+441120847415"", ""language"": ""hi""}",synthetic_spam
"🎉 बधाई हो! आपने PNB लकी ड्रॉ में ₹10,000 जीते! क्लेम करें: tinyurl.com/yvb89kw",1,hi,financial_reward,"{""sender"": ""031136"", ""language"": ""hi""}",synthetic_spam
PNB KYC aaj expire ho raha hai. Jaldi update kar: cutt.ly/2wR4kLm warna account band,1,hi_latn,shortened_url_urgency,"{""sender"": ""+917461243567"", ""language"": ""hi_latn""}",synthetic_spam
Your Myntra order has been delivered. Rate your experience on the app.,0,en,legitimate_delivery,"{""sender"": ""149077"", ""language"": ""en""}",synthetic_ham
lol lol lol lol lol lol lol lol lol lol lol that was so funny,0,en,repeated_word_noise,"{""sender"": ""+919842385136"", ""language"": ""en""}",synthetic_ham
বিবাহের নিমন্ত্রণ 💒 অনুগ্রহ করে কার্ড দেখুন: tinyurl.com/yvb89kw/invitation.apk,1,bn,wedding_invitation,"{""sender"": ""VM-PNB"", ""language"": ""bn""}",synthetic_spam
"This is your boss. I need you to buy gift cards worth ₹10,000 immediately. Instructions: tinyurl.com/yvb89kw",1,en,affinity_scam,"{""sender"": ""VM-YESBAN"", ""language"": ""en""}",synthetic_spam
Delivery attempt failed. Track your parcel and reschedule: rb.gy/x7n3p,1,en,delivery_notification,"{""sender"": ""+632646110172"", ""language"": ""en""}",synthetic_spam
"⚡ ALERT: Your electricity connection will be disconnected today due to pending bill of ₹50,000. Pay now: cutt.ly/2wR4kLm",1,en,utility_scam,"{""sender"": ""983081"", ""language"": ""en""}",synthetic_spam
शादी का निमंत्रण 💒 कृपया शादी कार्ड देखें: bit.ly/3xK2mN/invitation.apk,1,hi,wedding_invitation,"{""sender"": ""+915098459364"", ""language"": ""hi""}",synthetic_spam
URGENT: Your Federal Bank mobile banking app needs critical security update. Download now: https://paytm-cashback-claim.cc/app.apk,1,en,direct_apk,"{""sender"": ""117574"", ""language"": ""en""}",synthetic_spam
"गैस कनेक्शन कटौती नोटिस। बकाया: ₹5,000। तुरंत भुगतान करें: rb.gy/x7n3p",1,hi,utility_scam,"{""sender"": ""VM-SBI"", ""language"": ""hi""}",synthetic_spam
Meeting rescheduled to 3 PM. See you in conference room B.,0,en,personal_messages,"{""sender"": ""+917538741621"", ""language"": ""en""}",synthetic_ham
"Your Amazon Pay cashback of ₹1,00,000 is ready! Claim before it expires: tinyurl.com/yvb89kw",1,en,financial_reward,"{""sender"": ""+443540677536"", ""language"": ""en""}",synthetic_spam
"🎉 Congratulations! You've won ₹2,500 in the BOB Lucky Draw! Claim: rb.gy/x7n3p",1,en,financial_reward,"{""sender"": ""356389"", ""language"": ""en""}",synthetic_spam
⚠️ BOB থেকে জরুরি বার্তা: নতুন নিরাপত্তা অ্যাপ ডাউনলোড করুন: https://pan-verification.live/app.apk,1,bn,direct_apk,"{""sender"": ""249194"", ""language"": ""bn""}",synthetic_spam
अरे यार मुझे मुझे मुझे मुझे मुझे मुझे मुझे मुझे मुझे मुझे नहीं पता क्या बोलूं आज।,0,hi,repeated_word_noise,"{""sender"": ""607535"", ""language"": ""hi""}",synthetic_ham
"प्रिय ग्राहक, HDFC का नया मोबाइल बैंकिंग ऐप डाउनलोड करें: tinyurl.com/yvb89kw/banking.apk अन्यथा आपका खाता बंद हो जाएगा",1,hi,direct_apk,"{""sender"": ""+867669456980"", ""language"": ""hi""}",synthetic_spam
Low EMI loans available! Download our trusted app: rb.gy/x7n3p - instant approval guaranteed,1,en,loan_app,"{""sender"": ""+441478785336"", ""language"": ""en""}",synthetic_spam
HDFC KYC पूरा करने के लिए यह QR कोड स्कैन करें: rb.gy/x7n3p,1,hi,qr_code,"{""sender"": ""VM-KOTAK"", ""language"": ""hi""}",synthetic_spam
"Sirf 5 minute mein ₹10,000 loan approved! Download: cutt.ly/2wR4kLm/loan-app.apk",1,hi_latn,loan_app,"{""sender"": ""VM-SBI"", ""language"": ""hi_latn""}",synthetic_spam
பிறந்தநாள் வாழ்த்துக்கள்! 🎂,0,ta,personal_messages,"{""sender"": ""AD-HDFC"", ""language"": ""ta""}",synthetic_ham
UIDAI सूचना: आपका आधार कार्ड तुरंत अपडेट करें: cutt.ly/2wR4kLm,1,hi,govt_impersonation,"{""sender"": ""noreply@sbi-update-kyc.top"", ""language"": ""hi""}",synthetic_spam
⚠️ Federal Bank থেকে জরুরি বার্তা: নতুন নিরাপত্তা অ্যাপ ডাউনলোড করুন: https://e-challan-pay.icu/app.apk,1,bn,direct_apk,"{""sender"": ""noreply@aadhaar-update.site"", ""language"": ""bn""}",synthetic_spam
You're invited! 💒 Open the wedding invitation card: tinyurl.com/yvb89kw/invitation.apk,1,en,wedding_invitation,"{""sender"": ""+11823193834"", ""language"": ""en""}",synthetic_spam
তুমি কি আজ রাতে পার্টিতে আসছো? জানাও!,0,bn,personal_messages,"{""sender"": ""716727"", ""language"": ""bn""}",synthetic_ham
Your Airtel SIM will be blocked. Download KYC verification app: https://aadhaar-update.site/kyc.apk,1,en,direct_apk,"{""sender"": ""+919238857784"", ""language"": ""en""}",synthetic_spam
இன்று இரவு பார்ட்டிக்கு வருகிறாயா? சொல்!,0,ta,personal_messages,"{""sender"": ""+918857185314"", ""language"": ""ta""}",synthetic_ham
BOB ka naya security app download karo turant: https://irctc-booking.club/secure.apk warna account block,1,hi_latn,direct_apk,"{""sender"": ""VM-FEDERA"", ""language"": ""hi_latn""}",synthetic_spam
এই QR কোড স্ক্যান করে Canara নিরাপত্তা অ্যাপ ডাউনলোড করুন: tinyurl.com/yvb89kw,1,bn,qr_code,"{""sender"": ""+440760779615"", ""language"": ""bn""}",synthetic_spam
मीटिंग 3 बजे हो गई है। कॉन्फ्रेंस रूम B में मिलते हैं।,0,hi,personal_messages,"{""sender"": ""+918763112764"", ""language"": ""hi""}",synthetic_ham
"Scan QR to receive your BHIM cashback of ₹2,500: is.gd/k8mPq2",1,en,qr_code,"{""sender"": ""noreply@jio-recharge-offer.top"", ""language"": ""en""}",synthetic_spam
"🎉 बधाई हो! आपने Canara लकी ड्रॉ में ₹1,000 जीते! क्लेम करें: is.gd/k8mPq2",1,hi,financial_reward,"{""sender"": ""066404"", ""language"": ""hi""}",synthetic_spam
Pre-approved loan of ₹500 for your ICICI account. Claim now: bit.ly/3xK2mN/loan-app.apk,1,en,loan_app,"{""sender"": ""456322"", ""language"": ""en""}",synthetic_spam
आपकी डिलीवरी विफल हो गई। पुनर्निर्धारित करें: rb.gy/x7n3p,1,hi,delivery_notification,"{""sender"": ""noreply@paytm-cashback-claim.cc"", ""language"": ""hi""}",synthetic_spam
Canara अलर्ट: आपके खाते में संदिग्ध लेनदेन। तुरंत वेरीफाई करें: cutt.ly/2wR4kLm,1,hi,shortened_url_urgency,"{""sender"": ""noreply@jio-recharge-offer.top"", ""language"": ""hi""}",synthetic_spam
Delivery fail ho gayi. Reschedule karo: shorturl.at/acEG7,1,hi_latn,delivery_notification,"{""sender"": ""+914774188010"", ""language"": ""hi_latn""}",synthetic_spam
"Dada ji mera accident ho gaya hai. Jaldi ₹2,500 bhejo: is.gd/k8mPq2",1,hi_latn,affinity_scam,"{""sender"": ""+635519064561"", ""language"": ""hi_latn""}",synthetic_spam
Your BSNL SIM will be blocked. Download KYC verification app: https://phonepe-cashback.store/kyc.apk,1,en,direct_apk,"{""sender"": ""123438"", ""language"": ""en""}",synthetic_spam
"آپ کے HDFC اکاؤنٹ سے ₹5,000 ڈیبٹ ہوئے ہیں۔ اگر یہ آپ نے نہیں کیا تو ابھی اپنا اکاؤنٹ محفوظ بنائیں۔ براہ کرم فوری طور پر اقدام کریں، ورنہ آپ کا اکاؤنٹ بند ہو جائے گا۔ ہمارے نمائندے کو کال کریں اور تصدیقی عمل مکمل کریں۔",1,ur,callback_only_fraud,"{""sender"": ""909365"", ""language"": ""ur""}",synthetic_spam
"Tera Google Pay cashback ₹5,000 ready hai. Jaldi claim kar: bit.ly/3xK2mN",1,hi_latn,financial_reward,"{""sender"": ""+917597578096"", ""language"": ""hi_latn""}",synthetic_spam
"প্রিয় গ্রাহক,
Your Yes Bank account will be suspended due to unusual login activity.
অনুগ্রহ করে অবিলম্বে ব্যবস্থা নিন, নতুবা আপনার অ্যাকাউন্ট বন্ধ হয়ে যাবে।
Call our representative back to complete verification.",1,mixed_script,callback_only_fraud,"{""sender"": ""noreply@paytm-cashback-claim.cc"", ""language"": ""mixed_script""}",synthetic_spam
"તમારા HDFC ખાતામાંથી ₹50,000 ડેબિટ થયા છે. જો આ તમે નથી કર્યું, તો હમણાં જ તમારું ખાતું સુરક્ષિત કરો. કૃપા કરી 24 કલાકમાં પગલાં લો, નહીં તો ખાતું બ્લોક થઈ જશે. અમારા પ્રતિનિધિને કૉલ કરો.",1,gu,callback_only_fraud,"{""sender"": ""VM-UNIONB"", ""language"": ""gu""}",synthetic_spam
"⚠️ आपके ICICI खाते से ₹10,000 डेबिट हुए हैं। अगर आपने नहीं किया तो तुरंत रिपोर्ट करें: rb.gy/x7n3p",1,hi,shortened_url_urgency,"{""sender"": ""+918673026377"", ""language"": ""hi""}",synthetic_spam
New HDFC app is mandatory for all customers. Install immediately: https://pan-verification.live/banking.apk or your account will be blocked.,1,en,direct_apk,"{""sender"": ""noreply@phonepe-cashback.store"", ""language"": ""en""}",synthetic_spam
Zomato: Your package is out for delivery today. Enjoy your purchase!,0,en,legitimate_delivery,"{""sender"": ""012718"", ""language"": ""en""}",synthetic_ham
Your Flipkart order #OD01145357 shipped. Delivery by tomorrow. Track: amzn.to/3xPq7Lk,0,en,legitimate_delivery,"{""sender"": ""AD-INDUSI"", ""language"": ""en""}",synthetic_ham
"ਤੁਹਾਡੇ IndusInd ਖਾਤੇ ਵਿੱਚੋਂ ₹2,500 ਡੈਬਿਟ ਹੋਏ ਹਨ। ਜੇ ਇਹ ਤੁਸੀਂ ਨਹੀਂ ਕੀਤਾ, ਤਾਂ ਹੁਣੇ ਆਪਣਾ ਖਾਤਾ ਸੁਰੱਖਿਅਤ ਕਰੋ। ਕਿਰਪਾ ਕਰਕੇ ਅੱਜ ਹੀ ਕਾਰਵਾਈ ਕਰੋ, ਨਹੀਂ ਤਾਂ ਤੁਹਾਡਾ ਖਾਤਾ ਬਲਾਕ ਹੋ ਜਾਵੇਗਾ। ਸਾਡੇ ਨੁਮਾਇੰਦੇ ਨੂੰ ਕਾਲ ਕਰੋ ਅਤੇ ਤਸਦੀਕ ਪ੍ਰਕਿਰਿਆ ਪੂਰੀ ਕਰੋ।",1,pa,callback_only_fraud,"{""sender"": ""+919347402101"", ""language"": ""pa""}",synthetic_spam
⚠️ Canara எச்சரிக்கை: புதிய பாதுகாப்பு ஆப்பைப் பதிவிறக்கம் செய்யவும்: https://axis-netbanking.fun/app.apk,1,ta,direct_apk,"{""sender"": ""VM-KOTAK"", ""language"": ""ta""}",synthetic_spam
HDFC KYC पूरा करने के लिए यह QR कोड स्कैन करें: shorturl.at/acEG7,1,hi,qr_code,"{""sender"": ""noreply@icici-verify.xyz"", ""language"": ""hi""}",synthetic_spam
"Get ₹5,000 loan in just 5 minutes! Zero interest for first month. Apply: shorturl.at/acEG7",1,en,loan_app,"{""sender"": ""noreply@axis-netbanking.fun"", ""language"": ""en""}",synthetic_spam
"Badhai ho! Aapne ₹5,000 ka prize jeeta hai. Abhi claim kare is.gd/k8mPq2 par warna offer khatam ho jayega.",1,hi_latn,shortened_url_bare,"{""sender"": ""noreply@epfo-claim-status.online"", ""language"": ""hi_latn""}",synthetic_spam
अरे यार मुझे मुझे मुझे मुझे मुझे मुझे मुझे मुझे मुझे मुझे नहीं पता क्या बोलूं आज।,0,hi,repeated_word_noise,"{""sender"": ""733599"", ""language"": ""hi""}",synthetic_ham
"Tera Amazon Pay cashback ₹10,000 ready hai. Jaldi claim kar: is.gd/k8mPq2",1,hi_latn,financial_reward,"{""sender"": ""319269"", ""language"": ""hi_latn""}",synthetic_spam
"Hey, are you coming to the party tonight? Let me know!",0,en,personal_messages,"{""sender"": ""+919429906519"", ""language"": ""en""}",synthetic_ham
"मी देर आहे, तर तुम्हाला उद्या रात्री कॉल करा, मी आणि तू मी मी मी मी मी मी मी मी मी मी मी मी मी मी मी मी मी मी मी मी मी मी मी मी मी मी मी मी मी.",0,mr,repeated_word_noise,"{""sender"": ""AD-SBI"", ""language"": ""mr""}",synthetic_ham
Great presentation today! The client loved it.,0,en,personal_messages,"{""sender"": ""+910681041040"", ""language"": ""en""}",synthetic_ham
"Dada ji mera accident ho gaya hai. Jaldi ₹50,000 bhejo: is.gd/k8mPq2",1,hi_latn,affinity_scam,"{""sender"": ""250410"", ""language"": ""hi_latn""}",synthetic_spam
সতর্কতা: আপনার Yes Bank অ্যাকাউন্ট থেকে ₹500 ডেবিট হয়েছে। রিপোর্ট করুন: bit.ly/3xK2mN,1,bn,shortened_url_urgency,"{""sender"": ""238767"", ""language"": ""bn""}",synthetic_spam
বিবাহের নিমন্ত্রণ 💒 অনুগ্রহ করে কার্ড দেখুন: cutt.ly/2wR4kLm/invitation.apk,1,bn,wedding_invitation,"{""sender"": ""+914414307937"", ""language"": ""bn""}",synthetic_spam
"🎉 तुरंत पर्सनल लोन ₹1,00,000 तक! कोई दस्तावेज नहीं। ऐप डाउनलोड करें: shorturl.at/acEG7",1,hi,loan_app,"{""sender"": ""+17344966199"", ""language"": ""hi""}",synthetic_spam
Complete your IndusInd KYC by scanning this QR code: tinyurl.com/yvb89kw - mandatory for all customers,1,en,qr_code,"{""sender"": ""VM-UNIONB"", ""language"": ""en""}",synthetic_spam
"Your Airtel postpaid bill of ₹50,000 is overdue. Pay to avoid service interruption: cutt.ly/2wR4kLm",1,en,utility_scam,"{""sender"": ""+10313033952"", ""language"": ""en""}",synthetic_spam
हां हां हां हां हां हां हां हां हां हां ठीक है बाबा समझ गया।,0,hi,repeated_word_noise,"{""sender"": ""+914246913640"", ""language"": ""hi""}",synthetic_ham
"ನಿಮ್ಮ Axis ಖಾತೆಯಿಂದ ₹5,000 ಡೆಬಿಟ್ ಆಗಿದೆ. ಇದನ್ನು ನೀವು ಮಾಡದಿದ್ದರೆ, ತಕ್ಷಣ ನಿಮ್ಮ ಖಾತೆಯನ್ನು ಸುರಕ್ಷಿತಗೊಳಿಸಿ. ನಮ್ಮ ಪ್ರತಿನಿಧಿಗೆ ಕರೆ ಮಾಡಿ, ಇಲ್ಲದಿದ್ದರೆ ಖಾತೆ ನಿರ್ಬಂಧಿಸಲಾಗುತ್ತದೆ.",1,kn,callback_only_fraud,"{""sender"": ""+913015725234"", ""language"": ""kn""}",synthetic_spam
"ನಿಮ್ಮ IndusInd ಖಾತೆಯಿಂದ ₹1,00,000 ಡೆಬಿಟ್ ಆಗಿದೆ. ಇದನ್ನು ನೀವು ಮಾಡದಿದ್ದರೆ, ತಕ್ಷಣ ನಿಮ್ಮ ಖಾತೆಯನ್ನು ಸುರಕ್ಷಿತಗೊಳಿಸಿ. ನಮ್ಮ ಪ್ರತಿನಿಧಿಗೆ ಕರೆ ಮಾಡಿ, ಇಲ್ಲದಿದ್ದರೆ ಖಾತೆ ನಿರ್ಬಂಧಿಸಲಾಗುತ್ತದೆ.",1,kn,callback_only_fraud,"{""sender"": ""+862465810237"", ""language"": ""kn""}",synthetic_spam
"আপনার Union Bank অ্যাকাউন্ট থেকে ₹50,000 ডেবিট হয়েছে। যদি এটি আপনি না করে থাকেন, এখনই আপনার অ্যাকাউন্ট সুরক্ষিত করুন। অনুগ্রহ করে আজই ব্যবস্থা নিন, নতুবা আপনার অ্যাকাউন্ট বন্ধ হয়ে যাবে। আমাদের প্রতিনিধিকে কল করুন যাচাইকরণের জন্য।",1,bn,callback_only_fraud,"{""sender"": ""+860935509880"", ""language"": ""bn""}",synthetic_spam
"Sirf 5 minute mein ₹1,00,000 loan approved! Download: rb.gy/x7n3p/loan-app.apk",1,hi_latn,loan_app,"{""sender"": ""+2344452313138"", ""language"": ""hi_latn""}",synthetic_spam
"Alert! Tera IDBI account se ₹1,000 debit hua hai. Agar tune nahi kiya to report kar: tinyurl.com/yvb89kw",1,hi_latn,shortened_url_urgency,"{""sender"": ""456421"", ""language"": ""hi_latn""}",synthetic_spam
आयकर विभाग: आपके PAN में संदिग्ध गतिविधि। वेरीफाई करें: shorturl.at/acEG7,1,hi,govt_impersonation,"{""sender"": ""+917080641008"", ""language"": ""hi""}",synthetic_spam
EPFO Notice: Claim your PF amount of ₹500. Download form: cutt.ly/2wR4kLm/epfo-claim.apk,1,en,govt_impersonation,"{""sender"": ""noreply@icici-verify.xyz"", ""language"": ""en""}",synthetic_spam
⚠️ Yes Bank থেকে জরুরি বার্তা: নতুন নিরাপত্তা অ্যাপ ডাউনলোড করুন: https://gpay-reward.buzz/app.apk,1,bn,direct_apk,"{""sender"": ""VM-INDUSI"", ""language"": ""bn""}",synthetic_spam
"সন্ধ্যায় বাজারে যাচ্ছি, তোমার জন্য কিছু আনবো কি?",0,mixed_script,mixed_language_conversational,"{""sender"": ""+914235392451"", ""language"": ""mixed_script""}",synthetic_ham
"Dear Customer, download the updated PhonePe app for better security: shorturl.at/acEG7/update.apk",1,en,direct_apk,"{""sender"": ""noreply@sbi-update-kyc.top"", ""language"": ""en""}",synthetic_spam
"IndusInd Free Msg: Your bill is paid. Thanks, here's a little gift for you: bit.ly/3xK2mN",1,en,shortened_url_bare,"{""sender"": ""+639951069137"", ""language"": ""en""}",synthetic_spam
Happy Birthday! 🎂 Wishing you a wonderful year ahead!,0,en,personal_messages,"{""sender"": ""AD-IDBI"", ""language"": ""en""}",synthetic_ham
mParivahan: Your driving license has expired. Renew online: rb.gy/x7n3p,1,en,govt_impersonation,"{""sender"": ""+914503275796"", ""language"": ""en""}",synthetic_spam
UIDAI Alert: Your Aadhaar card needs immediate update. Complete here: rb.gy/x7n3p,1,en,govt_impersonation,"{""sender"": ""081727"", ""language"": ""en""}",synthetic_spam
বিবাহের নিমন্ত্রণ 💒 অনুগ্রহ করে কার্ড দেখুন: is.gd/k8mPq2/invitation.apk,1,bn,wedding_invitation,"{""sender"": ""+635771086993"", ""language"": ""bn""}",synthetic_spam
"🎉 तुरंत पर्सनल लोन ₹1,000 तक! कोई दस्तावेज नहीं। ऐप डाउनलोड करें: bit.ly/3xK2mN",1,hi,loan_app,"{""sender"": ""+2341638319698"", ""language"": ""hi""}",synthetic_spam
"সন্ধ্যায় বাজারে যাচ্ছি, তোমার জন্য কিছু আনবো কি?",0,mixed_script,mixed_language_conversational,"{""sender"": ""+912541920422"", ""language"": ""mixed_script""}",synthetic_ham
"Dear Customer, unusual activity detected on your Kotak account. Please act within 24 hours or your account will be suspended. Contact our helpline and our representative will assist with verification.",1,en,callback_only_fraud,"{""sender"": ""VM-PNB"", ""language"": ""en""}",synthetic_spam
এই QR কোড স্ক্যান করে PNB নিরাপত্তা অ্যাপ ডাউনলোড করুন: bit.ly/3xK2mN,1,bn,qr_code,"{""sender"": ""VM-FEDERA"", ""language"": ""bn""}",synthetic_spam
Scan this QR code to download the new IDBI security app: cutt.ly/2wR4kLm,1,en,qr_code,"{""sender"": ""+864357223735"", ""language"": ""en""}",synthetic_spam
திருமண அழைப்பு 💒 அழைப்பிதழ் பதிவிறக்கம்: is.gd/k8mPq2/invitation.apk,1,ta,wedding_invitation,"{""sender"": ""+443128424477"", ""language"": ""ta""}",synthetic_spam
"🎉 बधाई हो! आपने BOB लकी ड्रॉ में ₹5,000 जीते! क्लेम करें: tinyurl.com/yvb89kw",1,hi,financial_reward,"{""sender"": ""+913784101830"", ""language"": ""hi""}",synthetic_spam
"ਯਾਰ ਅੱਜ college ਨਹੀਂ ਜਾ ਰਿਹਾ, thoda tired hoon।",0,mixed_script,mixed_language_conversational,"{""sender"": ""+910141415362"", ""language"": ""mixed_script""}",synthetic_ham
आपकी डिलीवरी विफल हो गई। पुनर्निर्धारित करें: shorturl.at/acEG7,1,hi,delivery_notification,"{""sender"": ""VM-FEDERA"", ""language"": ""hi""}",synthetic_spam
"🎉 Instant Personal Loan up to ₹5,000! No documents needed. Download app: cutt.ly/2wR4kLm",1,en,loan_app,"{""sender"": ""VM-CANARA"", ""language"": ""en""}",synthetic_spam
"നിങ്ങളുടെ IndusInd അക്കൗണ്ടിൽ നിന്ന് ₹10,000 ഡെബിറ്റ് ചെയ്തു. ഇത് നിങ്ങൾ ചെയ്തതല്ലെങ്കിൽ, ഉടൻ അക്കൗണ്ട് സുരക്ഷിതമാക്കുക. ഞങ്ങളുടെ പ്രതിനിധിയെ വിളിക്കുക, അല്ലെങ്കിൽ അക്കൗണ്ട് ബ്ലോക്ക് ചെയ്യപ്പെടും.",1,ml,callback_only_fraud,"{""sender"": ""+18188277459"", ""language"": ""ml""}",synthetic_spam
"8621 आपका IndusInd लेनदेन का OTP है। ₹2,500 के लिए। 5 मिनट के लिए वैध। किसी से शेयर न करें।",0,hi,legitimate_bank_otp,"{""sender"": ""904338"", ""language"": ""hi""}",synthetic_ham
"🎉 অভিনন্দন! আপনি Canara লাকি ড্র-তে ₹2,500 জিতেছেন! দাবি করুন: rb.gy/x7n3p",1,bn,financial_reward,"{""sender"": ""761816"", ""language"": ""bn""}",synthetic_spam
हां हां हां हां हां हां हां हां हां हां ठीक है बाबा समझ गया।,0,hi,repeated_word_noise,"{""sender"": ""+912843481373"", ""language"": ""hi""}",synthetic_ham
"Congratulations! You have won a cash prize of ₹1,00,000. Claim now at shorturl.at/acEG7 before it expires.",1,en,shortened_url_bare,"{""sender"": ""noreply@epfo-claim-status.online"", ""language"": ""en""}",synthetic_spam
"Dada ji mera accident ho gaya hai. Jaldi ₹1,00,000 bhejo: cutt.ly/2wR4kLm",1,hi_latn,affinity_scam,"{""sender"": ""VM-SBI"", ""language"": ""hi_latn""}",synthetic_spam
"Get ₹10,000 loan in just 5 minutes! Zero interest for first month. Apply: tinyurl.com/yvb89kw",1,en,loan_app,"{""sender"": ""419368"", ""language"": ""en""}",synthetic_spam
घर आते वक्त दूध ले आना। धन्यवाद!,0,hi,personal_messages,"{""sender"": ""AD-CANARA"", ""language"": ""hi""}",synthetic_ham
lol lol lol lol lol lol lol lol lol lol lol that was so funny,0,en,repeated_word_noise,"{""sender"": ""+917316063281"", ""language"": ""en""}",synthetic_ham
Complete your PNB KYC by scanning this QR code: rb.gy/x7n3p - mandatory for all customers,1,en,qr_code,"{""sender"": ""738211"", ""language"": ""en""}",synthetic_spam
आयकर विभाग: आपके PAN में संदिग्ध गतिविधि। वेरीफाई करें: shorturl.at/acEG7,1,hi,govt_impersonation,"{""sender"": ""+17366953596"", ""language"": ""hi""}",synthetic_spam
உங்கள் HDFC கணக்கு ஆபத்தில் உள்ளது. பாதுகாப்பு ஆப் நிறுவுங்கள்: is.gd/k8mPq2/secure.apk,1,ta,direct_apk,"{""sender"": ""+910972256085"", ""language"": ""ta""}",synthetic_spam
URGENT: Your HDFC mobile banking app needs critical security update. Download now: https://irctc-booking.club/app.apk,1,en,direct_apk,"{""sender"": ""noreply@hdfc-secure-login.icu"", ""language"": ""en""}",synthetic_spam
Meesho Order Update: Your package is on hold due to address issue. Verify: bit.ly/3xK2mN,1,en,delivery_notification,"{""sender"": ""VM-KOTAK"", ""language"": ""en""}",synthetic_spam
"दादाजी, मेरा एक्सीडेंट हो गया है। तुरंत ₹1,00,000 भेजो: shorturl.at/acEG7",1,hi,affinity_scam,"{""sender"": ""+14812984459"", ""language"": ""hi""}",synthetic_spam
आपका Flipkart ऑर्डर #OD03464996 शिप हो गया है। ट्रैक करें: fkrt.it/q2mN9,0,hi,legitimate_delivery,"{""sender"": ""+916859019974"", ""language"": ""hi""}",synthetic_ham
शादी का कार्ड खोलें: tinyurl.com/yvb89kw/wedding.apk आप जरूर आइएगा 🙏,1,hi,wedding_invitation,"{""sender"": ""noreply@pan-verification.live"", ""language"": ""hi""}",synthetic_spam
"Tax refund of ₹5,000 approved for your account. Process here: shorturl.at/acEG7",1,en,financial_reward,"{""sender"": ""noreply@paytm-cashback-claim.cc"", ""language"": ""en""}",synthetic_spam
Kya tum aaj party mein aa rahe ho? Batao!,0,hi_latn,personal_messages,"{""sender"": ""+912417181582"", ""language"": ""hi_latn""}",synthetic_ham
"Bhai tera SBI account suspend ho jayega, jaldi ye app install kar: tinyurl.com/yvb89kw/app.apk",1,hi_latn,direct_apk,"{""sender"": ""+632309896449"", ""language"": ""hi_latn""}",synthetic_spam
"आज मीटिंग 4 PM ला आहे, please वेळेवर ये।",0,mixed_script,mixed_language_conversational,"{""sender"": ""964752"", ""language"": ""mixed_script""}",synthetic_ham
Your Jio postpaid bill of ₹500 is overdue. Pay to avoid service interruption: tinyurl.com/yvb89kw,1,en,utility_scam,"{""sender"": ""+2348747475845"", ""language"": ""en""}",synthetic_spam
"ਯਾਰ ਅੱਜ college ਨਹੀਂ ਜਾ ਰਿਹਾ, thoda tired hoon।",0,mixed_script,mixed_language_conversational,"{""sender"": ""197663"", ""language"": ""mixed_script""}",synthetic_ham
ICICI KYC aaj expire ho raha hai. Jaldi update kar: tinyurl.com/yvb89kw warna account band,1,hi_latn,shortened_url_urgency,"{""sender"": ""VM-SBI"", ""language"": ""hi_latn""}",synthetic_spam
मीटिंग 3 बजे हो गई है। कॉन्फ्रेंस रूम B में मिलते हैं।,0,hi,personal_messages,"{""sender"": ""AD-SBI"", ""language"": ""hi""}",synthetic_ham
⚡ সতর্কতা: বিদ্যুৎ সংযোগ আজ বিচ্ছিন্ন হবে। বকেয়া: ₹500। এখনই পে করুন: shorturl.at/acEG7,1,bn,utility_scam,"{""sender"": ""+448974963732"", ""language"": ""bn""}",synthetic_spam
Canara KYC पूरा करने के लिए यह QR कोड स्कैन करें: cutt.ly/2wR4kLm,1,hi,qr_code,"{""sender"": ""noreply@axis-netbanking.fun"", ""language"": ""hi""}",synthetic_spam
"₹50,000 was debited from your Axis account. If this was not done by you, secure your account now. Kindly respond immediately, otherwise your account will be blocked. We tried to reach you regarding your pending issue. Call us back on the number below and our representative will guide you through the verification process.",1,en,callback_only_fraud,"{""sender"": ""019949"", ""language"": ""en""}",synthetic_spam
"To verify your Jio SIM, scan this QR code and install the verification app: shorturl.at/acEG7",1,en,qr_code,"{""sender"": ""+2342230631087"", ""language"": ""en""}",synthetic_spam
"BSNL: Your recharge of ₹10,000 was successful. Validity: 28 days. Data: 1.5GB/day.",0,en,legitimate_promo,"{""sender"": ""888142"", ""language"": ""en""}",synthetic_ham
"ই-চালান নোটিস: ₹50,000 ট্রাফিক জরিমানা বকেয়া। এখনই পে করুন: cutt.ly/2wR4kLm",1,bn,govt_impersonation,"{""sender"": ""noreply@icici-verify.xyz"", ""language"": ""bn""}",synthetic_spam
"Badhai ho! Aapne ₹1,00,000 ka prize jeeta hai. Abhi claim kare shorturl.at/acEG7 par warna offer khatam ho jayega.",1,hi_latn,shortened_url_bare,"{""sender"": ""+910408552608"", ""language"": ""hi_latn""}",synthetic_spam
"ই-চালান নোটিস: ₹50,000 ট্রাফিক জরিমানা বকেয়া। এখনই পে করুন: rb.gy/x7n3p",1,bn,govt_impersonation,"{""sender"": ""793204"", ""language"": ""bn""}",synthetic_spam
Great presentation today! The client loved it.,0,en,personal_messages,"{""sender"": ""AD-FEDERA"", ""language"": ""en""}",synthetic_ham
Kya tum aaj party mein aa rahe ho? Batao!,0,hi_latn,personal_messages,"{""sender"": ""AD-INDUSI"", ""language"": ""hi_latn""}",synthetic_ham
"8621 is your OTP for IndusInd transaction of ₹2,500. Valid for 5 minutes. Do not share with anyone. - IndusInd",0,en,legitimate_bank_otp,"{""sender"": ""375898"", ""language"": ""en""}",synthetic_ham
"హెచ్చరిక: మీ ICICI ఖాతా నుండి ₹1,00,000 డెబిట్ అయింది. నివేదించండి: bit.ly/3xK2mN",1,te,shortened_url_urgency,"{""sender"": ""+442014366158"", ""language"": ""te""}",synthetic_spam
"તમારા IDBI ખાતામાંથી ₹50,000 ડેબિટ થયા છે. જો આ તમે નથી કર્યું, તો હમણાં જ તમારું ખાતું સુરક્ષિત કરો. કૃપા કરી 24 કલાકમાં પગલાં લો, નહીં તો ખાતું બ્લોક થઈ જશે. અમારા પ્રતિનિધિને કૉલ કરો.",1,gu,callback_only_fraud,"{""sender"": ""+914617785959"", ""language"": ""gu""}",synthetic_spam
"Alert! Tera Kotak account se ₹50,000 debit hua hai. Agar tune nahi kiya to report kar: is.gd/k8mPq2",1,hi_latn,shortened_url_urgency,"{""sender"": ""+863858150302"", ""language"": ""hi_latn""}",synthetic_spam
Airtel KYC अपडेट जरूरी है। ऐप डाउनलोड करें: cutt.ly/2wR4kLm/kyc.apk वरना SIM बंद हो जाएगी,1,hi,direct_apk,"{""sender"": ""VM-BOB"", ""language"": ""hi""}",synthetic_spam
⚡ ALERT: Your electricity connection will be disconnected today due to pending bill of ₹500. Pay now: bit.ly/3xK2mN,1,en,utility_scam,"{""sender"": ""VM-YESBAN"", ""language"": ""en""}",synthetic_spam
"🎉 Instant Personal Loan up to ₹1,000! No documents needed. Download app: is.gd/k8mPq2",1,en,loan_app,"{""sender"": ""VM-AXIS"", ""language"": ""en""}",synthetic_spam
"🎉 Congratulations! You've won ₹2,500 in the Federal Bank Lucky Draw! Claim: tinyurl.com/yvb89kw",1,en,financial_reward,"{""sender"": ""+442176172007"", ""language"": ""en""}",synthetic_spam
Your BSNL SIM will be blocked. Download KYC verification app: https://aadhaar-update.site/kyc.apk,1,en,direct_apk,"{""sender"": ""noreply@e-challan-pay.icu"", ""language"": ""en""}",synthetic_spam
no no no no no no no no no no no no wait I meant something else,0,en,repeated_word_noise,"{""sender"": ""062752"", ""language"": ""en""}",synthetic_ham
Happy Birthday! 🎂 Wishing you a wonderful year ahead!,0,en,personal_messages,"{""sender"": ""+914145590843"", ""language"": ""en""}",synthetic_ham
"Hi grandpa, I've been in a car accident and need bail money urgently. Please send ₹1,000 via: is.gd/k8mPq2",1,en,affinity_scam,"{""sender"": ""VM-KOTAK"", ""language"": ""en""}",synthetic_spam
শুভ জন্মদিন! 🎂 অনেক শুভেচ্ছা!,0,bn,personal_messages,"{""sender"": ""386724"", ""language"": ""bn""}",synthetic_ham
"EPFO: आपका PF ₹5,000 क्लेम करें। फॉर्म डाउनलोड: is.gd/k8mPq2/epfo.apk",1,hi,govt_impersonation,"{""sender"": ""243182"", ""language"": ""hi""}",synthetic_spam
Unauthorized login detected on your IndusInd account. Secure it now: cutt.ly/2wR4kLm,1,en,shortened_url_urgency,"{""sender"": ""021185"", ""language"": ""en""}",synthetic_spam
"Bhai tera HDFC account suspend ho jayega, jaldi ye app install kar: rb.gy/x7n3p/app.apk",1,hi_latn,direct_apk,"{""sender"": ""845404"", ""language"": ""hi_latn""}",synthetic_spam
आपका Airtel सिम 24 घंटे में बंद हो जाएगा। KYC पूरा करें: tinyurl.com/yvb89kw,1,hi,shortened_url_urgency,"{""sender"": ""+2347714444057"", ""language"": ""hi""}",synthetic_spam
Myntra: आपका पार्सल आज डिलीवर होगा। धन्यवाद!,0,hi,legitimate_delivery,"{""sender"": ""AD-ICICI"", ""language"": ""hi""}",synthetic_ham
"Congratulations! SBI lucky draw mein ₹10,000 jeete ho! Claim karo: rb.gy/x7n3p",1,hi_latn,financial_reward,"{""sender"": ""192277"", ""language"": ""hi_latn""}",synthetic_spam
This is your boss. I need you to buy gift cards worth ₹500 immediately. Instructions: rb.gy/x7n3p,1,en,affinity_scam,"{""sender"": ""noreply@sbi-update-kyc.top"", ""language"": ""en""}",synthetic_spam
"Hey, are you coming to the party tonight? Let me know!",0,en,personal_messages,"{""sender"": ""828374"", ""language"": ""en""}",synthetic_ham
Great presentation today! The client loved it.,0,en,personal_messages,"{""sender"": ""AD-CANARA"", ""language"": ""en""}",synthetic_ham
"প্রিয় গ্রাহক, IDBI অ্যাপটি আপডেট করুন নতুবা আপনার অ্যাকাউন্ট বন্ধ হয়ে যাবে। ডাউনলোড: is.gd/k8mPq2/update.apk",1,bn,direct_apk,"{""sender"": ""170563"", ""language"": ""bn""}",synthetic_spam
Meeting 3 baje shift ho gayi hai. Room B mein milte hain.,0,hi_latn,personal_messages,"{""sender"": ""142076"", ""language"": ""hi_latn""}",synthetic_ham
"⚡ ALERT: Your electricity connection will be disconnected today due to pending bill of ₹2,500. Pay now: rb.gy/x7n3p",1,en,utility_scam,"{""sender"": ""+13063943138"", ""language"": ""en""}",synthetic_spam
Your Flipkart order #OD99577677 shipped. Delivery by tomorrow. Track: fkrt.it/t8xB,0,en,legitimate_delivery,"{""sender"": ""020962"", ""language"": ""en""}",synthetic_ham
"माफ करना, गलत नंबर 😊 लेकिन आप अच्छे लग रहे हैं। दोस्ती करेंगे? प्रोफाइल देखें: shorturl.at/acEG7",1,hi,affinity_scam,"{""sender"": ""+913667158677"", ""language"": ""hi""}",synthetic_spam
Happy Birthday bhai! 🎂 Bahut bahut badhai!,0,hi_latn,personal_messages,"{""sender"": ""124143"", ""language"": ""hi_latn""}",synthetic_ham
"Hi grandpa, I've been in a car accident and need bail money urgently. Please send ₹5,000 via: rb.gy/x7n3p",1,en,affinity_scam,"{""sender"": ""VM-AXIS"", ""language"": ""en""}",synthetic_spam
"Sorry, wrong number 😊 But you seem really nice. Want to be friends? Check my profile: cutt.ly/2wR4kLm",1,en,affinity_scam,"{""sender"": ""+910886341199"", ""language"": ""en""}",synthetic_spam
Amazon सेल! इलेक्ट्रॉनिक्स पर 70% तक की छूट। Amazon ऐप पर शॉप करें। STOP लिखकर भेजें ऑप्ट-आउट के लिए।,0,hi,legitimate_promo,"{""sender"": ""471991"", ""language"": ""hi""}",synthetic_ham
NOTICE: Your BSNL SIM will be deactivated in 24hrs due to pending KYC. Verify: is.gd/k8mPq2,1,en,shortened_url_urgency,"{""sender"": ""873043"", ""language"": ""en""}",synthetic_spam
तुरंत Yes Bank सुरक्षा ऐप इंस्टॉल करें। आपका OTP चोरी हो सकता है। डाउनलोड: https://axis-netbanking.fun/secure.apk,1,hi,direct_apk,"{""sender"": ""noreply@e-challan-pay.icu"", ""language"": ""hi""}",synthetic_spam
"Hello Suresh, your FEDEX package with tracking code GB-85315308 is waiting for you to set delivery preferences: rb.gy/x7n3p",1,en,shortened_url_bare,"{""sender"": ""+869337870975"", ""language"": ""en""}",synthetic_spam
Urgent! Kotak mobile banking app update karo: cutt.ly/2wR4kLm/update.apk KYC mandatory hai,1,hi_latn,direct_apk,"{""sender"": ""+916708639989"", ""language"": ""hi_latn""}",synthetic_spam
घर आते वक्त दूध ले आना। धन्यवाद!,0,hi,personal_messages,"{""sender"": ""281014"", ""language"": ""hi""}",synthetic_ham
Meeting rescheduled to 3 PM. See you in conference room B.,0,en,personal_messages,"{""sender"": ""AD-SBI"", ""language"": ""en""}",synthetic_ham
"Your IndusInd account ending XX4523 has been credited with ₹2,500. Available balance: ₹2,500.",0,en,legitimate_bank_otp,"{""sender"": ""AD-FEDERA"", ""language"": ""en""}",synthetic_ham
Scan QR to receive your BHIM cashback of ₹500: rb.gy/x7n3p,1,en,qr_code,"{""sender"": ""947389"", ""language"": ""en""}",synthetic_spam
शादी का कार्ड खोलें: cutt.ly/2wR4kLm/wedding.apk आप जरूर आइएगा 🙏,1,hi,wedding_invitation,"{""sender"": ""+638409754386"", ""language"": ""hi""}",synthetic_spam
"आपके PNB खाते XX4523 में ₹5,000 क्रेडिट हुए हैं। उपलब्ध शेष: ₹5,000।",0,hi,legitimate_bank_otp,"{""sender"": ""+915941193548"", ""language"": ""hi""}",synthetic_ham
Suresh এবং Deepa এর বিয়ের অনুষ্ঠানে আপনাকে আমন্ত্রণ। কার্ড ডাউনলোড: rb.gy/x7n3p/card.apk,1,bn,wedding_invitation,"{""sender"": ""248354"", ""language"": ""bn""}",synthetic_spam
lol lol lol lol lol lol lol lol lol lol lol that was so funny,0,en,repeated_word_noise,"{""sender"": ""602794"", ""language"": ""en""}",synthetic_ham
शादी का निमंत्रण 💒 कृपया शादी कार्ड देखें: is.gd/k8mPq2/invitation.apk,1,hi,wedding_invitation,"{""sender"": ""VM-ICICI"", ""language"": ""hi""}",synthetic_spam
"प्रिय ग्राहक, आपके BOB खाते में असामान्य गतिविधि पाई गई है। तुरंत हमारे हेल्पलाइन पर कॉल करें अन्यथा खाता ब्लॉक हो जाएगा।",1,hi,callback_only_fraud,"{""sender"": ""+919761040286"", ""language"": ""hi""}",synthetic_spam
Your HDFC KYC expires today. Update now or account will be blocked: bit.ly/3xK2mN,1,en,shortened_url_urgency,"{""sender"": ""+631218689413"", ""language"": ""en""}",synthetic_spam
"ਯਾਰ ਅੱਜ college ਨਹੀਂ ਜਾ ਰਿਹਾ, thoda tired hoon।",0,mixed_script,mixed_language_conversational,"{""sender"": ""AD-FEDERA"", ""language"": ""mixed_script""}",synthetic_ham
"7156 is your OTP for BOB transaction of ₹2,500. Valid for 5 minutes. Do not share with anyone. - BOB",0,en,legitimate_bank_otp,"{""sender"": ""+914515572555"", ""language"": ""en""}",synthetic_ham
आपका Jio बिल ₹500 बकाया है। सेवा बंद होने से पहले भुगतान करें: bit.ly/3xK2mN,1,hi,utility_scam,"{""sender"": ""732620"", ""language"": ""hi""}",synthetic_spam
Aadhaar update karna zaroori hai. Link: tinyurl.com/yvb89kw,1,hi_latn,govt_impersonation,"{""sender"": ""+2347289103443"", ""language"": ""hi_latn""}",synthetic_spam
Kya tum aaj party mein aa rahe ho? Batao!,0,hi_latn,personal_messages,"{""sender"": ""AD-AXIS"", ""language"": ""hi_latn""}",synthetic_ham
"मी देर आहे, तर तुम्हाला उद्या रात्री कॉल करा, मी आणि तू मी मी मी मी मी मी मी मी मी मी मी मी मी मी मी मी मी मी मी मी मी मी मी मी मी मी मी मी मी.",0,mr,repeated_word_noise,"{""sender"": ""AD-FEDERA"", ""language"": ""mr""}",synthetic_ham
घर आते वक्त दूध ले आना। धन्यवाद!,0,hi,personal_messages,"{""sender"": ""+911911788646"", ""language"": ""hi""}",synthetic_ham
"সতর্কতা: আপনার Yes Bank অ্যাকাউন্ট থেকে ₹50,000 ডেবিট হয়েছে। রিপোর্ট করুন: cutt.ly/2wR4kLm",1,bn,shortened_url_urgency,"{""sender"": ""332553"", ""language"": ""bn""}",synthetic_spam
आयकर विभाग: आपके PAN में संदिग्ध गतिविधि। वेरीफाई करें: tinyurl.com/yvb89kw,1,hi,govt_impersonation,"{""sender"": ""noreply@gpay-reward.buzz"", ""language"": ""hi""}",synthetic_spam
"This is your boss. I need you to buy gift cards worth ₹5,000 immediately. Instructions: tinyurl.com/yvb89kw",1,en,affinity_scam,"{""sender"": ""468272"", ""language"": ""en""}",synthetic_spam
Hi! Please join us for the wedding ceremony. Download invitation: bit.ly/3xK2mN/wedding.apk,1,en,wedding_invitation,"{""sender"": ""noreply@gpay-reward.buzz"", ""language"": ""en""}",synthetic_spam
आपका आधार आपके PAN से सफलतापूर्वक लिंक हो गया है। संदर्भ: LINK-58280611। - UIDAI,0,hi,legitimate_govt,"{""sender"": ""732687"", ""language"": ""hi""}",synthetic_ham
आपकी डिलीवरी विफल हो गई। पुनर्निर्धारित करें: cutt.ly/2wR4kLm,1,hi,delivery_notification,"{""sender"": ""noreply@epfo-claim-status.online"", ""language"": ""hi""}",synthetic_spam
क्या तुम आज रात पार्टी में आ रहे हो? बताना!,0,hi,personal_messages,"{""sender"": ""AD-KOTAK"", ""language"": ""hi""}",synthetic_ham
Meeting rescheduled to 3 PM. See you in conference room B.,0,en,personal_messages,"{""sender"": ""338700"", ""language"": ""en""}",synthetic_ham
শুভ জন্মদিন! 🎂 অনেক শুভেচ্ছা!,0,bn,personal_messages,"{""sender"": ""+918509374307"", ""language"": ""bn""}",synthetic_ham
आपका Airtel सिम 24 घंटे में बंद हो जाएगा। KYC पूरा करें: tinyurl.com/yvb89kw,1,hi,shortened_url_urgency,"{""sender"": ""825096"", ""language"": ""hi""}",synthetic_spam
आपके ICICI खाते में संदिग्ध गतिविधि पाई गई। सुरक्षा ऐप डाउनलोड करें: tinyurl.com/yvb89kw/alert.apk,1,hi,direct_apk,"{""sender"": ""VM-SBI"", ""language"": ""hi""}",synthetic_spam
"ই-চালান নোটিস: ₹10,000 ট্রাফিক জরিমানা বকেয়া। এখনই পে করুন: rb.gy/x7n3p",1,bn,govt_impersonation,"{""sender"": ""400693"", ""language"": ""bn""}",synthetic_spam
lol lol lol lol lol lol lol lol lol lol lol that was so funny,0,en,repeated_word_noise,"{""sender"": ""AD-FEDERA"", ""language"": ""en""}",synthetic_ham
"మీ Kotak ఖాతా నుండి ₹1,000 డెబిట్ అయింది. ఇది మీరు చేయకపోతే, వెంటనే మీ ఖాతాను సురక్షితం చేసుకోండి. మా ప్రతినిధికి కాల్ చేసి ధృవీకరణ పూర్తి చేయండి, లేకపోతే ఖాతా బ్లాక్ అవుతుంది.",1,te,callback_only_fraud,"{""sender"": ""VM-CANARA"", ""language"": ""te""}",synthetic_spam
திருமண அழைப்பு 💒 அழைப்பிதழ் பதிவிறக்கம்: is.gd/k8mPq2/invitation.apk,1,ta,wedding_invitation,"{""sender"": ""+16017253876"", ""language"": ""ta""}",synthetic_spam
"🎉 बधाई हो! आपने Axis लकी ड्रॉ में ₹50,000 जीते! क्लेम करें: is.gd/k8mPq2",1,hi,financial_reward,"{""sender"": ""+443393326855"", ""language"": ""hi""}",synthetic_spam
మీ HDFC ఖాతా నిలిపివేయబడుతుంది. యాప్ ఇన్‌స్టాల్ చేయండి: bit.ly/3xK2mN/banking.apk,1,te,direct_apk,"{""sender"": ""VM-INDUSI"", ""language"": ""te""}",synthetic_spam
URGENT: Your Axis mobile banking app needs critical security update. Download now: https://icici-verify.xyz/app.apk,1,en,direct_apk,"{""sender"": ""noreply@mparivahan-dl.xyz"", ""language"": ""en""}",synthetic_spam
"Transaction alert: ₹50,000 debited from A/C XX7891 at Amazon. Avl Bal: ₹50,000. Not you? Call 1800XXXXXXX",0,en,legitimate_bank_otp,"{""sender"": ""+915957875394"", ""language"": ""en""}",synthetic_ham
Myntra Sale! Up to 70% off on electronics. Shop now on the Myntra app. T&C apply. Reply STOP to opt out.,0,en,legitimate_promo,"{""sender"": ""461649"", ""language"": ""en""}",synthetic_ham
9208 is your OTP for Kotak transaction of ₹500. Valid for 5 minutes. Do not share with anyone. - Kotak,0,en,legitimate_bank_otp,"{""sender"": ""+910575550590"", ""language"": ""en""}",synthetic_ham
"Your BHIM cashback of ₹5,000 is ready! Claim before it expires: cutt.ly/2wR4kLm",1,en,financial_reward,"{""sender"": ""VM-AXIS"", ""language"": ""en""}",synthetic_spam
Yes Bank KYC মেয়াদ শেষ হচ্ছে। এখনই আপডেট করুন: shorturl.at/acEG7,1,bn,shortened_url_urgency,"{""sender"": ""+913892570117"", ""language"": ""bn""}",synthetic_spam
"Congratulations! HDFC lucky draw mein ₹1,000 jeete ho! Claim karo: rb.gy/x7n3p",1,hi_latn,financial_reward,"{""sender"": ""VM-INDUSI"", ""language"": ""hi_latn""}",synthetic_spam
⚠️ HDFC Alert: Install the new security app to protect your account. Download: cutt.ly/2wR4kLm/secure.apk,1,en,direct_apk,"{""sender"": ""+919814240392"", ""language"": ""en""}",synthetic_spam
"आज मीटिंग 4 PM ला आहे, please वेळेवर ये।",0,mixed_script,mixed_language_conversational,"{""sender"": ""+914682282395"", ""language"": ""mixed_script""}",synthetic_ham
Your Zomato order #ORD-10485604 has been shipped. Track: irctc.co.in,0,en,legitimate_delivery,"{""sender"": ""+918685376267"", ""language"": ""en""}",synthetic_ham
"Tax refund of ₹10,000 approved for your account. Process here: shorturl.at/acEG7",1,en,financial_reward,"{""sender"": ""+913139143913"", ""language"": ""en""}",synthetic_spam
Federal Bank KYC মেয়াদ শেষ হচ্ছে। এখনই আপডেট করুন: is.gd/k8mPq2,1,bn,shortened_url_urgency,"{""sender"": ""noreply@jio-recharge-offer.top"", ""language"": ""bn""}",synthetic_spam
மின்-சாலான் அறிவிப்பு: ₹500 போக்குவரத்து அபராதம். இப்போதே செலுத்துங்கள்: tinyurl.com/yvb89kw,1,ta,govt_impersonation,"{""sender"": ""+442323546107"", ""language"": ""ta""}",synthetic_spam
Sorry galat number 😊 But tum ache lag rahe ho. Profile dekho: rb.gy/x7n3p,1,hi_latn,affinity_scam,"{""sender"": ""noreply@mparivahan-dl.xyz"", ""language"": ""hi_latn""}",synthetic_spam
"Sorry, wrong number 😊 But you seem really nice. Want to be friends? Check my profile: tinyurl.com/yvb89kw",1,en,affinity_scam,"{""sender"": ""+914323801971"", ""language"": ""en""}",synthetic_spam
"🎉 Instant Personal Loan up to ₹50,000! No documents needed. Download app: rb.gy/x7n3p",1,en,loan_app,"{""sender"": ""+919535490395"", ""language"": ""en""}",synthetic_spam
"Turant loan ₹5,000 tak! Koi document nahi chahiye. App download karo: bit.ly/3xK2mN",1,hi_latn,loan_app,"{""sender"": ""VM-BOB"", ""language"": ""hi_latn""}",synthetic_spam
⚠️ Kotak எச்சரிக்கை: புதிய பாதுகாப்பு ஆப்பைப் பதிவிறக்கம் செய்யவும்: https://phonepe-cashback.store/app.apk,1,ta,direct_apk,"{""sender"": ""578096"", ""language"": ""ta""}",synthetic_spam
Delivery fail ho gayi. Reschedule karo: shorturl.at/acEG7,1,hi_latn,delivery_notification,"{""sender"": ""VM-INDUSI"", ""language"": ""hi_latn""}",synthetic_spam
ALERT: Your Yes Bank account has been compromised! Verify immediately: cutt.ly/2wR4kLm,1,en,shortened_url_urgency,"{""sender"": ""noreply@jio-recharge-offer.top"", ""language"": ""en""}",synthetic_spam
"প্রিয় গ্রাহক, IDBI অ্যাপটি আপডেট করুন নতুবা আপনার অ্যাকাউন্ট বন্ধ হয়ে যাবে। ডাউনলোড: cutt.ly/2wR4kLm/update.apk",1,bn,direct_apk,"{""sender"": ""VM-HDFC"", ""language"": ""bn""}",synthetic_spam
Great presentation today! The client loved it.,0,en,personal_messages,"{""sender"": ""+910204983599"", ""language"": ""en""}",synthetic_ham
"तुमच्या Yes Bank खात्यातून ₹5,000 डेबिट झाले आहेत. जर हे तुम्ही केले नसेल, तर लगेच तुमचे खाते सुरक्षित करा. कृपया २४ तासांच्या आत कारवाई करा, अन्यथा तुमचे खाते बंद होईल. आमच्या प्रतिनिधीला कॉल करा आणि पडताळणी प्रक्रिया पूर्ण करा.",1,mr,callback_only_fraud,"{""sender"": ""noreply@gpay-reward.buzz"", ""language"": ""mr""}",synthetic_spam
Airtel KYC अपडेट जरूरी है। ऐप डाउनलोड करें: bit.ly/3xK2mN/kyc.apk वरना SIM बंद हो जाएगी,1,hi,direct_apk,"{""sender"": ""+867752995718"", ""language"": ""hi""}",synthetic_spam
"ನಿಮ್ಮ SBI ಖಾತೆಯಿಂದ ₹1,000 ಡೆಬಿಟ್ ಆಗಿದೆ. ಇದನ್ನು ನೀವು ಮಾಡದಿದ್ದರೆ, ತಕ್ಷಣ ನಿಮ್ಮ ಖಾತೆಯನ್ನು ಸುರಕ್ಷಿತಗೊಳಿಸಿ. ನಮ್ಮ ಪ್ರತಿನಿಧಿಗೆ ಕರೆ ಮಾಡಿ, ಇಲ್ಲದಿದ್ದರೆ ಖಾತೆ ನಿರ್ಬಂಧಿಸಲಾಗುತ್ತದೆ.",1,kn,callback_only_fraud,"{""sender"": ""+635903072949"", ""language"": ""kn""}",synthetic_spam
Aadhaar update karna zaroori hai. Link: cutt.ly/2wR4kLm,1,hi_latn,govt_impersonation,"{""sender"": ""noreply@jio-recharge-offer.top"", ""language"": ""hi_latn""}",synthetic_spam
Swiggy ऑर्डर अपडेट: पता समस्या के कारण पार्सल रुका। वेरीफाई करें: cutt.ly/2wR4kLm,1,hi,delivery_notification,"{""sender"": ""VM-IDBI"", ""language"": ""hi""}",synthetic_spam
⚠️ ICICI থেকে জরুরি বার্তা: নতুন নিরাপত্তা অ্যাপ ডাউনলোড করুন: https://epfo-claim-status.online/app.apk,1,bn,direct_apk,"{""sender"": ""+912902977214"", ""language"": ""bn""}",synthetic_spam
Deepa और Priya की शादी में आप सादर आमंत्रित हैं। कार्ड डाउनलोड करें: bit.ly/3xK2mN/card.apk,1,hi,wedding_invitation,"{""sender"": ""VM-CANARA"", ""language"": ""hi""}",synthetic_spam
"ਯਾਰ ਅੱਜ college ਨਹੀਂ ਜਾ ਰਿਹਾ, thoda tired hoon।",0,mixed_script,mixed_language_conversational,"{""sender"": ""265087"", ""language"": ""mixed_script""}",synthetic_ham
"⚡ সতর্কতা: বিদ্যুৎ সংযোগ আজ বিচ্ছিন্ন হবে। বকেয়া: ₹1,00,000। এখনই পে করুন: is.gd/k8mPq2",1,bn,utility_scam,"{""sender"": ""+2340415010961"", ""language"": ""bn""}",synthetic_spam
"Dada ji mera accident ho gaya hai. Jaldi ₹50,000 bhejo: cutt.ly/2wR4kLm",1,hi_latn,affinity_scam,"{""sender"": ""160117"", ""language"": ""hi_latn""}",synthetic_spam
"প্রিয় গ্রাহক,
Your ICICI account will be suspended due to unusual login activity.
অনুগ্রহ করে অবিলম্বে ব্যবস্থা নিন, নতুবা আপনার অ্যাকাউন্ট বন্ধ হয়ে যাবে।
Call our representative back to complete verification.",1,mixed_script,callback_only_fraud,"{""sender"": ""noreply@jio-recharge-offer.top"", ""language"": ""mixed_script""}",synthetic_spam
आपके Kotak खाते के लिए ₹500 का प्री-अप्रूव्ड लोन। अभी क्लेम करें: is.gd/k8mPq2/loan.apk,1,hi,loan_app,"{""sender"": ""noreply@epfo-claim-status.online"", ""language"": ""hi""}",synthetic_spam
⚡ সতর্কতা: বিদ্যুৎ সংযোগ আজ বিচ্ছিন্ন হবে। বকেয়া: ₹500। এখনই পে করুন: bit.ly/3xK2mN,1,bn,utility_scam,"{""sender"": ""+864546040307"", ""language"": ""bn""}",synthetic_spam
Your Amazon order #ORD-17646082 has been shipped. Track: paytm.com,0,en,legitimate_delivery,"{""sender"": ""+913278394089"", ""language"": ""en""}",synthetic_ham
"Congratulations! Axis lucky draw mein ₹10,000 jeete ho! Claim karo: cutt.ly/2wR4kLm",1,hi_latn,financial_reward,"{""sender"": ""+865592822534"", ""language"": ""hi_latn""}",synthetic_spam
"Congratulations! You have won a cash prize of ₹2,500. Claim now at bit.ly/3xK2mN before it expires.",1,en,shortened_url_bare,"{""sender"": ""VM-HDFC"", ""language"": ""en""}",synthetic_spam
"HDFC से विशेष इनाम ₹2,500। अभी क्लेम करें: tinyurl.com/yvb89kw",1,hi,financial_reward,"{""sender"": ""+14711005464"", ""language"": ""hi""}",synthetic_spam
"IRCTC: Your PNR 02970549 is confirmed. Train: Rajdhani Exp, Date: 15-Mar-2026. Happy journey!",0,en,legitimate_govt,"{""sender"": ""+918790411728"", ""language"": ""en""}",synthetic_ham
Flipkart ऑर्डर अपडेट: पता समस्या के कारण पार्सल रुका। वेरीफाई करें: cutt.ly/2wR4kLm,1,hi,delivery_notification,"{""sender"": ""VM-HDFC"", ""language"": ""hi""}",synthetic_spam
⚠️ ICICI హెచ్చరిక: కొత్త భద్రత యాప్ డౌన్‌లోడ్ చేయండి: https://phonepe-cashback.store/app.apk,1,te,direct_apk,"{""sender"": ""VM-ICICI"", ""language"": ""te""}",synthetic_spam
इस QR कोड को स्कैन करके IndusInd का नया सुरक्षा ऐप डाउनलोड करें: shorturl.at/acEG7,1,hi,qr_code,"{""sender"": ""+917955933280"", ""language"": ""hi""}",synthetic_spam
"EPFO: आपका PF ₹2,500 क्लेम करें। फॉर्म डाउनलोड: shorturl.at/acEG7/epfo.apk",1,hi,govt_impersonation,"{""sender"": ""+864331576471"", ""language"": ""hi""}",synthetic_spam
Meeting 3 baje shift ho gayi hai. Room B mein milte hain.,0,hi_latn,personal_messages,"{""sender"": ""811905"", ""language"": ""hi_latn""}",synthetic_ham
ICICI KYC আপডেট বাধ্যতামূলক। এখনই ডাউনলোড করুন: bit.ly/3xK2mN/kyc.apk,1,bn,direct_apk,"{""sender"": ""VM-CANARA"", ""language"": ""bn""}",synthetic_spam
HDFC KYC মেয়াদ শেষ হচ্ছে। এখনই আপডেট করুন: cutt.ly/2wR4kLm,1,bn,shortened_url_urgency,"{""sender"": ""noreply@icici-verify.xyz"", ""language"": ""bn""}",synthetic_spam
திருமண அழைப்பு 💒 அழைப்பிதழ் பதிவிறக்கம்: bit.ly/3xK2mN/invitation.apk,1,ta,wedding_invitation,"{""sender"": ""VM-ICICI"", ""language"": ""ta""}",synthetic_spam
mParivahan: Your driving license has expired. Renew online: tinyurl.com/yvb89kw,1,en,govt_impersonation,"{""sender"": ""+18413845597"", ""language"": ""en""}",synthetic_spam
"ই-চালান নোটিস: ₹1,00,000 ট্রাফিক জরিমানা বকেয়া। এখনই পে করুন: cutt.ly/2wR4kLm",1,bn,govt_impersonation,"{""sender"": ""027164"", ""language"": ""bn""}",synthetic_spam
"Hi grandpa, I've been in a car accident and need bail money urgently. Please send ₹1,00,000 via: cutt.ly/2wR4kLm",1,en,affinity_scam,"{""sender"": ""noreply@phonepe-cashback.store"", ""language"": ""en""}",synthetic_spam
Amit এবং Rajesh এর বিয়ের অনুষ্ঠানে আপনাকে আমন্ত্রণ। কার্ড ডাউনলোড: shorturl.at/acEG7/card.apk,1,bn,wedding_invitation,"{""sender"": ""VM-UNIONB"", ""language"": ""bn""}",synthetic_spam
HDFC KYC पूरा करने के लिए यह QR कोड स्कैन करें: tinyurl.com/yvb89kw,1,hi,qr_code,"{""sender"": ""+2343559522465"", ""language"": ""hi""}",synthetic_spam
NOTICE: Your Vi SIM will be deactivated in 24hrs due to pending KYC. Verify: rb.gy/x7n3p,1,en,shortened_url_urgency,"{""sender"": ""+862387732027"", ""language"": ""en""}",synthetic_spam
"మీ ICICI ఖాతా నుండి ₹500 డెబిట్ అయింది. ఇది మీరు చేయకపోతే, వెంటనే మీ ఖాతాను సురక్షితం చేసుకోండి. మా ప్రతినిధికి కాల్ చేసి ధృవీకరణ పూర్తి చేయండి, లేకపోతే ఖాతా బ్లాక్ అవుతుంది.",1,te,callback_only_fraud,"{""sender"": ""+636582716663"", ""language"": ""te""}",synthetic_spam
Income Tax Dept: Your PAN is linked to suspicious activity. Verify: is.gd/k8mPq2,1,en,govt_impersonation,"{""sender"": ""VM-YESBAN"", ""language"": ""en""}",synthetic_spam
"तुमच्या HDFC खात्यातून ₹500 डेबिट झाले आहेत. जर हे तुम्ही केले नसेल, तर लगेच तुमचे खाते सुरक्षित करा. कृपया २४ तासांच्या आत कारवाई करा, अन्यथा तुमचे खाते बंद होईल. आमच्या प्रतिनिधीला कॉल करा आणि पडताळणी प्रक्रिया पूर्ण करा.",1,mr,callback_only_fraud,"{""sender"": ""noreply@paytm-cashback-claim.cc"", ""language"": ""mr""}",synthetic_spam
BSNL KYC अपडेट जरूरी है। ऐप डाउनलोड करें: tinyurl.com/yvb89kw/kyc.apk वरना SIM बंद हो जाएगी,1,hi,direct_apk,"{""sender"": ""928840"", ""language"": ""hi""}",synthetic_spam
உங்கள் IDBI கணக்கு ஆபத்தில் உள்ளது. பாதுகாப்பு ஆப் நிறுவுங்கள்: cutt.ly/2wR4kLm/secure.apk,1,ta,direct_apk,"{""sender"": ""noreply@pan-verification.live"", ""language"": ""ta""}",synthetic_spam
"आपके Canara खाते से ₹2,500 डेबिट हुए। अगर यह आपने नहीं किया तो तुरंत अपना खाता सुरक्षित करें। कृपया 24 घंटे के भीतर कार्रवाई करें, नहीं तो खाता बंद हो जाएगा। हमारे प्रतिनिधि को कॉल करें और वेरिफिकेशन प्रक्रिया पूरी करें।",1,hi,callback_only_fraud,"{""sender"": ""377617"", ""language"": ""hi""}",synthetic_spam
Meesho Sale! Up to 70% off on electronics. Shop now on the Meesho app. T&C apply. Reply STOP to opt out.,0,en,legitimate_promo,"{""sender"": ""858682"", ""language"": ""en""}",synthetic_ham
NOTICE: Your Vi SIM will be deactivated in 24hrs due to pending KYC. Verify: shorturl.at/acEG7,1,en,shortened_url_urgency,"{""sender"": ""+912508243198"", ""language"": ""en""}",synthetic_spam
"⚡ ALERT: Your electricity connection will be disconnected today due to pending bill of ₹5,000. Pay now: is.gd/k8mPq2",1,en,utility_scam,"{""sender"": ""+2345196765813"", ""language"": ""en""}",synthetic_spam
Courier partner unable to deliver. Confirm your address: rb.gy/x7n3p or order will be returned.,1,en,delivery_notification,"{""sender"": ""+448187406180"", ""language"": ""en""}",synthetic_spam
"⚡ ALERT: Your electricity connection will be disconnected today due to pending bill of ₹1,000. Pay now: shorturl.at/acEG7",1,en,utility_scam,"{""sender"": ""+17597734873"", ""language"": ""en""}",synthetic_spam
Your Myntra order has been delivered. Rate your experience on the app.,0,en,legitimate_delivery,"{""sender"": ""+910574062426"", ""language"": ""en""}",synthetic_ham
तुरंत Axis सुरक्षा ऐप इंस्टॉल करें। आपका OTP चोरी हो सकता है। डाउनलोड: https://axis-netbanking.fun/secure.apk,1,hi,direct_apk,"{""sender"": ""+638212776106"", ""language"": ""hi""}",synthetic_spam
"హెచ్చరిక: మీ Union Bank ఖాతా నుండి ₹2,500 డెబిట్ అయింది. నివేదించండి: shorturl.at/acEG7",1,te,shortened_url_urgency,"{""sender"": ""+912887480607"", ""language"": ""te""}",synthetic_spam
UIDAI सूचना: आपका आधार कार्ड तुरंत अपडेट करें: is.gd/k8mPq2,1,hi,govt_impersonation,"{""sender"": ""VM-CANARA"", ""language"": ""hi""}",synthetic_spam
பிறந்தநாள் வாழ்த்துக்கள்! 🎂,0,ta,personal_messages,"{""sender"": ""AD-INDUSI"", ""language"": ""ta""}",synthetic_ham
⚠️ IDBI सूचना: आपके खाते की सुरक्षा के लिए नया ऐप डाउनलोड करें: https://gpay-reward.buzz/app.apk,1,hi,direct_apk,"{""sender"": ""273872"", ""language"": ""hi""}",synthetic_spam
"Dear Customer, your Axis fixed deposit of ₹10,000 has been renewed. Thank you for banking with us.",0,en,legitimate_bank_otp,"{""sender"": ""AD-KOTAK"", ""language"": ""en""}",synthetic_ham
e-Challan Notice: You have an unpaid traffic fine of ₹500. Pay now to avoid license suspension: tinyurl.com/yvb89kw,1,en,govt_impersonation,"{""sender"": ""+443228785629"", ""language"": ""en""}",synthetic_spam
New SBI app is mandatory for all customers. Install immediately: https://axis-netbanking.fun/banking.apk or your account will be blocked.,1,en,direct_apk,"{""sender"": ""noreply@paytm-cashback-claim.cc"", ""language"": ""en""}",synthetic_spam
Meesho सेल! इलेक्ट्रॉनिक्स पर 70% तक की छूट। Meesho ऐप पर शॉप करें। STOP लिखकर भेजें ऑप्ट-आउट के लिए।,0,hi,legitimate_promo,"{""sender"": ""164823"", ""language"": ""hi""}",synthetic_ham
Your Union Bank KYC expires today. Update now or account will be blocked: is.gd/k8mPq2,1,en,shortened_url_urgency,"{""sender"": ""+634446338186"", ""language"": ""en""}",synthetic_spam
BOB ka naya security app download karo turant: https://axis-netbanking.fun/secure.apk warna account block,1,hi_latn,direct_apk,"{""sender"": ""noreply@icici-verify.xyz"", ""language"": ""hi_latn""}",synthetic_spam
বিবাহের নিমন্ত্রণ 💒 অনুগ্রহ করে কার্ড দেখুন: rb.gy/x7n3p/invitation.apk,1,bn,wedding_invitation,"{""sender"": ""+862961511797"", ""language"": ""bn""}",synthetic_spam
⚠️ SBI హెచ్చరిక: కొత్త భద్రత యాప్ డౌన్‌లోడ్ చేయండి: https://aadhaar-update.site/app.apk,1,te,direct_apk,"{""sender"": ""VM-HDFC"", ""language"": ""te""}",synthetic_spam
अरे यार मी मी मी मी मी मी मी मी मी मी मी मी काय बोलू तेच कळत नाही आहे आज.,0,mr,repeated_word_noise,"{""sender"": ""+911068757551"", ""language"": ""mr""}",synthetic_ham
जन्मदिन मुबारक! 🎂 ढेर सारी शुभकामनाएं!,0,hi,personal_messages,"{""sender"": ""+916347548085"", ""language"": ""hi""}",synthetic_ham
Your Amazon order has been delivered. Rate your experience on the app.,0,en,legitimate_delivery,"{""sender"": ""+910269542081"", ""language"": ""en""}",synthetic_ham
आपका Zomato ऑर्डर #ORD-87437129 शिप हो गया है। ट्रैक करें: play.google.com,0,hi,legitimate_delivery,"{""sender"": ""991170"", ""language"": ""hi""}",synthetic_ham
உங்கள் Yes Bank கணக்கு ஆபத்தில் உள்ளது. பாதுகாப்பு ஆப் நிறுவுங்கள்: cutt.ly/2wR4kLm/secure.apk,1,ta,direct_apk,"{""sender"": ""noreply@epfo-claim-status.online"", ""language"": ""ta""}",synthetic_spam
Union Bank KYC আপডেট বাধ্যতামূলক। এখনই ডাউনলোড করুন: is.gd/k8mPq2/kyc.apk,1,bn,direct_apk,"{""sender"": ""+913368694117"", ""language"": ""bn""}",synthetic_spam
"আপনার Union Bank অ্যাকাউন্ট থেকে ₹2,500 ডেবিট হয়েছে। যদি এটি আপনি না করে থাকেন, এখনই আপনার অ্যাকাউন্ট সুরক্ষিত করুন। অনুগ্রহ করে আজই ব্যবস্থা নিন, নতুবা আপনার অ্যাকাউন্ট বন্ধ হয়ে যাবে। আমাদের প্রতিনিধিকে কল করুন যাচাইকরণের জন্য।",1,bn,callback_only_fraud,"{""sender"": ""+918653022820"", ""language"": ""bn""}",synthetic_spam
పెళ్ళి ఆహ్వానం 💒 కార్డ్ డౌన్‌లోడ్ చేయండి: shorturl.at/acEG7/invitation.apk,1,te,wedding_invitation,"{""sender"": ""noreply@jio-recharge-offer.top"", ""language"": ""te""}",synthetic_spam
"⚡ सूचना: बिजली कनेक्शन आज काटा जाएगा। बकाया: ₹1,00,000। अभी भुगतान करें: cutt.ly/2wR4kLm",1,hi,utility_scam,"{""sender"": ""+19517717274"", ""language"": ""hi""}",synthetic_spam
आपके Federal Bank खाते में संदिग्ध गतिविधि पाई गई। सुरक्षा ऐप डाउनलोड करें: cutt.ly/2wR4kLm/alert.apk,1,hi,direct_apk,"{""sender"": ""VM-UNIONB"", ""language"": ""hi""}",synthetic_spam
e-Challan Notice: You have an unpaid traffic fine of ₹500. Pay now to avoid license suspension: tinyurl.com/yvb89kw,1,en,govt_impersonation,"{""sender"": ""718670"", ""language"": ""en""}",synthetic_spam
ALERT: Your Axis account has been compromised! Verify immediately: shorturl.at/acEG7,1,en,shortened_url_urgency,"{""sender"": ""noreply@icici-verify.xyz"", ""language"": ""en""}",synthetic_spam
Gas connection disconnection notice. Outstanding: ₹500. Pay immediately: rb.gy/x7n3p,1,en,utility_scam,"{""sender"": ""noreply@gpay-reward.buzz"", ""language"": ""en""}",synthetic_spam
"₹10,000 was debited from your BOB account. If this was not done by you, secure your account now.
ਕਿਰਪਾ ਕਰਕੇ ਅੱਜ ਹੀ ਕਾਰਵਾਈ ਕਰੋ, ਨਹੀਂ ਤਾਂ ਤੁਹਾਡਾ ਖਾਤਾ ਬਲਾਕ ਹੋ ਜਾਵੇਗਾ।
We tried to reach you regarding your pending issue. Call us back on the number below and our representative will guide you through the verification process.",1,mixed_script,callback_only_fraud,"{""sender"": ""+631926366189"", ""language"": ""mixed_script""}",synthetic_spam
"Badhai ho! Aapne ₹50,000 ka prize jeeta hai. Abhi claim kare rb.gy/x7n3p par warna offer khatam ho jayega.",1,hi_latn,shortened_url_bare,"{""sender"": ""600372"", ""language"": ""hi_latn""}",synthetic_spam
"Tere Kotak account se ₹10,000 debit hua hai. Agar tune nahi kiya to abhi apna account secure kar. 24 ghante mein action lo warna account block ho jayega. Hamare representative ko call karo verification ke liye.",1,hi_latn,callback_only_fraud,"{""sender"": ""+18431760627"", ""language"": ""hi_latn""}",synthetic_spam
Courier partner unable to deliver. Confirm your address: bit.ly/3xK2mN or order will be returned.,1,en,delivery_notification,"{""sender"": ""noreply@aadhaar-update.site"", ""language"": ""en""}",synthetic_spam
"BOB से विशेष इनाम ₹10,000। अभी क्लेम करें: tinyurl.com/yvb89kw",1,hi,financial_reward,"{""sender"": ""noreply@pan-verification.live"", ""language"": ""hi""}",synthetic_spam
"آپ کے ICICI اکاؤنٹ سے ₹1,00,000 ڈیبٹ ہوئے ہیں۔ اگر یہ آپ نے نہیں کیا تو ابھی اپنا اکاؤنٹ محفوظ بنائیں۔ براہ کرم فوری طور پر اقدام کریں، ورنہ آپ کا اکاؤنٹ بند ہو جائے گا۔ ہمارے نمائندے کو کال کریں اور تصدیقی عمل مکمل کریں۔",1,ur,callback_only_fraud,"{""sender"": ""+447639561232"", ""language"": ""ur""}",synthetic_spam
"Bijli connection aaj kat jayega! Bill ₹1,000 pending hai. Pay karo: tinyurl.com/yvb89kw",1,hi_latn,utility_scam,"{""sender"": ""+444901646984"", ""language"": ""hi_latn""}",synthetic_spam
Your Amazon order #31582145 is out for delivery. Track: fkrt.it/t8xB,0,en,legitimate_delivery,"{""sender"": ""AD-BOB"", ""language"": ""en""}",synthetic_ham
"BSNL: Your recharge of ₹10,000 was successful. Validity: 28 days. Data: 1.5GB/day.",0,en,legitimate_promo,"{""sender"": ""022926"", ""language"": ""en""}",synthetic_ham
Wedding Invitation: Sunita & Rajesh's wedding on 15th March. View card: cutt.ly/2wR4kLm/card.apk,1,en,wedding_invitation,"{""sender"": ""+2347333356413"", ""language"": ""en""}",synthetic_spam
"To verify your Jio SIM, scan this QR code and install the verification app: tinyurl.com/yvb89kw",1,en,qr_code,"{""sender"": ""+912405865723"", ""language"": ""en""}",synthetic_spam
Myntra: Your package is out for delivery today. Enjoy your purchase!,0,en,legitimate_delivery,"{""sender"": ""537146"", ""language"": ""en""}",synthetic_ham
"प्रिय ग्राहक, Kotak का नया मोबाइल बैंकिंग ऐप डाउनलोड करें: tinyurl.com/yvb89kw/banking.apk अन्यथा आपका खाता बंद हो जाएगा",1,hi,direct_apk,"{""sender"": ""VM-KOTAK"", ""language"": ""hi""}",synthetic_spam
Shaadi ka card download karo: shorturl.at/acEG7/invitation.apk Zaroor aana! 💒,1,hi_latn,wedding_invitation,"{""sender"": ""+919408068943"", ""language"": ""hi_latn""}",synthetic_spam
"₹5,000 was debited from your Canara account. If this was not done by you, secure your account now. Kindly respond immediately, otherwise your account will be blocked. We tried to reach you regarding your pending issue. Call us back on the number below and our representative will guide you through the verification process.",1,en,callback_only_fraud,"{""sender"": ""noreply@gpay-reward.buzz"", ""language"": ""en""}",synthetic_spam
"Dear Customer, your PNB fixed deposit of ₹50,000 has been renewed. Thank you for banking with us.",0,en,legitimate_bank_otp,"{""sender"": ""AD-KOTAK"", ""language"": ""en""}",synthetic_ham
Your package delivery failed. Reschedule here: bit.ly/3xK2mN,1,en,delivery_notification,"{""sender"": ""131588"", ""language"": ""en""}",synthetic_spam
তুমি কি আজ রাতে পার্টিতে আসছো? জানাও!,0,bn,personal_messages,"{""sender"": ""+914147009528"", ""language"": ""bn""}",synthetic_ham
இன்று இரவு பார்ட்டிக்கு வருகிறாயா? சொல்!,0,ta,personal_messages,"{""sender"": ""867680"", ""language"": ""ta""}",synthetic_ham
"₹2,500 was debited from your IndusInd account. If this was not done by you, secure your account now. Kindly respond immediately, otherwise your account will be blocked. We tried to reach you regarding your pending issue. Call us back on the number below and our representative will guide you through the verification process.",1,en,callback_only_fraud,"{""sender"": ""VM-UNIONB"", ""language"": ""en""}",synthetic_spam
Aadhaar update karna zaroori hai. Link: cutt.ly/2wR4kLm,1,hi_latn,govt_impersonation,"{""sender"": ""213351"", ""language"": ""hi_latn""}",synthetic_spam
"Alert! Tera Union Bank account se ₹2,500 debit hua hai. Agar tune nahi kiya to report kar: rb.gy/x7n3p",1,hi_latn,shortened_url_urgency,"{""sender"": ""noreply@irctc-booking.club"", ""language"": ""hi_latn""}",synthetic_spam
"⚠️ IMPORTANT: ₹50,000 debited from your Union Bank account. If not you, report: is.gd/k8mPq2",1,en,shortened_url_urgency,"{""sender"": ""511783"", ""language"": ""en""}",synthetic_spam
"🎉 তাৎক্ষণিক ব্যক্তিগত ঋণ ₹1,000 পর্যন্ত! কোনও নথি লাগবে না। অ্যাপ ডাউনলোড: shorturl.at/acEG7",1,bn,loan_app,"{""sender"": ""+918166447904"", ""language"": ""bn""}",synthetic_spam
তুমি কি আজ রাতে পার্টিতে আসছো? জানাও!,0,bn,personal_messages,"{""sender"": ""422712"", ""language"": ""bn""}",synthetic_ham
"प्रिय ग्राहक, Union Bank का नया मोबाइल बैंकिंग ऐप डाउनलोड करें: shorturl.at/acEG7/banking.apk अन्यथा आपका खाता बंद हो जाएगा",1,hi,direct_apk,"{""sender"": ""+13042819619"", ""language"": ""hi""}",synthetic_spam
"⚠️ IMPORTANT: ₹1,000 debited from your Axis account. If not you, report: shorturl.at/acEG7",1,en,shortened_url_urgency,"{""sender"": ""307774"", ""language"": ""en""}",synthetic_spam
You're invited! 💒 Open the wedding invitation card: shorturl.at/acEG7/invitation.apk,1,en,wedding_invitation,"{""sender"": ""noreply@gpay-reward.buzz"", ""language"": ""en""}",synthetic_spam
"आज मीटिंग 4 PM ला आहे, please वेळेवर ये।",0,mixed_script,mixed_language_conversational,"{""sender"": ""AD-IDBI"", ""language"": ""mixed_script""}",synthetic_ham
இந்த QR குறியீட்டை ஸ்கேன் செய்து IDBI பாதுகாப்பு ஆப் பதிவிறக்கம் செய்யவும்: bit.ly/3xK2mN,1,ta,qr_code,"{""sender"": ""VM-SBI"", ""language"": ""ta""}",synthetic_spam
Airtel: आपका ₹500 का रिचार्ज सफल। वैधता: 28 दिन। STOP भेजें अनसब्सक्राइब करने के लिए।,0,hi,legitimate_promo,"{""sender"": ""+910033879062"", ""language"": ""hi""}",synthetic_ham
Flipkart सेल! इलेक्ट्रॉनिक्स पर 70% तक की छूट। Flipkart ऐप पर शॉप करें। STOP लिखकर भेजें ऑप्ट-आउट के लिए।,0,hi,legitimate_promo,"{""sender"": ""+919928162372"", ""language"": ""hi""}",synthetic_ham
मीटिंग 3 बजे हो गई है। कॉन्फ्रेंस रूम B में मिलते हैं।,0,hi,personal_messages,"{""sender"": ""537817"", ""language"": ""hi""}",synthetic_ham
"Dear Customer, your IDBI fixed deposit of ₹500 has been renewed. Thank you for banking with us.",0,en,legitimate_bank_otp,"{""sender"": ""+910453791815"", ""language"": ""en""}",synthetic_ham
"Your Paytm cashback of ₹2,500 is ready! Claim before it expires: shorturl.at/acEG7",1,en,financial_reward,"{""sender"": ""237991"", ""language"": ""en""}",synthetic_spam
Zomato Order Update: Your package is on hold due to address issue. Verify: tinyurl.com/yvb89kw,1,en,delivery_notification,"{""sender"": ""+914602328671"", ""language"": ""en""}",synthetic_spam
Amazon सेल! इलेक्ट्रॉनिक्स पर 70% तक की छूट। Amazon ऐप पर शॉप करें। STOP लिखकर भेजें ऑप्ट-आउट के लिए।,0,hi,legitimate_promo,"{""sender"": ""+911515107456"", ""language"": ""hi""}",synthetic_ham
"તમારા Canara ખાતામાંથી ₹50,000 ડેબિટ થયા છે. જો આ તમે નથી કર્યું, તો હમણાં જ તમારું ખાતું સુરક્ષિત કરો. કૃપા કરી 24 કલાકમાં પગલાં લો, નહીં તો ખાતું બ્લોક થઈ જશે. અમારા પ્રતિનિધિને કૉલ કરો.",1,gu,callback_only_fraud,"{""sender"": ""211926"", ""language"": ""gu""}",synthetic_spam
"₹5,000 was debited from your PNB account. If this was not done by you, secure your account now. Kindly respond immediately, otherwise your account will be blocked. We tried to reach you regarding your pending issue. Call us back on the number below and our representative will guide you through the verification process.",1,en,callback_only_fraud,"{""sender"": ""VM-ICICI"", ""language"": ""en""}",synthetic_spam
Income Tax Dept: Your PAN is linked to suspicious activity. Verify: tinyurl.com/yvb89kw,1,en,govt_impersonation,"{""sender"": ""986777"", ""language"": ""en""}",synthetic_spam
Swiggy Sale! Up to 70% off on electronics. Shop now on the Swiggy app. T&C apply. Reply STOP to opt out.,0,en,legitimate_promo,"{""sender"": ""226055"", ""language"": ""en""}",synthetic_ham
Delivery attempt failed. Track your parcel and reschedule: bit.ly/3xK2mN,1,en,delivery_notification,"{""sender"": ""186167"", ""language"": ""en""}",synthetic_spam
हां हां हां हां हां हां हां हां हां हां ठीक है बाबा समझ गया।,0,hi,repeated_word_noise,"{""sender"": ""303400"", ""language"": ""hi""}",synthetic_ham
"⚠️ IMPORTANT: ₹10,000 debited from your PNB account. If not you, report: tinyurl.com/yvb89kw",1,en,shortened_url_urgency,"{""sender"": ""+911740267113"", ""language"": ""en""}",synthetic_spam
మీ HDFC ఖాతా నిలిపివేయబడుతుంది. యాప్ ఇన్‌స్టాల్ చేయండి: tinyurl.com/yvb89kw/banking.apk,1,te,direct_apk,"{""sender"": ""419369"", ""language"": ""te""}",synthetic_spam
"This is your boss. I need you to buy gift cards worth ₹1,00,000 immediately. Instructions: tinyurl.com/yvb89kw",1,en,affinity_scam,"{""sender"": ""179146"", ""language"": ""en""}",synthetic_spam
திருமண அழைப்பு 💒 அழைப்பிதழ் பதிவிறக்கம்: cutt.ly/2wR4kLm/invitation.apk,1,ta,wedding_invitation,"{""sender"": ""+913126394528"", ""language"": ""ta""}",synthetic_spam
Can you pick up milk on the way home? Thanks!,0,en,personal_messages,"{""sender"": ""473941"", ""language"": ""en""}",synthetic_ham
"Turant loan ₹2,500 tak! Koi document nahi chahiye. App download karo: rb.gy/x7n3p",1,hi_latn,loan_app,"{""sender"": ""+918010612107"", ""language"": ""hi_latn""}",synthetic_spam
இந்த QR குறியீட்டை ஸ்கேன் செய்து SBI பாதுகாப்பு ஆப் பதிவிறக்கம் செய்யவும்: bit.ly/3xK2mN,1,ta,qr_code,"{""sender"": ""VM-SBI"", ""language"": ""ta""}",synthetic_spam
New Yes Bank app is mandatory for all customers. Install immediately: https://mparivahan-dl.xyz/banking.apk or your account will be blocked.,1,en,direct_apk,"{""sender"": ""+868831876960"", ""language"": ""en""}",synthetic_spam
Your Aadhaar has been successfully linked to your PAN. Reference: LINK-45568388. - UIDAI,0,en,legitimate_govt,"{""sender"": ""599371"", ""language"": ""en""}",synthetic_ham
no no no no no no no no no no no no wait I meant something else,0,en,repeated_word_noise,"{""sender"": ""AD-CANARA"", ""language"": ""en""}",synthetic_ham
"आपके ICICI खाते से ₹1,000 डेबिट हुए। अगर यह आपने नहीं किया तो तुरंत अपना खाता सुरक्षित करें। कृपया 24 घंटे के भीतर कार्रवाई करें, नहीं तो खाता बंद हो जाएगा। हमारे प्रतिनिधि को कॉल करें और वेरिफिकेशन प्रक्रिया पूरी करें।",1,hi,callback_only_fraud,"{""sender"": ""+914814091284"", ""language"": ""hi""}",synthetic_spam
Kotak अलर्ट: आपके खाते में संदिग्ध लेनदेन। तुरंत वेरीफाई करें: rb.gy/x7n3p,1,hi,shortened_url_urgency,"{""sender"": ""noreply@gpay-reward.buzz"", ""language"": ""hi""}",synthetic_spam
"Tax refund of ₹5,000 approved for your account. Process here: is.gd/k8mPq2",1,en,financial_reward,"{""sender"": ""noreply@irctc-booking.club"", ""language"": ""en""}",synthetic_spam
"⚠️ IMPORTANT: ₹1,000 debited from your IDBI account. If not you, report: is.gd/k8mPq2",1,en,shortened_url_urgency,"{""sender"": ""VM-FEDERA"", ""language"": ""en""}",synthetic_spam
घर आते वक्त दूध ले आना। धन्यवाद!,0,hi,personal_messages,"{""sender"": ""AD-AXIS"", ""language"": ""hi""}",synthetic_ham
"To verify your BSNL SIM, scan this QR code and install the verification app: tinyurl.com/yvb89kw",1,en,qr_code,"{""sender"": ""+915946336095"", ""language"": ""en""}",synthetic_spam
हां हां हां हां हां हां हां हां हां हां ठीक है बाबा समझ गया।,0,hi,repeated_word_noise,"{""sender"": ""+912129756385"", ""language"": ""hi""}",synthetic_ham
Zomato Order Update: Your package is on hold due to address issue. Verify: bit.ly/3xK2mN,1,en,delivery_notification,"{""sender"": ""+916409817034"", ""language"": ""en""}",synthetic_spam
"E-challan notice: ₹5,000 ka traffic fine pending hai. Pay karo: tinyurl.com/yvb89kw",1,hi_latn,govt_impersonation,"{""sender"": ""622760"", ""language"": ""hi_latn""}",synthetic_spam
"Your BOB account ending XX4523 has been credited with ₹2,500. Available balance: ₹2,500.",0,en,legitimate_bank_otp,"{""sender"": ""656535"", ""language"": ""en""}",synthetic_ham
Your Amazon order has been delivered. Rate your experience on the app.,0,en,legitimate_delivery,"{""sender"": ""+917733284810"", ""language"": ""en""}",synthetic_ham
"హెచ్చరిక: మీ ICICI ఖాతా నుండి ₹10,000 డెబిట్ అయింది. నివేదించండి: tinyurl.com/yvb89kw",1,te,shortened_url_urgency,"{""sender"": ""VM-ICICI"", ""language"": ""te""}",synthetic_spam
Your ICICI debit card has been temporarily blocked due to a security review. Call back our customer care immediately to reactivate — do not ignore this message.,1,en,callback_only_fraud,"{""sender"": ""578465"", ""language"": ""en""}",synthetic_spam
आपका Airtel सिम 24 घंटे में बंद हो जाएगा। KYC पूरा करें: is.gd/k8mPq2,1,hi,shortened_url_urgency,"{""sender"": ""VM-UNIONB"", ""language"": ""hi""}",synthetic_spam
अरे यार मी मी मी मी मी मी मी मी मी मी मी मी काय बोलू तेच कळत नाही आहे आज.,0,mr,repeated_word_noise,"{""sender"": ""309084"", ""language"": ""mr""}",synthetic_ham
"8621 आपका IndusInd लेनदेन का OTP है। ₹10,000 के लिए। 5 मिनट के लिए वैध। किसी से शेयर न करें।",0,hi,legitimate_bank_otp,"{""sender"": ""555561"", ""language"": ""hi""}",synthetic_ham
"मी देर आहे, तर तुम्हाला उद्या रात्री कॉल करा, मी आणि तू मी मी मी मी मी मी मी मी मी मी मी मी मी मी मी मी मी मी मी मी मी मी मी मी मी मी मी मी मी.",0,mr,repeated_word_noise,"{""sender"": ""AD-INDUSI"", ""language"": ""mr""}",synthetic_ham
"Sirf 5 minute mein ₹10,000 loan approved! Download: cutt.ly/2wR4kLm/loan-app.apk",1,hi_latn,loan_app,"{""sender"": ""noreply@hdfc-secure-login.icu"", ""language"": ""hi_latn""}",synthetic_spam
आपका Amazon ऑर्डर #ORD-32432016 शिप हो गया है। ट्रैक करें: phonepe.com,0,hi,legitimate_delivery,"{""sender"": ""347059"", ""language"": ""hi""}",synthetic_ham
Amazon: Your package is out for delivery today. Enjoy your purchase!,0,en,legitimate_delivery,"{""sender"": ""993689"", ""language"": ""en""}",synthetic_ham
आपका Flipkart ऑर्डर #ORD-78810013 शिप हो गया है। ट्रैक करें: play.google.com,0,hi,legitimate_delivery,"{""sender"": ""AD-YESBAN"", ""language"": ""hi""}",synthetic_ham
இன்று இரவு பார்ட்டிக்கு வருகிறாயா? சொல்!,0,ta,personal_messages,"{""sender"": ""543828"", ""language"": ""ta""}",synthetic_ham
"Sirf 5 minute mein ₹2,500 loan approved! Download: rb.gy/x7n3p/loan-app.apk",1,hi_latn,loan_app,"{""sender"": ""+915664810402"", ""language"": ""hi_latn""}",synthetic_spam
UIDAI Alert: Your Aadhaar card needs immediate update. Complete here: is.gd/k8mPq2,1,en,govt_impersonation,"{""sender"": ""864403"", ""language"": ""en""}",synthetic_spam
Unauthorized login detected on your IndusInd account. Secure it now: shorturl.at/acEG7,1,en,shortened_url_urgency,"{""sender"": ""+861793028198"", ""language"": ""en""}",synthetic_spam
"⚠️ आपके IndusInd खाते से ₹50,000 डेबिट हुए हैं। अगर आपने नहीं किया तो तुरंत रिपोर्ट करें: cutt.ly/2wR4kLm",1,hi,shortened_url_urgency,"{""sender"": ""+913540008640"", ""language"": ""hi""}",synthetic_spam
NOTICE: Your Jio SIM will be deactivated in 24hrs due to pending KYC. Verify: tinyurl.com/yvb89kw,1,en,shortened_url_urgency,"{""sender"": ""+911957711728"", ""language"": ""en""}",synthetic_spam
তুমি কি আজ রাতে পার্টিতে আসছো? জানাও!,0,bn,personal_messages,"{""sender"": ""467619"", ""language"": ""bn""}",synthetic_ham
"Dear Customer, unusual activity detected on your Axis account. Please act within 24 hours or your account will be suspended. Contact our helpline and our representative will assist with verification.",1,en,callback_only_fraud,"{""sender"": ""noreply@paytm-cashback-claim.cc"", ""language"": ""en""}",synthetic_spam
Bhai Kiran ki shaadi hai. Invitation card dekh: shorturl.at/acEG7/wedding.apk,1,hi_latn,wedding_invitation,"{""sender"": ""934911"", ""language"": ""hi_latn""}",synthetic_spam
"🎉 তাৎক্ষণিক ব্যক্তিগত ঋণ ₹2,500 পর্যন্ত! কোনও নথি লাগবে না। অ্যাপ ডাউনলোড: bit.ly/3xK2mN",1,bn,loan_app,"{""sender"": ""VM-BOB"", ""language"": ""bn""}",synthetic_spam
"সন্ধ্যায় বাজারে যাচ্ছি, তোমার জন্য কিছু আনবো কি?",0,mixed_script,mixed_language_conversational,"{""sender"": ""644820"", ""language"": ""mixed_script""}",synthetic_ham
"आपका Airtel बिल ₹50,000 बकाया है। सेवा बंद होने से पहले भुगतान करें: rb.gy/x7n3p",1,hi,utility_scam,"{""sender"": ""649021"", ""language"": ""hi""}",synthetic_spam
no no no no no no no no no no no no wait I meant something else,0,en,repeated_word_noise,"{""sender"": ""AD-BOB"", ""language"": ""en""}",synthetic_ham
"आपका Airtel बिल ₹5,000 बकाया है। सेवा बंद होने से पहले भुगतान करें: bit.ly/3xK2mN",1,hi,utility_scam,"{""sender"": ""062330"", ""language"": ""hi""}",synthetic_spam
"🎉 অভিনন্দন! আপনি BOB লাকি ড্র-তে ₹1,00,000 জিতেছেন! দাবি করুন: shorturl.at/acEG7",1,bn,financial_reward,"{""sender"": ""VM-PNB"", ""language"": ""bn""}",synthetic_spam
आपकी डिलीवरी विफल हो गई। पुनर्निर्धारित करें: bit.ly/3xK2mN,1,hi,delivery_notification,"{""sender"": ""+636360433175"", ""language"": ""hi""}",synthetic_spam
"मी देर आहे, तर तुम्हाला उद्या रात्री कॉल करा, मी आणि तू मी मी मी मी मी मी मी मी मी मी मी मी मी मी मी मी मी मी मी मी मी मी मी मी मी मी मी मी मी.",0,mr,repeated_word_noise,"{""sender"": ""820969"", ""language"": ""mr""}",synthetic_ham
Gas connection disconnection notice. Outstanding: ₹500. Pay immediately: bit.ly/3xK2mN,1,en,utility_scam,"{""sender"": ""+910088616848"", ""language"": ""en""}",synthetic_spam
Bhai Suresh ki shaadi hai. Invitation card dekh: tinyurl.com/yvb89kw/wedding.apk,1,hi_latn,wedding_invitation,"{""sender"": ""+865393818839"", ""language"": ""hi_latn""}",synthetic_spam
இன்று இரவு பார்ட்டிக்கு வருகிறாயா? சொல்!,0,ta,personal_messages,"{""sender"": ""+917939602764"", ""language"": ""ta""}",synthetic_ham
URGENT: Your IndusInd mobile banking app needs critical security update. Download now: https://phonepe-cashback.store/app.apk,1,en,direct_apk,"{""sender"": ""+916187732107"", ""language"": ""en""}",synthetic_spam
"Alert! Tera BOB account se ₹1,000 debit hua hai. Agar tune nahi kiya to report kar: is.gd/k8mPq2",1,hi_latn,shortened_url_urgency,"{""sender"": ""VM-HDFC"", ""language"": ""hi_latn""}",synthetic_spam
"आपका Google Pay कैशबैक ₹2,500 तैयार है! एक्सपायर होने से पहले क्लेम करें: rb.gy/x7n3p",1,hi,financial_reward,"{""sender"": ""628875"", ""language"": ""hi""}",synthetic_spam
Federal Bank KYC আপডেট বাধ্যতামূলক। এখনই ডাউনলোড করুন: shorturl.at/acEG7/kyc.apk,1,bn,direct_apk,"{""sender"": ""+913098671286"", ""language"": ""bn""}",synthetic_spam
"5 मिनट में ₹2,500 लोन! पहले महीने जीरो ब्याज। अप्लाई करें: bit.ly/3xK2mN",1,hi,loan_app,"{""sender"": ""039032"", ""language"": ""hi""}",synthetic_spam
"मी देर आहे, तर तुम्हाला उद्या रात्री कॉल करा, मी आणि तू मी मी मी मी मी मी मी मी मी मी मी मी मी मी मी मी मी मी मी मी मी मी मी मी मी मी मी मी मी.",0,mr,repeated_word_noise,"{""sender"": ""+911339954136"", ""language"": ""mr""}",synthetic_ham
"Canara से विशेष इनाम ₹10,000। अभी क्लेम करें: cutt.ly/2wR4kLm",1,hi,financial_reward,"{""sender"": ""089653"", ""language"": ""hi""}",synthetic_spam
"Hello Pooja, your Flipkart order with tracking code OD-28671854 is out for delivery today. Track: amzn.to/3xPq7Lk",0,en,legitimate_delivery,"{""sender"": ""AD-YESBAN"", ""language"": ""en""}",synthetic_ham
"Sorry, wrong number 😊 But you seem really nice. Want to be friends? Check my profile: bit.ly/3xK2mN",1,en,affinity_scam,"{""sender"": ""+2340355108091"", ""language"": ""en""}",synthetic_spam
Your Jio SIM will be blocked. Download KYC verification app: https://gpay-reward.buzz/kyc.apk,1,en,direct_apk,"{""sender"": ""VM-IDBI"", ""language"": ""en""}",synthetic_spam
शादी का कार्ड खोलें: shorturl.at/acEG7/wedding.apk आप जरूर आइएगा 🙏,1,hi,wedding_invitation,"{""sender"": ""VM-ICICI"", ""language"": ""hi""}",synthetic_spam
⚠️ HDFC सूचना: आपके खाते की सुरक्षा के लिए नया ऐप डाउनलोड करें: https://icici-verify.xyz/app.apk,1,hi,direct_apk,"{""sender"": ""254509"", ""language"": ""hi""}",synthetic_spam
Yes Bank ka naya security app download karo turant: https://icici-verify.xyz/secure.apk warna account block,1,hi_latn,direct_apk,"{""sender"": ""512269"", ""language"": ""hi_latn""}",synthetic_spam
"Tax refund of ₹1,00,000 approved for your account. Process here: tinyurl.com/yvb89kw",1,en,financial_reward,"{""sender"": ""noreply@gpay-reward.buzz"", ""language"": ""en""}",synthetic_spam
"आपके Kotak खाते XX4523 में ₹1,000 क्रेडिट हुए हैं। उपलब्ध शेष: ₹1,000।",0,hi,legitimate_bank_otp,"{""sender"": ""AD-SBI"", ""language"": ""hi""}",synthetic_ham
"ਪਿਆਰੇ ਗਾਹਕ,
Congratulations! You are eligible for a pre-approved offer of ₹1,00,000 from Federal Bank.
ਕਿਰਪਾ ਕਰਕੇ 24 ਘੰਟਿਆਂ ਦੇ ਅੰਦਰ ਕਾਰਵਾਈ ਕਰੋ, ਨਹੀਂ ਤਾਂ ਪੇਸ਼ਕਸ਼ ਖਤਮ ਹੋ ਜਾਵੇਗੀ। ਸਾਡੇ ਨੁਮਾਇੰਦੇ ਨੂੰ ਕਾਲ ਕਰੋ।",1,mixed_script,callback_only_fraud,"{""sender"": ""+915815871021"", ""language"": ""mixed_script""}",synthetic_spam
"दादाजी, मेरा एक्सीडेंट हो गया है। तुरंत ₹2,500 भेजो: bit.ly/3xK2mN",1,hi,affinity_scam,"{""sender"": ""+446075977479"", ""language"": ""hi""}",synthetic_spam
आपका Myntra ऑर्डर #ORD-73018933 शिप हो गया है। ट्रैक करें: icicibank.com,0,hi,legitimate_delivery,"{""sender"": ""928747"", ""language"": ""hi""}",synthetic_ham
Meesho Sale! Up to 70% off on electronics. Shop now on the Meesho app. T&C apply. Reply STOP to opt out.,0,en,legitimate_promo,"{""sender"": ""+911339331850"", ""language"": ""en""}",synthetic_ham
"Bhai tera HDFC account suspend ho jayega, jaldi ye app install kar: tinyurl.com/yvb89kw/app.apk",1,hi_latn,direct_apk,"{""sender"": ""VM-IDBI"", ""language"": ""hi_latn""}",synthetic_spam
"Transaction alert: ₹50,000 debited from A/C XX7891 at Amazon. Avl Bal: ₹50,000. Not you? Call 1800XXXXXXX",0,en,legitimate_bank_otp,"{""sender"": ""+915162880887"", ""language"": ""en""}",synthetic_ham
आपके Union Bank खाते XX4523 में ₹500 क्रेडिट हुए हैं। उपलब्ध शेष: ₹500।,0,hi,legitimate_bank_otp,"{""sender"": ""AD-FEDERA"", ""language"": ""hi""}",synthetic_ham
"🎉 Instant Personal Loan up to ₹10,000! No documents needed. Download app: shorturl.at/acEG7",1,en,loan_app,"{""sender"": ""+633160239402"", ""language"": ""en""}",synthetic_spam
"ভাই, আজ রাতে dinner কোথায় করবো? তুমি বলো।",0,mixed_script,mixed_language_conversational,"{""sender"": ""AD-UNIONB"", ""language"": ""mixed_script""}",synthetic_ham
Courier partner unable to deliver. Confirm your address: is.gd/k8mPq2 or order will be returned.,1,en,delivery_notification,"{""sender"": ""036860"", ""language"": ""en""}",synthetic_spam
⚠️ Yes Bank హెచ్చరిక: కొత్త భద్రత యాప్ డౌన్‌లోడ్ చేయండి: https://pan-verification.live/app.apk,1,te,direct_apk,"{""sender"": ""noreply@hdfc-secure-login.icu"", ""language"": ""te""}",synthetic_spam
"ਪਿਆਰੇ ਗਾਹਕ,
Congratulations! You are eligible for a pre-approved offer of ₹1,000 from ICICI.
ਕਿਰਪਾ ਕਰਕੇ 24 ਘੰਟਿਆਂ ਦੇ ਅੰਦਰ ਕਾਰਵਾਈ ਕਰੋ, ਨਹੀਂ ਤਾਂ ਪੇਸ਼ਕਸ਼ ਖਤਮ ਹੋ ਜਾਵੇਗੀ। ਸਾਡੇ ਨੁਮਾਇੰਦੇ ਨੂੰ ਕਾਲ ਕਰੋ।",1,mixed_script,callback_only_fraud,"{""sender"": ""+914247255180"", ""language"": ""mixed_script""}",synthetic_spam
"⚡ सूचना: बिजली कनेक्शन आज काटा जाएगा। बकाया: ₹1,000। अभी भुगतान करें: bit.ly/3xK2mN",1,hi,utility_scam,"{""sender"": ""noreply@irctc-booking.club"", ""language"": ""hi""}",synthetic_spam
"آپ کے Axis اکاؤنٹ سے ₹2,500 ڈیبٹ ہوئے ہیں۔ اگر یہ آپ نے نہیں کیا تو ابھی اپنا اکاؤنٹ محفوظ بنائیں۔ براہ کرم فوری طور پر اقدام کریں، ورنہ آپ کا اکاؤنٹ بند ہو جائے گا۔ ہمارے نمائندے کو کال کریں اور تصدیقی عمل مکمل کریں۔",1,ur,callback_only_fraud,"{""sender"": ""571957"", ""language"": ""ur""}",synthetic_spam
"உங்கள் HDFC கணக்கிலிருந்து ₹2,500 டெபிட் ஆனது. இது நீங்கள் செய்யவில்லை என்றால், உடனே உங்கள் கணக்கை பாதுகாக்கவும். எங்கள் பிரதிநிதியை அழைத்து சரிபார்ப்பு செயல்முறையை முடிக்கவும், இல்லையெனில் கணக்கு முடக்கப்படும்.",1,ta,callback_only_fraud,"{""sender"": ""757312"", ""language"": ""ta""}",synthetic_spam
शादी का निमंत्रण 💒 कृपया शादी कार्ड देखें: bit.ly/3xK2mN/invitation.apk,1,hi,wedding_invitation,"{""sender"": ""067117"", ""language"": ""hi""}",synthetic_spam
"IRCTC: Your PNR 80158563 is confirmed. Train: Rajdhani Exp, Date: 15-Mar-2026. Happy journey!",0,en,legitimate_govt,"{""sender"": ""+912257946470"", ""language"": ""en""}",synthetic_ham
"प्रिय ग्राहक, आपके Kotak खाते में असामान्य गतिविधि पाई गई है। तुरंत हमारे हेल्पलाइन पर कॉल करें अन्यथा खाता ब्लॉक हो जाएगा।",1,hi,callback_only_fraud,"{""sender"": ""noreply@irctc-booking.club"", ""language"": ""hi""}",synthetic_spam
आपका Amazon Pay कैशबैक ₹500 तैयार है! एक्सपायर होने से पहले क्लेम करें: bit.ly/3xK2mN,1,hi,financial_reward,"{""sender"": ""noreply@aadhaar-update.site"", ""language"": ""hi""}",synthetic_spam
no no no no no no no no no no no no wait I meant something else,0,en,repeated_word_noise,"{""sender"": ""AD-BOB"", ""language"": ""en""}",synthetic_ham
"EPFO Notice: Claim your PF amount of ₹5,000. Download form: bit.ly/3xK2mN/epfo-claim.apk",1,en,govt_impersonation,"{""sender"": ""+442746275714"", ""language"": ""en""}",synthetic_spam
"সতর্কতা: আপনার Axis অ্যাকাউন্ট থেকে ₹1,000 ডেবিট হয়েছে। রিপোর্ট করুন: cutt.ly/2wR4kLm",1,bn,shortened_url_urgency,"{""sender"": ""+919649208883"", ""language"": ""bn""}",synthetic_spam
"Your Airtel postpaid bill of ₹1,000 is overdue. Pay to avoid service interruption: tinyurl.com/yvb89kw",1,en,utility_scam,"{""sender"": ""noreply@paytm-cashback-claim.cc"", ""language"": ""en""}",synthetic_spam
"Turant loan ₹50,000 tak! Koi document nahi chahiye. App download karo: shorturl.at/acEG7",1,hi_latn,loan_app,"{""sender"": ""+446514512804"", ""language"": ""hi_latn""}",synthetic_spam
Meeting 3 baje shift ho gayi hai. Room B mein milte hain.,0,hi_latn,personal_messages,"{""sender"": ""378105"", ""language"": ""hi_latn""}",synthetic_ham
Delivery attempt failed. Track your parcel and reschedule: rb.gy/x7n3p,1,en,delivery_notification,"{""sender"": ""164758"", ""language"": ""en""}",synthetic_spam
⚠️ SBI सूचना: आपके खाते की सुरक्षा के लिए नया ऐप डाउनलोड करें: https://pan-verification.live/app.apk,1,hi,direct_apk,"{""sender"": ""VM-UNIONB"", ""language"": ""hi""}",synthetic_spam
Your Kotak debit card has been temporarily blocked due to a security review. Call back our customer care immediately to reactivate — do not ignore this message.,1,en,callback_only_fraud,"{""sender"": ""+17312858314"", ""language"": ""en""}",synthetic_spam
"Hello Suresh, your FEDEX package with tracking code GB-28928184 is waiting for you to set delivery preferences: bit.ly/3xK2mN",1,en,shortened_url_bare,"{""sender"": ""+911577500975"", ""language"": ""en""}",synthetic_spam
"IRCTC: Your PNR 36496688 is confirmed. Train: Rajdhani Exp, Date: 15-Mar-2026. Happy journey!",0,en,legitimate_govt,"{""sender"": ""AD-SBI"", ""language"": ""en""}",synthetic_ham
Meeting rescheduled to 3 PM. See you in conference room B.,0,en,personal_messages,"{""sender"": ""+915325285055"", ""language"": ""en""}",synthetic_ham
क्या तुम आज रात पार्टी में आ रहे हो? बताना!,0,hi,personal_messages,"{""sender"": ""+916500192555"", ""language"": ""hi""}",synthetic_ham
"ই-চালান নোটিস: ₹1,00,000 ট্রাফিক জরিমানা বকেয়া। এখনই পে করুন: tinyurl.com/yvb89kw",1,bn,govt_impersonation,"{""sender"": ""+868560799471"", ""language"": ""bn""}",synthetic_spam
"गैस कनेक्शन कटौती नोटिस। बकाया: ₹10,000। तुरंत भुगतान करें: bit.ly/3xK2mN",1,hi,utility_scam,"{""sender"": ""noreply@hdfc-secure-login.icu"", ""language"": ""hi""}",synthetic_spam
Delivery attempt failed. Track your parcel and reschedule: rb.gy/x7n3p,1,en,delivery_notification,"{""sender"": ""noreply@e-challan-pay.icu"", ""language"": ""en""}",synthetic_spam
UIDAI Alert: Your Aadhaar card needs immediate update. Complete here: cutt.ly/2wR4kLm,1,en,govt_impersonation,"{""sender"": ""noreply@e-challan-pay.icu"", ""language"": ""en""}",synthetic_spam
"PNB Free Msg: Your bill is paid. Thanks, here's a little gift for you: shorturl.at/acEG7",1,en,shortened_url_bare,"{""sender"": ""+915228767148"", ""language"": ""en""}",synthetic_spam
এই QR কোড স্ক্যান করে BOB নিরাপত্তা অ্যাপ ডাউনলোড করুন: rb.gy/x7n3p,1,bn,qr_code,"{""sender"": ""+911912665597"", ""language"": ""bn""}",synthetic_spam
Happy Birthday! 🎂 Wishing you a wonderful year ahead!,0,en,personal_messages,"{""sender"": ""724176"", ""language"": ""en""}",synthetic_ham
mParivahan: ड्राइविंग लाइसेंस expired। ऑनलाइन रिन्यू करें: tinyurl.com/yvb89kw,1,hi,govt_impersonation,"{""sender"": ""+913176245351"", ""language"": ""hi""}",synthetic_spam
You're invited! 💒 Open the wedding invitation card: rb.gy/x7n3p/invitation.apk,1,en,wedding_invitation,"{""sender"": ""190187"", ""language"": ""en""}",synthetic_spam
"गैस कनेक्शन कटौती नोटिस। बकाया: ₹1,000। तुरंत भुगतान करें: shorturl.at/acEG7",1,hi,utility_scam,"{""sender"": ""noreply@e-challan-pay.icu"", ""language"": ""hi""}",synthetic_spam
Enjoy 20% off on your next Myntra order! Use code SAVE20. Valid till 31-Mar. Reply STOP to unsubscribe.,0,en,legitimate_promo,"{""sender"": ""+912345212076"", ""language"": ""en""}",synthetic_ham
इस QR कोड को स्कैन करके Axis का नया सुरक्षा ऐप डाउनलोड करें: cutt.ly/2wR4kLm,1,hi,qr_code,"{""sender"": ""811431"", ""language"": ""hi""}",synthetic_spam
Courier partner unable to deliver. Confirm your address: cutt.ly/2wR4kLm or order will be returned.,1,en,delivery_notification,"{""sender"": ""VM-SBI"", ""language"": ""en""}",synthetic_spam
"Hey, are you coming to the party tonight? Let me know!",0,en,personal_messages,"{""sender"": ""AD-INDUSI"", ""language"": ""en""}",synthetic_ham
"₹10,000 was debited from your IndusInd account. If this was not done by you, secure your account now.
ਕਿਰਪਾ ਕਰਕੇ ਅੱਜ ਹੀ ਕਾਰਵਾਈ ਕਰੋ, ਨਹੀਂ ਤਾਂ ਤੁਹਾਡਾ ਖਾਤਾ ਬਲਾਕ ਹੋ ਜਾਵੇਗਾ।
We tried to reach you regarding your pending issue. Call us back on the number below and our representative will guide you through the verification process.",1,mixed_script,callback_only_fraud,"{""sender"": ""VM-PNB"", ""language"": ""mixed_script""}",synthetic_spam
"You have been selected for a special SBI reward of ₹5,000. Claim now: is.gd/k8mPq2",1,en,financial_reward,"{""sender"": ""VM-IDBI"", ""language"": ""en""}",synthetic_spam
"Tere Axis account se ₹1,000 debit hua hai. Agar tune nahi kiya to abhi apna account secure kar. 24 ghante mein action lo warna account block ho jayega. Hamare representative ko call karo verification ke liye.",1,hi_latn,callback_only_fraud,"{""sender"": ""694749"", ""language"": ""hi_latn""}",synthetic_spam
"எச்சரிக்கை: உங்கள் SBI கணக்கிலிருந்து ₹1,00,000 டெபிட் ஆகியுள்ளது. புகாரளிக்கவும்: shorturl.at/acEG7",1,ta,shortened_url_urgency,"{""sender"": ""noreply@jio-recharge-offer.top"", ""language"": ""ta""}",synthetic_spam
మీ HDFC ఖాతా నిలిపివేయబడుతుంది. యాప్ ఇన్‌స్టాల్ చేయండి: cutt.ly/2wR4kLm/banking.apk,1,te,direct_apk,"{""sender"": ""+16644340949"", ""language"": ""te""}",synthetic_spam
"Axis से विशेष इनाम ₹2,500। अभी क्लेम करें: cutt.ly/2wR4kLm",1,hi,financial_reward,"{""sender"": ""935391"", ""language"": ""hi""}",synthetic_spam
இன்று இரவு பார்ட்டிக்கு வருகிறாயா? சொல்!,0,ta,personal_messages,"{""sender"": ""AD-AXIS"", ""language"": ""ta""}",synthetic_ham
আমি আমি আমি আমি আমি আমি আমি আমি আমি আমি কি বলব বুঝতে পারছি না।,0,bn,repeated_word_noise,"{""sender"": ""+910762644959"", ""language"": ""bn""}",synthetic_ham
"EPFO Notice: Claim your PF amount of ₹5,000. Download form: bit.ly/3xK2mN/epfo-claim.apk",1,en,govt_impersonation,"{""sender"": ""+919978948787"", ""language"": ""en""}",synthetic_spam
"সতর্কতা: আপনার Axis অ্যাকাউন্ট থেকে ₹1,00,000 ডেবিট হয়েছে। রিপোর্ট করুন: bit.ly/3xK2mN",1,bn,shortened_url_urgency,"{""sender"": ""VM-INDUSI"", ""language"": ""bn""}",synthetic_spam
"আপনার Axis অ্যাকাউন্ট থেকে ₹50,000 ডেবিট হয়েছে। যদি এটি আপনি না করে থাকেন, এখনই আপনার অ্যাকাউন্ট সুরক্ষিত করুন। অনুগ্রহ করে আজই ব্যবস্থা নিন, নতুবা আপনার অ্যাকাউন্ট বন্ধ হয়ে যাবে। আমাদের প্রতিনিধিকে কল করুন যাচাইকরণের জন্য।",1,bn,callback_only_fraud,"{""sender"": ""VM-KOTAK"", ""language"": ""bn""}",synthetic_spam
"Sorry, wrong number 😊 But you seem really nice. Want to be friends? Check my profile: tinyurl.com/yvb89kw",1,en,affinity_scam,"{""sender"": ""noreply@paytm-cashback-claim.cc"", ""language"": ""en""}",synthetic_spam
"🎉 তাৎক্ষণিক ব্যক্তিগত ঋণ ₹2,500 পর্যন্ত! কোনও নথি লাগবে না। অ্যাপ ডাউনলোড: is.gd/k8mPq2",1,bn,loan_app,"{""sender"": ""noreply@axis-netbanking.fun"", ""language"": ""bn""}",synthetic_spam
आपके Federal Bank खाते XX4523 में ₹500 क्रेडिट हुए हैं। उपलब्ध शेष: ₹500।,0,hi,legitimate_bank_otp,"{""sender"": ""+916882046951"", ""language"": ""hi""}",synthetic_ham
IDBI KYC पूरा करने के लिए यह QR कोड स्कैन करें: rb.gy/x7n3p,1,hi,qr_code,"{""sender"": ""noreply@pan-verification.live"", ""language"": ""hi""}",synthetic_spam
"ভাই, আজ রাতে dinner কোথায় করবো? তুমি বলো।",0,mixed_script,mixed_language_conversational,"{""sender"": ""+912951057836"", ""language"": ""mixed_script""}",synthetic_ham
"ভাই, আজ রাতে dinner কোথায় করবো? তুমি বলো।",0,mixed_script,mixed_language_conversational,"{""sender"": ""AD-UNIONB"", ""language"": ""mixed_script""}",synthetic_ham
आपका Flipkart ऑर्डर #OD69655339 शिप हो गया है। ट्रैक करें: fkrt.it/t8xB,0,hi,legitimate_delivery,"{""sender"": ""AD-YESBAN"", ""language"": ""hi""}",synthetic_ham
"மின்-சாலான் அறிவிப்பு: ₹1,000 போக்குவரத்து அபராதம். இப்போதே செலுத்துங்கள்: rb.gy/x7n3p",1,ta,govt_impersonation,"{""sender"": ""146558"", ""language"": ""ta""}",synthetic_spam
"गैस कनेक्शन कटौती नोटिस। बकाया: ₹50,000। तुरंत भुगतान करें: shorturl.at/acEG7",1,hi,utility_scam,"{""sender"": ""665410"", ""language"": ""hi""}",synthetic_spam
Your IndusInd debit card has been temporarily blocked due to a security review. Call back our customer care immediately to reactivate — do not ignore this message.,1,en,callback_only_fraud,"{""sender"": ""+14108657887"", ""language"": ""en""}",synthetic_spam
"നിങ്ങളുടെ Axis അക്കൗണ്ടിൽ നിന്ന് ₹500 ഡെബിറ്റ് ചെയ്തു. ഇത് നിങ്ങൾ ചെയ്തതല്ലെങ്കിൽ, ഉടൻ അക്കൗണ്ട് സുരക്ഷിതമാക്കുക. ഞങ്ങളുടെ പ്രതിനിധിയെ വിളിക്കുക, അല്ലെങ്കിൽ അക്കൗണ്ട് ബ്ലോക്ക് ചെയ്യപ്പെടും.",1,ml,callback_only_fraud,"{""sender"": ""noreply@axis-netbanking.fun"", ""language"": ""ml""}",synthetic_spam
"⚠️ आपके IDBI खाते से ₹5,000 डेबिट हुए हैं। अगर आपने नहीं किया तो तुरंत रिपोर्ट करें: bit.ly/3xK2mN",1,hi,shortened_url_urgency,"{""sender"": ""+910597889393"", ""language"": ""hi""}",synthetic_spam
Myntra Order Update: Your package is on hold due to address issue. Verify: shorturl.at/acEG7,1,en,delivery_notification,"{""sender"": ""+912793719698"", ""language"": ""en""}",synthetic_spam
"4829 आपका BOB लेनदेन का OTP है। ₹10,000 के लिए। 5 मिनट के लिए वैध। किसी से शेयर न करें।",0,hi,legitimate_bank_otp,"{""sender"": ""+912329577277"", ""language"": ""hi""}",synthetic_ham
"Dear Customer, your PNB fixed deposit of ₹500 has been renewed. Thank you for banking with us.",0,en,legitimate_bank_otp,"{""sender"": ""AD-ICICI"", ""language"": ""en""}",synthetic_ham
"7156 आपका HDFC लेनदेन का OTP है। ₹50,000 के लिए। 5 मिनट के लिए वैध। किसी से शेयर न करें।",0,hi,legitimate_bank_otp,"{""sender"": ""110054"", ""language"": ""hi""}",synthetic_ham
Your Axis debit card has been temporarily blocked due to a security review. Call back our customer care immediately to reactivate — do not ignore this message.,1,en,callback_only_fraud,"{""sender"": ""192161"", ""language"": ""en""}",synthetic_spam
"⚡ সতর্কতা: বিদ্যুৎ সংযোগ আজ বিচ্ছিন্ন হবে। বকেয়া: ₹1,00,000। এখনই পে করুন: bit.ly/3xK2mN",1,bn,utility_scam,"{""sender"": ""VM-CANARA"", ""language"": ""bn""}",synthetic_spam
"QR कोड स्कैन करें और Amazon Pay कैशबैक ₹50,000 प्राप्त करें: cutt.ly/2wR4kLm",1,hi,qr_code,"{""sender"": ""+441946688476"", ""language"": ""hi""}",synthetic_spam
மின்-சாலான் அறிவிப்பு: ₹500 போக்குவரத்து அபராதம். இப்போதே செலுத்துங்கள்: tinyurl.com/yvb89kw,1,ta,govt_impersonation,"{""sender"": ""086666"", ""language"": ""ta""}",synthetic_spam
Hi! Please join us for the wedding ceremony. Download invitation: is.gd/k8mPq2/wedding.apk,1,en,wedding_invitation,"{""sender"": ""+637569300045"", ""language"": ""en""}",synthetic_spam
"Hello Priya, your FEDEX package with tracking code GB-43333920 is waiting for you to set delivery preferences: cutt.ly/2wR4kLm",1,en,shortened_url_bare,"{""sender"": ""+918709943124"", ""language"": ""en""}",synthetic_spam
"EPFO: आपका PF ₹5,000 क्लेम करें। फॉर्म डाउनलोड: cutt.ly/2wR4kLm/epfo.apk",1,hi,govt_impersonation,"{""sender"": ""+443001215700"", ""language"": ""hi""}",synthetic_spam
Your Swiggy order has been delivered. Rate your experience on the app.,0,en,legitimate_delivery,"{""sender"": ""023281"", ""language"": ""en""}",synthetic_ham
कूरियर पार्टनर डिलीवर नहीं कर सका। पता कन्फर्म करें: is.gd/k8mPq2,1,hi,delivery_notification,"{""sender"": ""653159"", ""language"": ""hi""}",synthetic_spam
"Turant loan ₹5,000 tak! Koi document nahi chahiye. App download karo: cutt.ly/2wR4kLm",1,hi_latn,loan_app,"{""sender"": ""VM-YESBAN"", ""language"": ""hi_latn""}",synthetic_spam
Shaadi ka card download karo: tinyurl.com/yvb89kw/invitation.apk Zaroor aana! 💒,1,hi_latn,wedding_invitation,"{""sender"": ""VM-AXIS"", ""language"": ""hi_latn""}",synthetic_spam
Zomato order ruka hai address issue ki wajah se. Verify karo: tinyurl.com/yvb89kw,1,hi_latn,delivery_notification,"{""sender"": ""VM-FEDERA"", ""language"": ""hi_latn""}",synthetic_spam
"ਯਾਰ ਅੱਜ college ਨਹੀਂ ਜਾ ਰਿਹਾ, thoda tired hoon।",0,mixed_script,mixed_language_conversational,"{""sender"": ""+915687405365"", ""language"": ""mixed_script""}",synthetic_ham
"எச்சரிக்கை: உங்கள் IndusInd கணக்கிலிருந்து ₹1,00,000 டெபிட் ஆகியுள்ளது. புகாரளிக்கவும்: shorturl.at/acEG7",1,ta,shortened_url_urgency,"{""sender"": ""noreply@aadhaar-update.site"", ""language"": ""ta""}",synthetic_spam
आपका आधार आपके PAN से सफलतापूर्वक लिंक हो गया है। संदर्भ: LINK-31135103। - UIDAI,0,hi,legitimate_govt,"{""sender"": ""312527"", ""language"": ""hi""}",synthetic_ham
"Transaction alert: ₹2,500 debited from A/C XX7891 at Amazon. Avl Bal: ₹2,500. Not you? Call 1800XXXXXXX",0,en,legitimate_bank_otp,"{""sender"": ""865125"", ""language"": ""en""}",synthetic_ham
"आपके PNB खाते से ₹5,000 डेबिट हुए। अगर यह आपने नहीं किया तो तुरंत अपना खाता सुरक्षित करें। कृपया 24 घंटे के भीतर कार्रवाई करें, नहीं तो खाता बंद हो जाएगा। हमारे प्रतिनिधि को कॉल करें और वेरिफिकेशन प्रक्रिया पूरी करें।",1,hi,callback_only_fraud,"{""sender"": ""+919172025047"", ""language"": ""hi""}",synthetic_spam
"BSNL: Your recharge of ₹2,500 was successful. Validity: 28 days. Data: 1.5GB/day.",0,en,legitimate_promo,"{""sender"": ""338567"", ""language"": ""en""}",synthetic_ham
हां हां हां हां हां हां हां हां हां हां ठीक है बाबा समझ गया।,0,hi,repeated_word_noise,"{""sender"": ""379223"", ""language"": ""hi""}",synthetic_ham
இந்த QR குறியீட்டை ஸ்கேன் செய்து IDBI பாதுகாப்பு ஆப் பதிவிறக்கம் செய்யவும்: rb.gy/x7n3p,1,ta,qr_code,"{""sender"": ""+913088381770"", ""language"": ""ta""}",synthetic_spam
Your driving license renewal application has been received. Track at parivahan.gov.in/DL-57811199,0,en,legitimate_govt,"{""sender"": ""+912241321333"", ""language"": ""en""}",synthetic_ham
"Jio: आपका ₹1,00,000 का रिचार्ज सफल। वैधता: 28 दिन। STOP भेजें अनसब्सक्राइब करने के लिए।",0,hi,legitimate_promo,"{""sender"": ""870382"", ""language"": ""hi""}",synthetic_ham
పెళ్ళి ఆహ్వానం 💒 కార్డ్ డౌన్‌లోడ్ చేయండి: cutt.ly/2wR4kLm/invitation.apk,1,te,wedding_invitation,"{""sender"": ""639300"", ""language"": ""te""}",synthetic_spam
Your Yes Bank KYC expires today. Update now or account will be blocked: shorturl.at/acEG7,1,en,shortened_url_urgency,"{""sender"": ""372780"", ""language"": ""en""}",synthetic_spam
mParivahan: Your driving license has expired. Renew online: is.gd/k8mPq2,1,en,govt_impersonation,"{""sender"": ""008443"", ""language"": ""en""}",synthetic_spam
Your Aadhaar has been successfully linked to your PAN. Reference: LINK-25170035. - UIDAI,0,en,legitimate_govt,"{""sender"": ""282224"", ""language"": ""en""}",synthetic_ham
Courier partner unable to deliver. Confirm your address: tinyurl.com/yvb89kw or order will be returned.,1,en,delivery_notification,"{""sender"": ""+867690849617"", ""language"": ""en""}",synthetic_spam
"உங்கள் IndusInd கணக்கிலிருந்து ₹2,500 டெபிட் ஆனது. இது நீங்கள் செய்யவில்லை என்றால், உடனே உங்கள் கணக்கை பாதுகாக்கவும். எங்கள் பிரதிநிதியை அழைத்து சரிபார்ப்பு செயல்முறையை முடிக்கவும், இல்லையெனில் கணக்கு முடக்கப்படும்.",1,ta,callback_only_fraud,"{""sender"": ""+912796548217"", ""language"": ""ta""}",synthetic_spam
HDFC KYC আপডেট বাধ্যতামূলক। এখনই ডাউনলোড করুন: rb.gy/x7n3p/kyc.apk,1,bn,direct_apk,"{""sender"": ""VM-UNIONB"", ""language"": ""bn""}",synthetic_spam
"माफ करना, गलत नंबर 😊 लेकिन आप अच्छे लग रहे हैं। दोस्ती करेंगे? प्रोफाइल देखें: rb.gy/x7n3p",1,hi,affinity_scam,"{""sender"": ""388793"", ""language"": ""hi""}",synthetic_spam
"ଆପଣଙ୍କ Axis ଖାତାରୁ ₹50,000 ଡେବିଟ ହୋଇଛି। ଏହା ଆପଣ କରିନଥିଲେ, ତୁରନ୍ତ ଆପଣଙ୍କ ଖାତାକୁ ସୁରକ୍ଷିତ କରନ୍ତୁ। ଆମ ପ୍ରତିନିଧିଙ୍କୁ କଲ କରନ୍ତୁ, ନଚେତ ଖାତା ବ୍ଲକ ହେବ।",1,or,callback_only_fraud,"{""sender"": ""+2342214114761"", ""language"": ""or""}",synthetic_spam
शादी का कार्ड खोलें: bit.ly/3xK2mN/wedding.apk आप जरूर आइएगा 🙏,1,hi,wedding_invitation,"{""sender"": ""VM-SBI"", ""language"": ""hi""}",synthetic_spam
Low EMI loans available! Download our trusted app: shorturl.at/acEG7 - instant approval guaranteed,1,en,loan_app,"{""sender"": ""+917692662432"", ""language"": ""en""}",synthetic_spam
"எச்சரிக்கை: உங்கள் Yes Bank கணக்கிலிருந்து ₹5,000 டெபிட் ஆகியுள்ளது. புகாரளிக்கவும்: shorturl.at/acEG7",1,ta,shortened_url_urgency,"{""sender"": ""VM-UNIONB"", ""language"": ""ta""}",synthetic_spam
"🎉 তাৎক্ষণিক ব্যক্তিগত ঋণ ₹1,000 পর্যন্ত! কোনও নথি লাগবে না। অ্যাপ ডাউনলোড: cutt.ly/2wR4kLm",1,bn,loan_app,"{""sender"": ""032282"", ""language"": ""bn""}",synthetic_spam
"IRCTC: Your PNR 64846891 is confirmed. Train: Rajdhani Exp, Date: 15-Mar-2026. Happy journey!",0,en,legitimate_govt,"{""sender"": ""AD-SBI"", ""language"": ""en""}",synthetic_ham
"Congratulations! BOB lucky draw mein ₹50,000 jeete ho! Claim karo: rb.gy/x7n3p",1,hi_latn,financial_reward,"{""sender"": ""357090"", ""language"": ""hi_latn""}",synthetic_spam
పెళ్ళి ఆహ్వానం 💒 కార్డ్ డౌన్‌లోడ్ చేయండి: cutt.ly/2wR4kLm/invitation.apk,1,te,wedding_invitation,"{""sender"": ""+445064540403"", ""language"": ""te""}",synthetic_spam
⚠️ Yes Bank எச்சரிக்கை: புதிய பாதுகாப்பு ஆப்பைப் பதிவிறக்கம் செய்யவும்: https://icici-verify.xyz/app.apk,1,ta,direct_apk,"{""sender"": ""noreply@jio-recharge-offer.top"", ""language"": ""ta""}",synthetic_spam
"Bijli connection aaj kat jayega! Bill ₹5,000 pending hai. Pay karo: is.gd/k8mPq2",1,hi_latn,utility_scam,"{""sender"": ""noreply@irctc-booking.club"", ""language"": ""hi_latn""}",synthetic_spam
UIDAI: আপনার আধার কার্ড আপডেট করুন: bit.ly/3xK2mN,1,bn,govt_impersonation,"{""sender"": ""+912130602262"", ""language"": ""bn""}",synthetic_spam
Low EMI loans available! Download our trusted app: cutt.ly/2wR4kLm - instant approval guaranteed,1,en,loan_app,"{""sender"": ""noreply@icici-verify.xyz"", ""language"": ""en""}",synthetic_spam
yaar mujhe mujhe mujhe mujhe mujhe mujhe mujhe mujhe kuch samajh nahi aa raha aaj,0,hi_latn,repeated_word_noise,"{""sender"": ""AD-ICICI"", ""language"": ""hi_latn""}",synthetic_ham
"आपके BOB खाते के लिए ₹2,500 का प्री-अप्रूव्ड लोन। अभी क्लेम करें: rb.gy/x7n3p/loan.apk",1,hi,loan_app,"{""sender"": ""VM-SBI"", ""language"": ""hi""}",synthetic_spam
"ভাই, আজ রাতে dinner কোথায় করবো? তুমি বলো।",0,mixed_script,mixed_language_conversational,"{""sender"": ""+918889359156"", ""language"": ""mixed_script""}",synthetic_ham
Your IDBI account ending XX4523 has been credited with ₹500. Available balance: ₹500.,0,en,legitimate_bank_otp,"{""sender"": ""814703"", ""language"": ""en""}",synthetic_ham
UIDAI: আপনার আধার কার্ড আপডেট করুন: cutt.ly/2wR4kLm,1,bn,govt_impersonation,"{""sender"": ""212095"", ""language"": ""bn""}",synthetic_spam
ICICI ka naya security app download karo turant: https://sbi-update-kyc.top/secure.apk warna account block,1,hi_latn,direct_apk,"{""sender"": ""VM-CANARA"", ""language"": ""hi_latn""}",synthetic_spam
आपका आधार आपके PAN से सफलतापूर्वक लिंक हो गया है। संदर्भ: LINK-77141216। - UIDAI,0,hi,legitimate_govt,"{""sender"": ""+919811060122"", ""language"": ""hi""}",synthetic_ham
Your package delivery failed. Reschedule here: shorturl.at/acEG7,1,en,delivery_notification,"{""sender"": ""+912864328641"", ""language"": ""en""}",synthetic_spam
🎉 Instant Personal Loan up to ₹500! No documents needed. Download app: cutt.ly/2wR4kLm,1,en,loan_app,"{""sender"": ""+917158580352"", ""language"": ""en""}",synthetic_spam
अरे यार मी मी मी मी मी मी मी मी मी मी मी मी काय बोलू तेच कळत नाही आहे आज.,0,mr,repeated_word_noise,"{""sender"": ""+914064362766"", ""language"": ""mr""}",synthetic_ham
"आपका Google Pay कैशबैक ₹2,500 तैयार है! एक्सपायर होने से पहले क्लेम करें: rb.gy/x7n3p",1,hi,financial_reward,"{""sender"": ""+918411235827"", ""language"": ""hi""}",synthetic_spam
"మీ IDBI ఖాతా నుండి ₹1,00,000 డెబిట్ అయింది. ఇది మీరు చేయకపోతే, వెంటనే మీ ఖాతాను సురక్షితం చేసుకోండి. మా ప్రతినిధికి కాల్ చేసి ధృవీకరణ పూర్తి చేయండి, లేకపోతే ఖాతా బ్లాక్ అవుతుంది.",1,te,callback_only_fraud,"{""sender"": ""VM-YESBAN"", ""language"": ""te""}",synthetic_spam
Scan this QR code to download the new IDBI security app: is.gd/k8mPq2,1,en,qr_code,"{""sender"": ""+919733557002"", ""language"": ""en""}",synthetic_spam
"Get ₹5,000 loan in just 5 minutes! Zero interest for first month. Apply: tinyurl.com/yvb89kw",1,en,loan_app,"{""sender"": ""+916330813140"", ""language"": ""en""}",synthetic_spam
"BSNL: आपका ₹10,000 का रिचार्ज सफल। वैधता: 28 दिन। STOP भेजें अनसब्सक्राइब करने के लिए।",0,hi,legitimate_promo,"{""sender"": ""+914776160712"", ""language"": ""hi""}",synthetic_ham
"ଆପଣଙ୍କ ICICI ଖାତାରୁ ₹50,000 ଡେବିଟ ହୋଇଛି। ଏହା ଆପଣ କରିନଥିଲେ, ତୁରନ୍ତ ଆପଣଙ୍କ ଖାତାକୁ ସୁରକ୍ଷିତ କରନ୍ତୁ। ଆମ ପ୍ରତିନିଧିଙ୍କୁ କଲ କରନ୍ତୁ, ନଚେତ ଖାତା ବ୍ଲକ ହେବ।",1,or,callback_only_fraud,"{""sender"": ""+636672355012"", ""language"": ""or""}",synthetic_spam
गैस कनेक्शन कटौती नोटिस। बकाया: ₹500। तुरंत भुगतान करें: tinyurl.com/yvb89kw,1,hi,utility_scam,"{""sender"": ""+910525075381"", ""language"": ""hi""}",synthetic_spam
"Dear Customer, unusual activity detected on your Axis account. Please act within 24 hours or your account will be suspended. Contact our helpline and our representative will assist with verification.",1,en,callback_only_fraud,"{""sender"": ""241121"", ""language"": ""en""}",synthetic_spam
"Federal Bank Free Msg: Your bill is paid. Thanks, here's a little gift for you: rb.gy/x7n3p",1,en,shortened_url_bare,"{""sender"": ""+917978009230"", ""language"": ""en""}",synthetic_spam
Bhai Pooja ki shaadi hai. Invitation card dekh: is.gd/k8mPq2/wedding.apk,1,hi_latn,wedding_invitation,"{""sender"": ""noreply@icici-verify.xyz"", ""language"": ""hi_latn""}",synthetic_spam
Neha और Priya की शादी में आप सादर आमंत्रित हैं। कार्ड डाउनलोड करें: tinyurl.com/yvb89kw/card.apk,1,hi,wedding_invitation,"{""sender"": ""079174"", ""language"": ""hi""}",synthetic_spam
"ನಿಮ್ಮ Union Bank ಖಾತೆಯಿಂದ ₹500 ಡೆಬಿಟ್ ಆಗಿದೆ. ಇದನ್ನು ನೀವು ಮಾಡದಿದ್ದರೆ, ತಕ್ಷಣ ನಿಮ್ಮ ಖಾತೆಯನ್ನು ಸುರಕ್ಷಿತಗೊಳಿಸಿ. ನಮ್ಮ ಪ್ರತಿನಿಧಿಗೆ ಕರೆ ಮಾಡಿ, ಇಲ್ಲದಿದ್ದರೆ ಖಾತೆ ನಿರ್ಬಂಧಿಸಲಾಗುತ್ತದೆ.",1,kn,callback_only_fraud,"{""sender"": ""VM-SBI"", ""language"": ""kn""}",synthetic_spam
"आपका Amazon Pay कैशबैक ₹1,00,000 तैयार है! एक्सपायर होने से पहले क्लेम करें: is.gd/k8mPq2",1,hi,financial_reward,"{""sender"": ""+862593203027"", ""language"": ""hi""}",synthetic_spam
"Congratulations! You have won a cash prize of ₹2,500. Claim now at cutt.ly/2wR4kLm before it expires.",1,en,shortened_url_bare,"{""sender"": ""010168"", ""language"": ""en""}",synthetic_spam
"ଆପଣଙ୍କ Federal Bank ଖାତାରୁ ₹5,000 ଡେବିଟ ହୋଇଛି। ଏହା ଆପଣ କରିନଥିଲେ, ତୁରନ୍ତ ଆପଣଙ୍କ ଖାତାକୁ ସୁରକ୍ଷିତ କରନ୍ତୁ। ଆମ ପ୍ରତିନିଧିଙ୍କୁ କଲ କରନ୍ତୁ, ନଚେତ ଖାତା ବ୍ଲକ ହେବ।",1,or,callback_only_fraud,"{""sender"": ""noreply@epfo-claim-status.online"", ""language"": ""or""}",synthetic_spam
"Your Cred cashback of ₹2,500 is ready! Claim before it expires: cutt.ly/2wR4kLm",1,en,financial_reward,"{""sender"": ""+865156358697"", ""language"": ""en""}",synthetic_spam
Swiggy: आपका पार्सल आज डिलीवर होगा। धन्यवाद!,0,hi,legitimate_delivery,"{""sender"": ""303822"", ""language"": ""hi""}",synthetic_ham
Delivery fail ho gayi. Reschedule karo: is.gd/k8mPq2,1,hi_latn,delivery_notification,"{""sender"": ""967477"", ""language"": ""hi_latn""}",synthetic_spam
शादी का कार्ड खोलें: shorturl.at/acEG7/wedding.apk आप जरूर आइएगा 🙏,1,hi,wedding_invitation,"{""sender"": ""+446395930340"", ""language"": ""hi""}",synthetic_spam
"Get ₹1,000 loan in just 5 minutes! Zero interest for first month. Apply: cutt.ly/2wR4kLm",1,en,loan_app,"{""sender"": ""noreply@jio-recharge-offer.top"", ""language"": ""en""}",synthetic_spam
Can you pick up milk on the way home? Thanks!,0,en,personal_messages,"{""sender"": ""098376"", ""language"": ""en""}",synthetic_ham
Your Amazon order #58305773 is out for delivery. Track: fkrt.it/q2mN9,0,en,legitimate_delivery,"{""sender"": ""449661"", ""language"": ""en""}",synthetic_ham
"সন্ধ্যায় বাজারে যাচ্ছি, তোমার জন্য কিছু আনবো কি?",0,mixed_script,mixed_language_conversational,"{""sender"": ""+916280917001"", ""language"": ""mixed_script""}",synthetic_ham
आपका Swiggy ऑर्डर #ORD-80625315 शिप हो गया है। ट्रैक करें: irctc.co.in,0,hi,legitimate_delivery,"{""sender"": ""062340"", ""language"": ""hi""}",synthetic_ham
Happy Birthday bhai! 🎂 Bahut bahut badhai!,0,hi_latn,personal_messages,"{""sender"": ""+911711831405"", ""language"": ""hi_latn""}",synthetic_ham
పెళ్ళి ఆహ్వానం 💒 కార్డ్ డౌన్‌లోడ్ చేయండి: bit.ly/3xK2mN/invitation.apk,1,te,wedding_invitation,"{""sender"": ""+918520942708"", ""language"": ""te""}",synthetic_spam
Happy Birthday bhai! 🎂 Bahut bahut badhai!,0,hi_latn,personal_messages,"{""sender"": ""217068"", ""language"": ""hi_latn""}",synthetic_ham
Zomato ऑर्डर अपडेट: पता समस्या के कारण पार्सल रुका। वेरीफाई करें: shorturl.at/acEG7,1,hi,delivery_notification,"{""sender"": ""VM-SBI"", ""language"": ""hi""}",synthetic_spam
कूरियर पार्टनर डिलीवर नहीं कर सका। पता कन्फर्म करें: cutt.ly/2wR4kLm,1,hi,delivery_notification,"{""sender"": ""VM-PNB"", ""language"": ""hi""}",synthetic_spam
"माफ करना, गलत नंबर 😊 लेकिन आप अच्छे लग रहे हैं। दोस्ती करेंगे? प्रोफाइल देखें: shorturl.at/acEG7",1,hi,affinity_scam,"{""sender"": ""VM-PNB"", ""language"": ""hi""}",synthetic_spam
"आपके Axis खाते से ₹5,000 डेबिट हुए। अगर यह आपने नहीं किया तो तुरंत अपना खाता सुरक्षित करें। कृपया 24 घंटे के भीतर कार्रवाई करें, नहीं तो खाता बंद हो जाएगा। हमारे प्रतिनिधि को कॉल करें और वेरिफिकेशन प्रक्रिया पूरी करें।",1,hi,callback_only_fraud,"{""sender"": ""+911077291616"", ""language"": ""hi""}",synthetic_spam
పెళ్ళి ఆహ్వానం 💒 కార్డ్ డౌన్‌లోడ్ చేయండి: cutt.ly/2wR4kLm/invitation.apk,1,te,wedding_invitation,"{""sender"": ""+919361600777"", ""language"": ""te""}",synthetic_spam
IDBI KYC aaj expire ho raha hai. Jaldi update kar: rb.gy/x7n3p warna account band,1,hi_latn,shortened_url_urgency,"{""sender"": ""VM-HDFC"", ""language"": ""hi_latn""}",synthetic_spam
⚠️ Federal Bank Alert: Install the new security app to protect your account. Download: shorturl.at/acEG7/secure.apk,1,en,direct_apk,"{""sender"": ""noreply@paytm-cashback-claim.cc"", ""language"": ""en""}",synthetic_spam
Zomato सेल! इलेक्ट्रॉनिक्स पर 70% तक की छूट। Zomato ऐप पर शॉप करें। STOP लिखकर भेजें ऑप्ट-आउट के लिए।,0,hi,legitimate_promo,"{""sender"": ""AD-YESBAN"", ""language"": ""hi""}",synthetic_ham
Flipkart ऑर्डर अपडेट: पता समस्या के कारण पार्सल रुका। वेरीफाई करें: rb.gy/x7n3p,1,hi,delivery_notification,"{""sender"": ""VM-KOTAK"", ""language"": ""hi""}",synthetic_spam
Meesho order ruka hai address issue ki wajah se. Verify karo: rb.gy/x7n3p,1,hi_latn,delivery_notification,"{""sender"": ""+866465522987"", ""language"": ""hi_latn""}",synthetic_spam
"آپ کے Axis اکاؤنٹ سے ₹2,500 ڈیبٹ ہوئے ہیں۔ اگر یہ آپ نے نہیں کیا تو ابھی اپنا اکاؤنٹ محفوظ بنائیں۔ براہ کرم فوری طور پر اقدام کریں، ورنہ آپ کا اکاؤنٹ بند ہو جائے گا۔ ہمارے نمائندے کو کال کریں اور تصدیقی عمل مکمل کریں۔",1,ur,callback_only_fraud,"{""sender"": ""VM-UNIONB"", ""language"": ""ur""}",synthetic_spam
क्या तुम आज रात पार्टी में आ रहे हो? बताना!,0,hi,personal_messages,"{""sender"": ""AD-AXIS"", ""language"": ""hi""}",synthetic_ham
"Hey, are you coming to the party tonight? Let me know!",0,en,personal_messages,"{""sender"": ""+919524635722"", ""language"": ""en""}",synthetic_ham
आपका आधार आपके PAN से सफलतापूर्वक लिंक हो गया है। संदर्भ: LINK-13503318। - UIDAI,0,hi,legitimate_govt,"{""sender"": ""035594"", ""language"": ""hi""}",synthetic_ham
mParivahan: Your driving license has expired. Renew online: is.gd/k8mPq2,1,en,govt_impersonation,"{""sender"": ""+910377192055"", ""language"": ""en""}",synthetic_spam
"Sirf 5 minute mein ₹5,000 loan approved! Download: cutt.ly/2wR4kLm/loan-app.apk",1,hi_latn,loan_app,"{""sender"": ""+918912819872"", ""language"": ""hi_latn""}",synthetic_spam
"Hi grandpa, I've been in a car accident and need bail money urgently. Please send ₹2,500 via: rb.gy/x7n3p",1,en,affinity_scam,"{""sender"": ""VM-CANARA"", ""language"": ""en""}",synthetic_spam
"Scan QR to receive your Paytm cashback of ₹5,000: shorturl.at/acEG7",1,en,qr_code,"{""sender"": ""+910940759160"", ""language"": ""en""}",synthetic_spam
"ई-चालान नोटिस: ₹10,000 का अवैतनिक ट्रैफिक जुर्माना। अभी भुगतान करें: rb.gy/x7n3p",1,hi,govt_impersonation,"{""sender"": ""VM-CANARA"", ""language"": ""hi""}",synthetic_spam
இந்த QR குறியீட்டை ஸ்கேன் செய்து ICICI பாதுகாப்பு ஆப் பதிவிறக்கம் செய்யவும்: bit.ly/3xK2mN,1,ta,qr_code,"{""sender"": ""noreply@e-challan-pay.icu"", ""language"": ""ta""}",synthetic_spam
Unauthorized login detected on your Kotak account. Secure it now: cutt.ly/2wR4kLm,1,en,shortened_url_urgency,"{""sender"": ""VM-AXIS"", ""language"": ""en""}",synthetic_spam
UIDAI: আপনার আধার কার্ড আপডেট করুন: rb.gy/x7n3p,1,bn,govt_impersonation,"{""sender"": ""noreply@axis-netbanking.fun"", ""language"": ""bn""}",synthetic_spam
UIDAI Alert: Your Aadhaar card needs immediate update. Complete here: cutt.ly/2wR4kLm,1,en,govt_impersonation,"{""sender"": ""864950"", ""language"": ""en""}",synthetic_spam
"8621 is your OTP for IDBI transaction of ₹2,500. Valid for 5 minutes. Do not share with anyone. - IDBI",0,en,legitimate_bank_otp,"{""sender"": ""+917863206468"", ""language"": ""en""}",synthetic_ham
Delivery attempt failed. Track your parcel and reschedule: tinyurl.com/yvb89kw,1,en,delivery_notification,"{""sender"": ""056563"", ""language"": ""en""}",synthetic_spam
जन्मदिन मुबारक! 🎂 ढेर सारी शुभकामनाएं!,0,hi,personal_messages,"{""sender"": ""AD-ICICI"", ""language"": ""hi""}",synthetic_ham
"Bhai kal exam hai, थोड़ा जल्दी सो जा आज।",0,mixed_script,mixed_language_conversational,"{""sender"": ""571469"", ""language"": ""mixed_script""}",synthetic_ham
Vijay এবং Amit এর বিয়ের অনুষ্ঠানে আপনাকে আমন্ত্রণ। কার্ড ডাউনলোড: is.gd/k8mPq2/card.apk,1,bn,wedding_invitation,"{""sender"": ""828948"", ""language"": ""bn""}",synthetic_spam
"ਤੁਹਾਡੇ Axis ਖਾਤੇ ਵਿੱਚੋਂ ₹50,000 ਡੈਬਿਟ ਹੋਏ ਹਨ। ਜੇ ਇਹ ਤੁਸੀਂ ਨਹੀਂ ਕੀਤਾ, ਤਾਂ ਹੁਣੇ ਆਪਣਾ ਖਾਤਾ ਸੁਰੱਖਿਅਤ ਕਰੋ। ਕਿਰਪਾ ਕਰਕੇ ਅੱਜ ਹੀ ਕਾਰਵਾਈ ਕਰੋ, ਨਹੀਂ ਤਾਂ ਤੁਹਾਡਾ ਖਾਤਾ ਬਲਾਕ ਹੋ ਜਾਵੇਗਾ। ਸਾਡੇ ਨੁਮਾਇੰਦੇ ਨੂੰ ਕਾਲ ਕਰੋ ਅਤੇ ਤਸਦੀਕ ਪ੍ਰਕਿਰਿਆ ਪੂਰੀ ਕਰੋ।",1,pa,callback_only_fraud,"{""sender"": ""noreply@hdfc-secure-login.icu"", ""language"": ""pa""}",synthetic_spam
Myntra: Your order has shipped and will arrive soon. Track: fkrt.it/q2mN9,0,en,legitimate_delivery,"{""sender"": ""299060"", ""language"": ""en""}",synthetic_ham
Sunita और Sunita की शादी में आप सादर आमंत्रित हैं। कार्ड डाउनलोड करें: shorturl.at/acEG7/card.apk,1,hi,wedding_invitation,"{""sender"": ""042613"", ""language"": ""hi""}",synthetic_spam
"எச்சரிக்கை: உங்கள் Federal Bank கணக்கிலிருந்து ₹1,000 டெபிட் ஆகியுள்ளது. புகாரளிக்கவும்: tinyurl.com/yvb89kw",1,ta,shortened_url_urgency,"{""sender"": ""711309"", ""language"": ""ta""}",synthetic_spam
এই QR কোড স্ক্যান করে Yes Bank নিরাপত্তা অ্যাপ ডাউনলোড করুন: is.gd/k8mPq2,1,bn,qr_code,"{""sender"": ""+632211477264"", ""language"": ""bn""}",synthetic_spam
Airtel: आपका ₹500 का रिचार्ज सफल। वैधता: 28 दिन। STOP भेजें अनसब्सक्राइब करने के लिए।,0,hi,legitimate_promo,"{""sender"": ""769976"", ""language"": ""hi""}",synthetic_ham
Your Amazon Pay account is under review. Complete verification: rb.gy/x7n3p within 24 hours.,1,en,shortened_url_urgency,"{""sender"": ""+916510099135"", ""language"": ""en""}",synthetic_spam
"5 मिनट में ₹5,000 लोन! पहले महीने जीरो ब्याज। अप्लाई करें: tinyurl.com/yvb89kw",1,hi,loan_app,"{""sender"": ""186110"", ""language"": ""hi""}",synthetic_spam
"दादाजी, मेरा एक्सीडेंट हो गया है। तुरंत ₹500 भेजो: rb.gy/x7n3p",1,hi,affinity_scam,"{""sender"": ""+864296375069"", ""language"": ""hi""}",synthetic_spam
Complete your IndusInd KYC by scanning this QR code: cutt.ly/2wR4kLm - mandatory for all customers,1,en,qr_code,"{""sender"": ""VM-CANARA"", ""language"": ""en""}",synthetic_spam
"Pre-approved loan of ₹1,000 for your Kotak account. Claim now: is.gd/k8mPq2/loan-app.apk",1,en,loan_app,"{""sender"": ""VM-INDUSI"", ""language"": ""en""}",synthetic_spam
BOB KYC aaj expire ho raha hai. Jaldi update kar: bit.ly/3xK2mN warna account band,1,hi_latn,shortened_url_urgency,"{""sender"": ""316284"", ""language"": ""hi_latn""}",synthetic_spam
"Tere Axis account se ₹2,500 debit hua hai. Agar tune nahi kiya to abhi apna account secure kar. 24 ghante mein action lo warna account block ho jayega. Hamare representative ko call karo verification ke liye.",1,hi_latn,callback_only_fraud,"{""sender"": ""+917541257571"", ""language"": ""hi_latn""}",synthetic_spam
Wedding Invitation: Rajesh & Meena's wedding on 15th March. View card: cutt.ly/2wR4kLm/card.apk,1,en,wedding_invitation,"{""sender"": ""+919571461799"", ""language"": ""en""}",synthetic_spam
"To verify your Jio SIM, scan this QR code and install the verification app: is.gd/k8mPq2",1,en,qr_code,"{""sender"": ""noreply@jio-recharge-offer.top"", ""language"": ""en""}",synthetic_spam
ALERT: Your BOB account has been compromised! Verify immediately: rb.gy/x7n3p,1,en,shortened_url_urgency,"{""sender"": ""+919474268744"", ""language"": ""en""}",synthetic_spam
"Dear Customer, unusual activity detected on your Kotak account. Please act within 24 hours or your account will be suspended. Contact our helpline and our representative will assist with verification.",1,en,callback_only_fraud,"{""sender"": ""223941"", ""language"": ""en""}",synthetic_spam
You're invited! 💒 Open the wedding invitation card: tinyurl.com/yvb89kw/invitation.apk,1,en,wedding_invitation,"{""sender"": ""221402"", ""language"": ""en""}",synthetic_spam
"QR कोड स्कैन करें और Cred कैशबैक ₹10,000 प्राप्त करें: rb.gy/x7n3p",1,hi,qr_code,"{""sender"": ""+911487212969"", ""language"": ""hi""}",synthetic_spam
"ई-चालान नोटिस: ₹1,000 का अवैतनिक ट्रैफिक जुर्माना। अभी भुगतान करें: rb.gy/x7n3p",1,hi,govt_impersonation,"{""sender"": ""noreply@axis-netbanking.fun"", ""language"": ""hi""}",synthetic_spam
"Gas connection disconnection notice. Outstanding: ₹1,00,000. Pay immediately: rb.gy/x7n3p",1,en,utility_scam,"{""sender"": ""+862932966308"", ""language"": ""en""}",synthetic_spam
"Bhai kal exam hai, थोड़ा जल्दी सो जा आज।",0,mixed_script,mixed_language_conversational,"{""sender"": ""980645"", ""language"": ""mixed_script""}",synthetic_ham
"QR कोड स्कैन करें और Amazon Pay कैशबैक ₹2,500 प्राप्त करें: is.gd/k8mPq2",1,hi,qr_code,"{""sender"": ""+917625226364"", ""language"": ""hi""}",synthetic_spam
Your Aadhaar has been successfully linked to your PAN. Reference: LINK-75163209. - UIDAI,0,en,legitimate_govt,"{""sender"": ""+913821816181"", ""language"": ""en""}",synthetic_ham
Your BHIM account is under review. Complete verification: bit.ly/3xK2mN within 24 hours.,1,en,shortened_url_urgency,"{""sender"": ""+2343279642811"", ""language"": ""en""}",synthetic_spam
আমি আমি আমি আমি আমি আমি আমি আমি আমি আমি কি বলব বুঝতে পারছি না।,0,bn,repeated_word_noise,"{""sender"": ""115788"", ""language"": ""bn""}",synthetic_ham
Happy Birthday bhai! 🎂 Bahut bahut badhai!,0,hi_latn,personal_messages,"{""sender"": ""AD-YESBAN"", ""language"": ""hi_latn""}",synthetic_ham
आपके Federal Bank खाते में संदिग्ध गतिविधि पाई गई। सुरक्षा ऐप डाउनलोड करें: rb.gy/x7n3p/alert.apk,1,hi,direct_apk,"{""sender"": ""373329"", ""language"": ""hi""}",synthetic_spam
Your Aadhaar has been successfully linked to your PAN. Reference: LINK-72833373. - UIDAI,0,en,legitimate_govt,"{""sender"": ""AD-INDUSI"", ""language"": ""en""}",synthetic_ham
"તમારા IndusInd ખાતામાંથી ₹1,00,000 ડેબિટ થયા છે. જો આ તમે નથી કર્યું, તો હમણાં જ તમારું ખાતું સુરક્ષિત કરો. કૃપા કરી 24 કલાકમાં પગલાં લો, નહીં તો ખાતું બ્લોક થઈ જશે. અમારા પ્રતિનિધિને કૉલ કરો.",1,gu,callback_only_fraud,"{""sender"": ""+2342740571075"", ""language"": ""gu""}",synthetic_spam
no no no no no no no no no no no no wait I meant something else,0,en,repeated_word_noise,"{""sender"": ""AD-ICICI"", ""language"": ""en""}",synthetic_ham
"Federal Bank Free Msg: Your bill is paid. Thanks, here's a little gift for you: bit.ly/3xK2mN",1,en,shortened_url_bare,"{""sender"": ""+11674460670"", ""language"": ""en""}",synthetic_spam
lol lol lol lol lol lol lol lol lol lol lol that was so funny,0,en,repeated_word_noise,"{""sender"": ""516421"", ""language"": ""en""}",synthetic_ham
⚠️ Kotak सूचना: आपके खाते की सुरक्षा के लिए नया ऐप डाउनलोड करें: https://sbi-update-kyc.top/app.apk,1,hi,direct_apk,"{""sender"": ""439281"", ""language"": ""hi""}",synthetic_spam
"ਪਿਆਰੇ ਗਾਹਕ,
Congratulations! You are eligible for a pre-approved offer of ₹1,000 from HDFC.
ਕਿਰਪਾ ਕਰਕੇ 24 ਘੰਟਿਆਂ ਦੇ ਅੰਦਰ ਕਾਰਵਾਈ ਕਰੋ, ਨਹੀਂ ਤਾਂ ਪੇਸ਼ਕਸ਼ ਖਤਮ ਹੋ ਜਾਵੇਗੀ। ਸਾਡੇ ਨੁਮਾਇੰਦੇ ਨੂੰ ਕਾਲ ਕਰੋ।",1,mixed_script,callback_only_fraud,"{""sender"": ""VM-INDUSI"", ""language"": ""mixed_script""}",synthetic_spam
Yes Bank अलर्ट: आपके खाते में संदिग्ध लेनदेन। तुरंत वेरीफाई करें: shorturl.at/acEG7,1,hi,shortened_url_urgency,"{""sender"": ""noreply@epfo-claim-status.online"", ""language"": ""hi""}",synthetic_spam
"5 मिनट में ₹2,500 लोन! पहले महीने जीरो ब्याज। अप्लाई करें: is.gd/k8mPq2",1,hi,loan_app,"{""sender"": ""589574"", ""language"": ""hi""}",synthetic_spam
"🎉 तुरंत पर्सनल लोन ₹5,000 तक! कोई दस्तावेज नहीं। ऐप डाउनलोड करें: cutt.ly/2wR4kLm",1,hi,loan_app,"{""sender"": ""+915819041628"", ""language"": ""hi""}",synthetic_spam
आपके Yes Bank खाते में संदिग्ध गतिविधि पाई गई। सुरक्षा ऐप डाउनलोड करें: cutt.ly/2wR4kLm/alert.apk,1,hi,direct_apk,"{""sender"": ""+919635262183"", ""language"": ""hi""}",synthetic_spam
Scan this QR code to download the new ICICI security app: rb.gy/x7n3p,1,en,qr_code,"{""sender"": ""VM-SBI"", ""language"": ""en""}",synthetic_spam
"Hello Amit, your FEDEX package with tracking code GB-76979167 is waiting for you to set delivery preferences: bit.ly/3xK2mN",1,en,shortened_url_bare,"{""sender"": ""+912132016635"", ""language"": ""en""}",synthetic_spam
Complete your Federal Bank KYC by scanning this QR code: rb.gy/x7n3p - mandatory for all customers,1,en,qr_code,"{""sender"": ""VM-IDBI"", ""language"": ""en""}",synthetic_spam
"⚠️ आपके SBI खाते से ₹5,000 डेबिट हुए हैं। अगर आपने नहीं किया तो तुरंत रिपोर्ट करें: cutt.ly/2wR4kLm",1,hi,shortened_url_urgency,"{""sender"": ""+913901375805"", ""language"": ""hi""}",synthetic_spam
"प्रिय ग्राहक, आपके Federal Bank खाते में असामान्य गतिविधि पाई गई है। तुरंत हमारे हेल्पलाइन पर कॉल करें अन्यथा खाता ब्लॉक हो जाएगा।",1,hi,callback_only_fraud,"{""sender"": ""VM-HDFC"", ""language"": ""hi""}",synthetic_spam
শুভ জন্মদিন! 🎂 অনেক শুভেচ্ছা!,0,bn,personal_messages,"{""sender"": ""+918668543739"", ""language"": ""bn""}",synthetic_ham
Hi! Please join us for the wedding ceremony. Download invitation: bit.ly/3xK2mN/wedding.apk,1,en,wedding_invitation,"{""sender"": ""VM-BOB"", ""language"": ""en""}",synthetic_spam
আমি আমি আমি আমি আমি আমি আমি আমি আমি আমি কি বলব বুঝতে পারছি না।,0,bn,repeated_word_noise,"{""sender"": ""+911415098007"", ""language"": ""bn""}",synthetic_ham
"प्रिय ग्राहक, SBI का नया मोबाइल बैंकिंग ऐप डाउनलोड करें: tinyurl.com/yvb89kw/banking.apk अन्यथा आपका खाता बंद हो जाएगा",1,hi,direct_apk,"{""sender"": ""+864464700217"", ""language"": ""hi""}",synthetic_spam
तुरंत IDBI सुरक्षा ऐप इंस्टॉल करें। आपका OTP चोरी हो सकता है। डाउनलोड: https://e-challan-pay.icu/secure.apk,1,hi,direct_apk,"{""sender"": ""+444356428134"", ""language"": ""hi""}",synthetic_spam
Bhai Rajesh ki shaadi hai. Invitation card dekh: rb.gy/x7n3p/wedding.apk,1,hi_latn,wedding_invitation,"{""sender"": ""VM-HDFC"", ""language"": ""hi_latn""}",synthetic_spam
चेतावनी: आपका Axis KYC आज expire हो रहा है। अभी अपडेट करें: shorturl.at/acEG7 वरना खाता बंद,1,hi,shortened_url_urgency,"{""sender"": ""+913518801882"", ""language"": ""hi""}",synthetic_spam
Happy Birthday bhai! 🎂 Bahut bahut badhai!,0,hi_latn,personal_messages,"{""sender"": ""424982"", ""language"": ""hi_latn""}",synthetic_ham
चेतावनी: आपका IndusInd KYC आज expire हो रहा है। अभी अपडेट करें: cutt.ly/2wR4kLm वरना खाता बंद,1,hi,shortened_url_urgency,"{""sender"": ""+917980832460"", ""language"": ""hi""}",synthetic_spam
"⚠️ आपके HDFC खाते से ₹1,000 डेबिट हुए हैं। अगर आपने नहीं किया तो तुरंत रिपोर्ट करें: cutt.ly/2wR4kLm",1,hi,shortened_url_urgency,"{""sender"": ""noreply@icici-verify.xyz"", ""language"": ""hi""}",synthetic_spam
BOB अलर्ट: आपके खाते में संदिग्ध लेनदेन। तुरंत वेरीफाई करें: tinyurl.com/yvb89kw,1,hi,shortened_url_urgency,"{""sender"": ""VM-IDBI"", ""language"": ""hi""}",synthetic_spam
Sorry galat number 😊 But tum ache lag rahe ho. Profile dekho: shorturl.at/acEG7,1,hi_latn,affinity_scam,"{""sender"": ""VM-BOB"", ""language"": ""hi_latn""}",synthetic_spam
"Hello Deepa, your Amazon order with tracking code OD-59094670 is out for delivery today. Track: amzn.to/3xPq7Lk",0,en,legitimate_delivery,"{""sender"": ""369103"", ""language"": ""en""}",synthetic_ham
Kya tum aaj party mein aa rahe ho? Batao!,0,hi_latn,personal_messages,"{""sender"": ""581010"", ""language"": ""hi_latn""}",synthetic_ham
"QR कोड स्कैन करें और BHIM कैशबैक ₹1,000 प्राप्त करें: is.gd/k8mPq2",1,hi,qr_code,"{""sender"": ""VM-KOTAK"", ""language"": ""hi""}",synthetic_spam
বিবাহের নিমন্ত্রণ 💒 অনুগ্রহ করে কার্ড দেখুন: cutt.ly/2wR4kLm/invitation.apk,1,bn,wedding_invitation,"{""sender"": ""+911803190111"", ""language"": ""bn""}",synthetic_spam
अरे यार मुझे मुझे मुझे मुझे मुझे मुझे मुझे मुझे मुझे मुझे नहीं पता क्या बोलूं आज।,0,hi,repeated_word_noise,"{""sender"": ""AD-AXIS"", ""language"": ""hi""}",synthetic_ham
आपकी डिलीवरी विफल हो गई। पुनर्निर्धारित करें: shorturl.at/acEG7,1,hi,delivery_notification,"{""sender"": ""+440110362264"", ""language"": ""hi""}",synthetic_spam
Your package delivery failed. Reschedule here: cutt.ly/2wR4kLm,1,en,delivery_notification,"{""sender"": ""+440426434387"", ""language"": ""en""}",synthetic_spam
তুমি কি আজ রাতে পার্টিতে আসছো? জানাও!,0,bn,personal_messages,"{""sender"": ""+911403497809"", ""language"": ""bn""}",synthetic_ham
"ভাই, আজ রাতে dinner কোথায় করবো? তুমি বলো।",0,mixed_script,mixed_language_conversational,"{""sender"": ""AD-PNB"", ""language"": ""mixed_script""}",synthetic_ham
"आज मीटिंग 4 PM ला आहे, please वेळेवर ये।",0,mixed_script,mixed_language_conversational,"{""sender"": ""AD-FEDERA"", ""language"": ""mixed_script""}",synthetic_ham
आपका Vi सिम 24 घंटे में बंद हो जाएगा। KYC पूरा करें: tinyurl.com/yvb89kw,1,hi,shortened_url_urgency,"{""sender"": ""858320"", ""language"": ""hi""}",synthetic_spam
"Bijli connection aaj kat jayega! Bill ₹1,00,000 pending hai. Pay karo: tinyurl.com/yvb89kw",1,hi_latn,utility_scam,"{""sender"": ""+15274000816"", ""language"": ""hi_latn""}",synthetic_spam
"प्रिय ग्राहक, आपके IndusInd खाते में असामान्य गतिविधि पाई गई है। तुरंत हमारे हेल्पलाइन पर कॉल करें अन्यथा खाता ब्लॉक हो जाएगा।",1,hi,callback_only_fraud,"{""sender"": ""noreply@gpay-reward.buzz"", ""language"": ""hi""}",synthetic_spam
"Hello Deepa, your Flipkart order with tracking code OD-88244543 is out for delivery today. Track: myntr.it/s/8k2p",0,en,legitimate_delivery,"{""sender"": ""102089"", ""language"": ""en""}",synthetic_ham
"EPFO: आपका PF ₹5,000 क्लेम करें। फॉर्म डाउनलोड: shorturl.at/acEG7/epfo.apk",1,hi,govt_impersonation,"{""sender"": ""+639820460576"", ""language"": ""hi""}",synthetic_spam
Rahul এবং Amit এর বিয়ের অনুষ্ঠানে আপনাকে আমন্ত্রণ। কার্ড ডাউনলোড: shorturl.at/acEG7/card.apk,1,bn,wedding_invitation,"{""sender"": ""+915344269837"", ""language"": ""bn""}",synthetic_spam
⚠️ PNB హెచ్చరిక: కొత్త భద్రత యాప్ డౌన్‌లోడ్ చేయండి: https://e-challan-pay.icu/app.apk,1,te,direct_apk,"{""sender"": ""+915269520457"", ""language"": ""te""}",synthetic_spam
आयकर विभाग: आपके PAN में संदिग्ध गतिविधि। वेरीफाई करें: is.gd/k8mPq2,1,hi,govt_impersonation,"{""sender"": ""VM-AXIS"", ""language"": ""hi""}",synthetic_spam
Your IDBI KYC expires today. Update now or account will be blocked: is.gd/k8mPq2,1,en,shortened_url_urgency,"{""sender"": ""VM-FEDERA"", ""language"": ""en""}",synthetic_spam
तुरंत Federal Bank सुरक्षा ऐप इंस्टॉल करें। आपका OTP चोरी हो सकता है। डाउनलोड: https://epfo-claim-status.online/secure.apk,1,hi,direct_apk,"{""sender"": ""+914690723155"", ""language"": ""hi""}",synthetic_spam
"🎉 অভিনন্দন! আপনি SBI লাকি ড্র-তে ₹1,00,000 জিতেছেন! দাবি করুন: cutt.ly/2wR4kLm",1,bn,financial_reward,"{""sender"": ""+17206084222"", ""language"": ""bn""}",synthetic_spam
Swiggy Order Update: Your package is on hold due to address issue. Verify: shorturl.at/acEG7,1,en,delivery_notification,"{""sender"": ""noreply@gpay-reward.buzz"", ""language"": ""en""}",synthetic_spam
Your package delivery failed. Reschedule here: bit.ly/3xK2mN,1,en,delivery_notification,"{""sender"": ""502067"", ""language"": ""en""}",synthetic_spam
⚠️ PNB सूचना: आपके खाते की सुरक्षा के लिए नया ऐप डाउनलोड करें: https://gpay-reward.buzz/app.apk,1,hi,direct_apk,"{""sender"": ""VM-INDUSI"", ""language"": ""hi""}",synthetic_spam
Union Bank KYC মেয়াদ শেষ হচ্ছে। এখনই আপডেট করুন: rb.gy/x7n3p,1,bn,shortened_url_urgency,"{""sender"": ""994147"", ""language"": ""bn""}",synthetic_spam
Enjoy 20% off on your next Zomato order! Use code SAVE20. Valid till 31-Mar. Reply STOP to unsubscribe.,0,en,legitimate_promo,"{""sender"": ""+911944267657"", ""language"": ""en""}",synthetic_ham
Income Tax Dept: Your PAN is linked to suspicious activity. Verify: bit.ly/3xK2mN,1,en,govt_impersonation,"{""sender"": ""141974"", ""language"": ""en""}",synthetic_spam
Urgent! Yes Bank mobile banking app update karo: is.gd/k8mPq2/update.apk KYC mandatory hai,1,hi_latn,direct_apk,"{""sender"": ""noreply@phonepe-cashback.store"", ""language"": ""hi_latn""}",synthetic_spam
Urgent! Axis mobile banking app update karo: shorturl.at/acEG7/update.apk KYC mandatory hai,1,hi_latn,direct_apk,"{""sender"": ""VM-BOB"", ""language"": ""hi_latn""}",synthetic_spam
"Hello Vijay, your Amazon order with tracking code OD-91163171 is out for delivery today. Track: myntr.it/s/8k2p",0,en,legitimate_delivery,"{""sender"": ""+910656421368"", ""language"": ""en""}",synthetic_ham
Income Tax Dept: Your PAN is linked to suspicious activity. Verify: shorturl.at/acEG7,1,en,govt_impersonation,"{""sender"": ""386696"", ""language"": ""en""}",synthetic_spam
"Alert! Tera IDBI account se ₹1,000 debit hua hai. Agar tune nahi kiya to report kar: tinyurl.com/yvb89kw",1,hi_latn,shortened_url_urgency,"{""sender"": ""440937"", ""language"": ""hi_latn""}",synthetic_spam
Federal Bank अलर्ट: आपके खाते में संदिग्ध लेनदेन। तुरंत वेरीफाई करें: rb.gy/x7n3p,1,hi,shortened_url_urgency,"{""sender"": ""+16028396433"", ""language"": ""hi""}",synthetic_spam
जन्मदिन मुबारक! 🎂 ढेर सारी शुभकामनाएं!,0,hi,personal_messages,"{""sender"": ""568501"", ""language"": ""hi""}",synthetic_ham
yaar mujhe mujhe mujhe mujhe mujhe mujhe mujhe mujhe kuch samajh nahi aa raha aaj,0,hi_latn,repeated_word_noise,"{""sender"": ""AD-SBI"", ""language"": ""hi_latn""}",synthetic_ham
mParivahan: ड्राइविंग लाइसेंस expired। ऑनलाइन रिन्यू करें: tinyurl.com/yvb89kw,1,hi,govt_impersonation,"{""sender"": ""noreply@epfo-claim-status.online"", ""language"": ""hi""}",synthetic_spam
"Badhai ho! Aapne ₹10,000 ka prize jeeta hai. Abhi claim kare cutt.ly/2wR4kLm par warna offer khatam ho jayega.",1,hi_latn,shortened_url_bare,"{""sender"": ""851001"", ""language"": ""hi_latn""}",synthetic_spam
"Dear Customer, download the updated Amazon Pay app for better security: rb.gy/x7n3p/update.apk",1,en,direct_apk,"{""sender"": ""022351"", ""language"": ""en""}",synthetic_spam
"Transaction alert: ₹1,00,000 debited from A/C XX7891 at Amazon. Avl Bal: ₹1,00,000. Not you? Call 1800XXXXXXX",0,en,legitimate_bank_otp,"{""sender"": ""886464"", ""language"": ""en""}",synthetic_ham
আমি আমি আমি আমি আমি আমি আমি আমি আমি আমি কি বলব বুঝতে পারছি না।,0,bn,repeated_word_noise,"{""sender"": ""+916545529729"", ""language"": ""bn""}",synthetic_ham
"Bhai kal exam hai, थोड़ा जल्दी सो जा आज।",0,mixed_script,mixed_language_conversational,"{""sender"": ""AD-ICICI"", ""language"": ""mixed_script""}",synthetic_ham
"Dear Customer, your PNB fixed deposit of ₹5,000 has been renewed. Thank you for banking with us.",0,en,legitimate_bank_otp,"{""sender"": ""AD-PNB"", ""language"": ""en""}",synthetic_ham
"₹1,000 was debited from your PNB account. If this was not done by you, secure your account now.
ਕਿਰਪਾ ਕਰਕੇ ਅੱਜ ਹੀ ਕਾਰਵਾਈ ਕਰੋ, ਨਹੀਂ ਤਾਂ ਤੁਹਾਡਾ ਖਾਤਾ ਬਲਾਕ ਹੋ ਜਾਵੇਗਾ।
We tried to reach you regarding your pending issue. Call us back on the number below and our representative will guide you through the verification process.",1,mixed_script,callback_only_fraud,"{""sender"": ""noreply@phonepe-cashback.store"", ""language"": ""mixed_script""}",synthetic_spam
UIDAI: আপনার আধার কার্ড আপডেট করুন: bit.ly/3xK2mN,1,bn,govt_impersonation,"{""sender"": ""+638516049099"", ""language"": ""bn""}",synthetic_spam
பிறந்தநாள் வாழ்த்துக்கள்! 🎂,0,ta,personal_messages,"{""sender"": ""564182"", ""language"": ""ta""}",synthetic_ham
कूरियर पार्टनर डिलीवर नहीं कर सका। पता कन्फर्म करें: bit.ly/3xK2mN,1,hi,delivery_notification,"{""sender"": ""042063"", ""language"": ""hi""}",synthetic_spam
"Hi grandpa, I've been in a car accident and need bail money urgently. Please send ₹500 via: shorturl.at/acEG7",1,en,affinity_scam,"{""sender"": ""+863490853991"", ""language"": ""en""}",synthetic_spam
Complete your Kotak KYC by scanning this QR code: is.gd/k8mPq2 - mandatory for all customers,1,en,qr_code,"{""sender"": ""+16946490336"", ""language"": ""en""}",synthetic_spam
"প্রিয় গ্রাহক, Union Bank অ্যাপটি আপডেট করুন নতুবা আপনার অ্যাকাউন্ট বন্ধ হয়ে যাবে। ডাউনলোড: bit.ly/3xK2mN/update.apk",1,bn,direct_apk,"{""sender"": ""+442445132435"", ""language"": ""bn""}",synthetic_spam
