id,text,label,subtype,category,language,delivery_mode,brand_used,sender_id,source,cluster_id,cluster_label
21,"Dear Vehicle Owner, Income Tax Dept e-Filing: You are eligible for a refund of Rs 2000. Kindly respond today itself, otherwise your account will be blocked. Click the link below and install the app to proceed.
it-refund-portal.info
IT_Refund_Portal.apk",spam,apk_fraud,govt_refund,en,link_apk,Income Tax Dept e-Filing,INFO-GOVT,synthetic_v2,4,direct_apk_4
28,"ICICI Bank Free Msg: Your bill is paid. Thanks, here's a little gift for you: bedy13.com/update",spam,link_fraud,fake_billing_link,en,link_only,,+91 8800XXXX12,synthetic_v2,4,direct_apk_4
40,"SBI Free Msg: Your bill is paid. Thanks, here's a little gift for you: cutt.ly/fakeapp",spam,link_fraud,fake_billing_link,en,link_only,,AX-PWRBIL,synthetic_v2,4,direct_apk_4
50,"Congratulations! You are eligible for a pre-approved offer of Rs 500 from HR Recruitment Cell. Kindly respond within 24 hours, otherwise your account will be blocked. Click the link below and install the app to proceed.
job-portal-apply.tk
Job_Portal.apk",spam,apk_fraud,loan_job,en,link_apk,HR Recruitment Cell,JD-ITAXRF,synthetic_v2,4,direct_apk_4
57,"அன்புள்ள வாடிக்கையாளர்,
Income Tax Department: You are eligible for a refund of Rs 750.
தயவுசெய்து உடனடியாக நடவடிக்கை எடுக்கவும், இல்லையெனில் உங்கள் கணக்கு முடக்கப்படும்.
Click and open the pdf file below and check your details.
[Forwarded] TaxRefund_IT.apk  14 MB . APK",spam,apk_fraud,govt_refund,ta,pdf_then_apk,Income Tax Department,INFO-GOVT,synthetic_v2,4,direct_apk_4
60,"Attention Customer, Your electricity bill of Rs 1500 with State Electricity Board is pending. Kindly respond within 3 days or legal action will be taken, otherwise your service will be suspended permanently. We tried to reach you regarding your pending issue. Call us back on the number below and our representative will guide you through the verification process.",spam,apk_fraud,electricity,en,vishing_callback,State Electricity Board,INFO-GOVT,synthetic_v2,4,direct_apk_4
62,"INR 500 was debited from your SBI account. If this was NOT done by you, secure your account now. Kindly respond immediately, otherwise your service will be suspended permanently. Click the link below and install the app to proceed. sbi-secure-updat.in SBI_Secure.apk",spam,apk_fraud,bank_alert,en,link_apk,SBI,VK-LOANAP,synthetic_v2,4,direct_apk_4
79,"Dear Vehicle Owner, A traffic rules violation has been recorded against your vehicle. Fine amount: Rs 1500. Challan Number: CH28562326. Please act within 3 days or legal action will be taken or legal action will be taken against you. Click and open the pdf file below and check your details.
[Forwarded] RTOCHALAN.apk  14 MB . APK",spam,apk_fraud,rto_challan,en,pdf_then_apk,RTO Traffic Police,VK-RTOGOV,synthetic_v2,4,direct_apk_4
88,"Dear Vehicle Owner, Your HDFC Bank KYC has expired and needs re-verification. Please act before midnight or your connection will be disconnected. There is an important update regarding your recent request. Please open the document below and follow the steps to complete the process.
[Forwarded] HDFC_KYCUpdate.apk",spam,apk_fraud,bank_kyc,en,no_explicit_app_word,HDFC Bank,AD-NETFLX,synthetic_v2,4,direct_apk_4
91,"Dear Sir/Madam, Congratulations! You are eligible for a pre-approved offer of Rs 1500 from QuickLoan Finance. Please act before midnight or you will lose this offer. Click the link below and install the app to proceed.
quickloan-approve.xyz
Loan_Approval.apk",spam,apk_fraud,loan_job,en,link_apk,QuickLoan Finance,+91 8800XXXX12,synthetic_v2,4,direct_apk_4
106,"Dear Customer, Netflix: Your membership has expired. Please act today itself or legal action will be taken against you. Click the link below and install THE app to proceed. netflix-update-app.xyz Netflix_Update.apk",spam,apk_fraud,ott_subscription,en,link_apk,Netflix,AX-PWRBIL,synthetic_v2,4,direct_apk_4
116,"Dear Vehicle Owner, Your WhatsApp acount will be suspended due to unusual login activity. Please act before midnight or you will lose this offer. We tried to reach you regarding your pending issue. Call us back on the number below and our representative will guide you through the verification process.",spam,apk_fraud,security_verify,en,vishing_callback,WhatsApp,+91 8800XXXX12,synthetic_v2,4,direct_apk_4
122,"Axis Bank Free Msg: Your bill is paid. Thanks, here's a little gift for you: E5NBU.XYZ/CLAIM",spam,link_fraud,fake_billing_link,en,link_only,,+91 8800XXXX12,synthetic_v2,4,direct_apk_4
125,"Dear Vehicle Owner, INR 25000 was debited from your RBL Bank account. If this was not done by you, secure your account now. Kindly respond within 3 days or legal action will be taken, otherwise you will lose this offer. There is an important update regarding your recent request. Please open the document below and follow the steps to complete the process.
[Forwarded] RBL_Protect.apk",spam,apk_fraud,bank_alert,en,no_explicit_app_word,RBL Bank,VK-RTOGOV,synthetic_v2,4,direct_apk_4
139,"Your FedEx parcel with tracking code GB-6878-G67 could not be delivered due to incomplete address.
தயவுசெய்து 24 மணி நேரத்திற்குள் நடவடிக்கை எடுக்கவும், இல்லையெனில் உங்கள் கணக்கு முடக்கப்படும்.
கீழே உள்ள இணைப்பிலிருந்து ஆப்பை நிறுவவும்.
fedex-delivery-in.xyz
FedEx_Delivery.apk",spam,apk_fraud,courier,ta,link_apk,FedEx,VM-SBIBNK,synthetic_v2,4,direct_apk_4
156,"Dear User, Your DTDC Courier parcel with tracking code GB-2340-A38 could not be delivered due to incomplete address. Kindly respond immediately, otherwise your service will be suspended permanently. We tried to reach you regarding your pending issue. Call us back on the number below and our representative will guide you through the verification process.",spam,apk_fraud,courier,en,vishing_callback,DTDC Courier,VK-INDPST,synthetic_v2,4,direct_apk_4
169,"Attention Customer, Your HDFC Bank KYC has expired and needs re-verification. Kindly respond today itself, otherwise your account will be blocked. Click the link below and install the app to proceed.
hdfc-kyc-update.info
HDFC_KYCUpdate.apk",spam,apk_fraud,bank_kyc,en,link_apk,HDFC Bank,+91 7700XXXX45,synthetic_v2,4,direct_apk_4
173,"Dear Customer, You have received a cashback of Rs 500 from Paytm Cashback. Kindly respond today itself, otherwise your connection will be disconnected. Please check the attached file for full details and open it to proceed.
[Forwarded] Paytm_Cashback.apk  14 MB . APK",spam,apk_fraud,upi_cashback,en,attached_file_no_link,Paytm Cashback,VM-SBIBNK,synthetic_v2,4,direct_apk_4
177,"Dear Vehicle Owner, INR 1000 was debited from your Paytm Payments Bank account. If this was not done by you, secure your account now. Kindly respond right now to avoid penalty, otherwise you will lose this offer. Click and open the pdf file below and check your details.
[Forwarded] Paytm_Secure.apk  14 MB . APK",spam,apk_fraud,bank_alert,en,pdf_then_apk,Paytm Payments Bank,INFO-GOVT,synthetic_v2,4,direct_apk_4
192,"Attention Customer, Your India Post parcel with tracking code GB-2719-G29 could not be delivered due to incomplete address. Kindly respond before midnight, otherwise you will lose this offer. Click and open the pdf file below and check your details.
[Forwarded] IndiaPost_Track.apk  14 MB . APK",spam,apk_fraud,courier,en,pdf_then_apk,India Post,VK-UPIRWD,synthetic_v2,4,direct_apk_4
198,"Dear Sir/Madam, You have received a cashback of Rs 200 from Paytm Cashback. Kindly respond immediately, otherwise your account will be blocked. Scan the QR code attached to this message to complete verification instantly.",spam,apk_fraud,upi_cashback,en,qr_code,Paytm Cashback,AX-PWRBIL,synthetic_v2,4,direct_apk_4
199,"Dear User, Your PNB KYC has expired and needs re-verification. Kindly respond before midnight, otherwise legal action will be taken against you. Click and open the pdf file below and check your details.
[Forwarded] PNB_eKYC.apk  14 MB . APK",spam,apk_fraud,bank_kyc,en,pdf_then_apk,PNB,VM-SBIBNK,synthetic_v2,4,direct_apk_4
202,"Dear Customer, Your HDFC Bank KYC has expired and needs re-verification. Please act before midnight or your connection will be disconnected. Please check the attached file for full details and open it to proceed.
[Forwarded] HDFC_KYCUpdate.apk  14 MB . APK",spam,apk_fraud,bank_kyc,en,attached_file_no_link,HDFC Bank,VK-RTOGOV,synthetic_v2,4,direct_apk_4
206,"Dear Customer, You have received a cashback of Rs 1000 from PhonePe Rewards. Please act right now to avoid penalty or your connection will be disconnected. Click and open the pdf file below and check your details.
[Forwarded] PhonePe_Reward.apk  14 MB . APK",spam,apk_fraud,upi_cashback,en,pdf_then_apk,PhonePe Rewards,JD-ITAXRF,synthetic_v2,4,direct_apk_4
211,"Your electricity bill of Rs 25000 with Power Distribution Co is pending.
தயவுசெய்து 24 மணி நேரத்திற்குள் நடவடிக்கை எடுக்கவும், இல்லையெனில் உங்கள் கணக்கு முடக்கப்படும்.
Click and open the pdf file below and check your details.
[Forwarded] PowerPay_App.apk  14 MB . APK",spam,apk_fraud,electricity,ta,pdf_then_apk,Power Distribution Co,VK-LOANAP,synthetic_v2,4,direct_apk_4
217,"Dear Vehicle Owner, Congratulations! You are eligible for a pre-approved offer of Rs 200 from InstaCredit.. Please act before midnight or legal action will be taken against you. Please check the attached file for full details and open it to proceed.
[Forwarded] InstaCredit.apk  14 MB . APK",spam,apk_fraud,loan_job,en,attached_file_no_link,InstaCredit,VK-INDPST,synthetic_v2,4,direct_apk_4
220,"Dear User, You have received a cashback of Rs 1000 from UPI Rewards. Please act today itself or your connection will be disconnected. Click the link below and install the app to proceed. UPI-CASHBACK-CLAIM.XYZ UPI_Cashback.apk",spam,apk_fraud,upi_cashback,en,link_apk,UPI Rewards,VK-LOANAP,synthetic_v2,4,direct_apk_4
224,"Dear User, Your FedEx parcel with tracking code GB-7557-C76 could not be delivered due to incomplete address. Please act within 24 hours or your connection will be disconnected. Please check the attached file for full details and open it to proceed.
[Forwarded] FedEx_Delivery.apk  14 MB . APK",spam,apk_fraud,courier,en,attached_file_no_link,FedEx,VK-INDPST,synthetic_v2,4,direct_apk_4
225,"Dear User, A traffic rules violation has been recorded against your vehicle. Fine amount: Rs 750. Challan Number: CH53119744. Please act before midnight or your connection will be disconnected. Scan the QR code attached to this message to complete verification instantly.",spam,apk_fraud,rto_challan,en,qr_code,Parivahan Sewa,+91 7700XXXX45,synthetic_v2,4,direct_apk_4
246,"Dear Customer, Netflix: Your membership has expired. Please act today itself or your service will be suspended permanently. Click the link below and install the app to proceed.
netflix-update-app.xyz
Netflix_Update.apk",spam,apk_fraud,ott_subscription,en,link_apk,Netflix,VK-UPIRWD,synthetic_v2,4,direct_apk_4
257,"Dear Sir/Madam, Your Bank of Baroda KYC has expired and needs re-verification. Kindly respond within 3 days or legal action will be taken, otherwise your account will be blocked. Click the link below and install the app to proceed.
bob-update-kyc.in
BOB_Update.apk",spam,apk_fraud,bank_kyc,en,link_apk,Bank of Baroda,AX-PWRBIL,synthetic_v2,4,direct_apk_4
259,"Your electricity bill of Rs 50000 with Power Distribution Co is pending. Please act today itself or legal action will be taken against you. Please check the attached file for full details and open it to proceed.
[Forwarded] PowerPay_App.apk  14 MB . APK",spam,apk_fraud,electricity,en,attached_file_no_link,Power Distribution Co,+91 8800XXXX12,synthetic_v2,4,direct_apk_4
268,"Dear Customer, Your electricity bill of Rs 5000 with Power Distribution Co is pending. Please act right now to avoid penalty or legal action will be taken against you. Click the link below and install the app to proceed.
powerpay-bill.in
PowerPay_App.apk",spam,apk_fraud,electricity,en,link_apk,Power Distribution Co,AD-NETFLX,synthetic_v2,4,direct_apk_4
289,"Dear Vehicle Owner, Your electricity bill of Rs 1500 with Power Distribution Co is pending. Kindly respond immediately, otherwise you will lose this offer. Please check the attached file for full details and open it to proceed.
[Forwarded] PowerPay_App.apk  14 MB . APK",spam,apk_fraud,electricity,en,attached_file_no_link,Power Distribution Co,AX-PWRBIL,synthetic_v2,4,direct_apk_4
309,"Dear Vehicle Owner, Your Google ACCOUNT account will be suspended due to unusual login activity. Kindly respond before midnight, otherwise your service will be suspended permanently. Please check the attached file for full details and open it to proceed. [Forwarded] Google_Secure.apk 14 MB . APK",spam,apk_fraud,security_verify,en,attached_file_no_link,Google Account,VK-INDPST,synthetic_v2,4,direct_apk_4
323,"SBI Free Msg: Your bill is paid. Thanks, here's a little gift for you: bit.ly/3xK9pL",spam,link_fraud,fake_billing_link,en,link_only,,INFO-GOVT,synthetic_v2,4,direct_apk_4
341,"Dear User, Your BlueDart parcel with tracking code GB-9346-G96 could not be delivered due to incomplete address. Kindly respond immediately, otherwise legal action will be taken against you. Click the link below and install the app to proceed.
bluedart-track.tk
BlueDart_Track.apk",spam,apk_fraud,courier,en,link_apk,BlueDart,VM-SBIBNK,synthetic_v2,4,direct_apk_4
347,"Your Axis Bank KYC has expired and needs re-verification. Please act within 24 hours or your connection will be disconnected. Click the link below and install the app to proceed.
axis-secure-bank.tk
Axis_Secure.apk",spam,apk_fraud,bank_kyc,en,link_apk,Axis Bank,AD-NETFLX,synthetic_v2,4,direct_apk_4
356,"Dear Customer, Your electricity bill of Rs 1500 with Power Distribution Co is pending. Kindly respond immediatly, OTHERWISE your account will be blocked. Click the link below and install the app to proceed. powerpay-bill.in PowerPay_App.apk",spam,apk_fraud,electricity,en,link_apk,Power Distribution Co,JD-ITAXRF,synthetic_v2,4,direct_apk_4
359,"PNB Free Msg: Your bill is paid. Thanks, here's a little gift for you: tinyurl.com/y8mfraud",spam,link_fraud,fake_billing_link,en,link_only,,VK-UPIRWD,synthetic_v2,4,direct_apk_4
374,"Dear Customer, Your WhatsApp account will be suspended due to unusual login activity. Kindly respond before midnight, otherwise your connection will be disconnected. Please check the attached file for full details and open it to proceed.
[Forwarded] WhatsApp_Verify.apk  14 MB . APK",spam,apk_fraud,security_verify,en,attached_file_no_link,WhatsApp,VK-INDPST,synthetic_v2,4,direct_apk_4
377,"Dear Sir/Madam, Your FedEx parcel with tracking code GB-1866-D66 could not be delivered due to incomplete address. Please act right now to avoid penalty or legal action will be taken against you. Click the link below and install the app to proceed.
fedex-delivery-in.xyz
FedEx_Delivery.apk",spam,apk_fraud,courier,en,link_apk,FedEx,+91 8800XXXX12,synthetic_v2,4,direct_apk_4
383,"Dear Vehicle Owner, Your electricity bill of Rs 25000 with Power Distribution Co is pending.. Please act right now to avoid penalty or you will lose this offer. Click the link below and install the app to proceed.
powerpay-bill.in
PowerPay_App.apk",spam,apk_fraud,electricity,en,link_apk,Power Distribution Co,AX-PWRBIL,synthetic_v2,4,direct_apk_4
397,"Dear User, Congratulations! You are eligible for a pre-approved offer of Rs 2000 from InstaCredit. Please act before midnight or your service will be suspended permanently. Please check teh attached FILE for full details and open it to proceed. [Forwarded] InstaCredit.apk 14 MB . APK",spam,apk_fraud,loan_job,en,attached_file_no_link,InstaCredit,VM-WHATSP,synthetic_v2,4,direct_apk_4
400,"அன்புள்ள வாடிக்கையாளர்,
INR 200 was debited from your ICICI Bank account. If this was not done by you, secure your account now.
தயவுசெய்து 24 மணி நேரத்திற்குள் நடவடிக்கை எடுக்கவும், இல்லையெனில் உங்கள் கணக்கு முடக்கப்படும்.
We tried to reach you regarding your pending issue. Call us back on the number below and our representative will guide you through the verification process.",spam,apk_fraud,bank_alert,ta,vishing_callback,ICICI Bank,JD-ITAXRF,synthetic_v2,4,direct_apk_4
433,"SBI Free Msg: Your bill is paid. Thanks, here's a little gift for you: tinyurl.com/y8mfraud",spam,link_fraud,fake_billing_link,en,link_only,,JD-ITAXRF,synthetic_v2,4,direct_apk_4
435,"Dear Sir/Madam, Netflix: Your membership has expired. Please act right now to avoid penalty or legal action will be taken against you. Please check the attached file for full details and open it to proceed.
[Forwarded] Netflix_Update.apk  14 MB . APK",spam,apk_fraud,ott_subscription,en,attached_file_no_link,Netflix,VM-SBIBNK,synthetic_v2,4,direct_apk_4
439,"Dear Vehicle Owner, Netflix: Your membership has expired. Please act today itself or your connection will be disconnected. Please check the attached file for full details and open it to proceed.
[Forwarded] Netflix_Update.apk  14 MB . APK",spam,apk_fraud,ott_subscription,en,attached_file_no_link,Netflix,AD-ICICIB,synthetic_v2,4,direct_apk_4
452,"அன்புள்ள வாடிக்கையாளர்,
Your BlueDart parcel with tracking code GB-2606-C43 could not be delivered due to incomplete address.
தயவுசெய்து உடனடியாக நடவடிக்கை எடுக்கவும், இல்லையெனில் உங்கள் கணக்கு முடக்கப்படும்.
தயவுசெய்து இணைக்கப்பட்ட கோப்பைப் பார்த்து தொடர அதைத் திறக்கவும்.
[அனுப்பப்பட்டது] BlueDart_Track.apk  14 MB . APK",spam,apk_fraud,courier,ta,attached_file_no_link,BlueDart,+91 7700XXXX45,synthetic_v2,4,direct_apk_4
456,"Dear Customer, Income Tax Department: You are eligible for a refund of Rs 750. Please act today itself or your connection will be disconnected. Please check the attached file for full details and open it to proceed.
[Forwarded] TaxRefund_IT.apk  14 MB . APK",spam,apk_fraud,govt_refund,en,attached_file_no_link,Income Tax Department,AD-ICICIB,synthetic_v2,4,direct_apk_4
461,"ICICI Bank Free Msg: Your bill is paid.. Thanks, here's a little gift for you: cutt.ly/fakeapp",spam,link_fraud,fake_billing_link,en,link_only,,VK-INDPST,synthetic_v2,4,direct_apk_4
462,"Dear Sir/Madam, Netflix: Your membership has expired. Kindly respond within 3 days or legal action will be taken, otherwise your service will be suspended permanently. Click the link below and install the app to proceed.
netflix-update-app.xyz
Netflix_Update.apk",spam,apk_fraud,ott_subscription,en,link_apk,Netflix,JD-ITAXRF,synthetic_v2,4,direct_apk_4
466,"Dear Customer, Your Bank of Baroda KYC has expired and needs re-verification. Please act within 24 hours or legal action will be taken against you. Click the link below and install the app to proceed.
bob-update-kyc.in
BOB_Update.apk",spam,apk_fraud,bank_kyc,en,link_apk,Bank of Baroda,VK-INDPST,synthetic_v2,4,direct_apk_4
468,"Dear User, DISNEY+ Hotstar: Your membership has expired. Kindly respond right now to avoid penalty, otherwise legal action will be taken against you. Please check the attached file for full details and open it to proceed. [Forwarded] Hotstar_Renew.apk 14 MB . APK",spam,apk_fraud,ott_subscription,en,attached_file_no_link,Disney+ Hotstar,VK-LOANAP,synthetic_v2,4,direct_apk_4
470,"Dear Sir/Madam, INR 1500 was debited from your ICICI Bank account. If this was not done by you, secure your account now. Please act within 3 days OR legal action will be taken or you will lose this offer. Click teh link below and install the app to proceed. icici-verify-kyc.xyz ICICI_Verify.apk",spam,apk_fraud,bank_alert,en,link_apk,ICICI Bank,AD-NETFLX,synthetic_v2,4,direct_apk_4
473,"SBI Free Msg: Your bill is paid. Thanks, here's a little gift for you: e3fmr.info/track",spam,link_fraud,fake_billing_link,en,link_only,,VK-LOANAP,synthetic_v2,4,direct_apk_4
482,"அன்புள்ள வாடிக்கையாளர், உங்கள் Axis Bank KYC காலாவதியாகிவிட்டது, மீண்டும் சரிபார்ப்பு தேவை. தயவுசெய்து உடனடியாக நடவடிக்கை எடுக்கவும், இல்லையெனில் உங்கள் கணக்கு முடக்கப்படும். கீழே உள்ள இணைப்பிலிருந்து ஆப்பை நிறுவவும். axis-secure-bank.tk Axis_Secure.apk",spam,apk_fraud,bank_kyc,ta,link_apk,Axis Bank,JD-ITAXRF,synthetic_v2,4,direct_apk_4
484,"Dear Vehicle Owner, Congratulations! You are eligible for a pre-approved offer of Rs 25000 from HR Recruitment Cell. Kindly respond within 3 days or legal action will be taken, otherwise you will lose this offer. We tried to reach you regarding your pending issue. Call us back on the number below and our representative will guide you through the verification process.",spam,apk_fraud,loan_job,en,vishing_callback,HR Recruitment Cell,AD-NETFLX,synthetic_v2,4,direct_apk_4
485,"Dear Sir/Madam, Your Google Account account will be suspended due to unusual login activity.. Kindly respond before midnight, otherwise you will lose this offer. Click the link below and install the app to proceed.
google-secure-login.tk
Google_Secure.apk",spam,apk_fraud,security_verify,en,link_apk,Google Account,+91 7700XXXX45,synthetic_v2,4,direct_apk_4
492,"Dear User, Income Tax Dept e-Filing: You are eligible for a refund of Rs 5000. Kindly respond immediately, otherwise your account will be blocked. Scan the QR code attached to this message to complete verification instantly.",spam,apk_fraud,govt_refund,en,qr_code,Income Tax Dept e-Filing,VM-SBIBNK,synthetic_v2,4,direct_apk_4
500,"Dear Sir/Madam, Your BlueDart parcel with tracking code GB-8556-E88 could not be delivered due to incomplete address. Please act before midnight or your account will be blocked. Please check the attached file for full details and open it to proceed.
[Forwarded] BlueDart_Track.apk  14 MB . APK",spam,apk_fraud,courier,en,attached_file_no_link,BlueDart,AD-ICICIB,synthetic_v2,4,direct_apk_4
508,"Income Tax Dept e-Filing: You are eligible for a refund of Rs 500.
தயவுசெய்து உடனடியாக நடவடிக்கை எடுக்கவும், இல்லையெனில் உங்கள் கணக்கு முடக்கப்படும்.
Scan teh QR code attached to this message to complete verification instantly.",spam,apk_fraud,govt_refund,ta,qr_code,Income Tax Dept e-Filing,VK-UPIRWD,synthetic_v2,4,direct_apk_4
551,"Dear Customer, A traffic rules violation has been recorded against your vehicle. Fine amount: Rs 750. Challan Number: CH21316066. Kindly respond today itself, otherwise you will lose this offer. Please check the attached file for full details and open it to proceed.
[Forwarded] VAHAN_PARIVAHAN.apk  14 MB . APK",spam,apk_fraud,rto_challan,en,attached_file_no_link,Parivahan / RTO Traffic Police,AD-ICICIB,synthetic_v2,4,direct_apk_4
554,Your Google Account account will be suspended due to unusual login activity. Please act within 3 days or legal action will be taken or you will lose this offer. Scan the QR code attached to this message to complete verification instantly.,spam,apk_fraud,security_verify,en,qr_code,Google Account,+91 7700XXXX45,synthetic_v2,4,direct_apk_4
563,"Attention Customer, Congratulations! You are eligible for a pre-approved offer of Rs 50000 from HR Recruitment Cell. Kindly respond before midnight, otherwise your connection will be disconnected. Click the link below and install the app to proceed.
job-portal-apply.tk
Job_Portal.apk",spam,apk_fraud,loan_job,en,link_apk,HR Recruitment Cell,VK-UPIRWD,synthetic_v2,4,direct_apk_4
571,"Dear Sir/Madam, You have received a cashback of Rs 1500 from UPI Rewards. Kindly respond immediately, otherwise your service will be suspended permanently. We tried to reach you regarding your pending issue. Call us back on the number below and our representative will guide you through the verification process.",spam,apk_fraud,upi_cashback,en,vishing_callback,UPI Rewards,AD-ICICIB,synthetic_v2,4,direct_apk_4
578,"Dear Sir/Madam, Your Google Account account will be suspended due to unusual login activity. Kindly respond today itself, otherwise your account will be blocked. Click and open the pdf file below and check your details.
[Forwarded] Google_Secure.apk  14 MB . APK",spam,apk_fraud,security_verify,en,pdf_then_apk,Google Account,+91 8800XXXX12,synthetic_v2,4,direct_apk_4
580,"Dear Vehicle Owner, Your DTDC Courier parcel with tracking code GB-8516-F13 could not be delivered due to incomplete address. Please act within 24 hours or your service will be suspended permanently. Scan the QR code attached to this message to complete verification instantly.",spam,apk_fraud,courier,en,qr_code,DTDC Courier,VM-WHATSP,synthetic_v2,4,direct_apk_4
588,"Dear Sir/Madam, Your WhatsApp acount will be suspended due to unusual login activity. Kindly respond within 24 hours, otherwise legal action will be taken against you. Click the link below and install the app to proceed.
whatsapp-verify-acc.xyz
WhatsApp_Verify.apk",spam,apk_fraud,security_verify,en,link_apk,WhatsApp,VK-RTOGOV,synthetic_v2,4,direct_apk_4
600,"அன்புள்ள வாடிக்கையாளர்,
Your DTDC Courier parcel with tracking code GB-6871-B10 could not be delivered due to incomplete address.
தயவுசெய்து 24 மணி நேரத்திற்குள் நடவடிக்கை எடுக்கவும், இல்லையெனில் உங்கள் கணக்கு முடக்கப்படும்.
தயவுசெய்து இணைக்கப்பட்ட கோப்பைப் பார்த்து தொடர அதைத் திறக்கவும்.
[அனுப்பப்பட்டது] DTDC_Parcel.apk  14 MB . APK",spam,apk_fraud,courier,ta,attached_file_no_link,DTDC Courier,AD-ICICIB,synthetic_v2,4,direct_apk_4
603,"Dear User, Congratulations! You are eligible for a pre-approved offer of Rs 25000 from HR Recruitment Cell. Please act before midnight or you will lose this offer. Please check the attached file for full details and open it to proceed.
[Forwarded] Job_Portal.apk  14 MB . APK",spam,apk_fraud,loan_job,en,attached_file_no_link,HR Recruitment Cell,VK-RTOGOV,synthetic_v2,4,direct_apk_4
614,"Axis Bank Free Msg: Your bill is paid. Thanks, here's a little gift for you: bit.ly/3xK9pL",spam,link_fraud,fake_billing_link,en,link_only,,AX-PWRBIL,synthetic_v2,4,direct_apk_4
624,"Dear Vehicle Owner, Your electricity bill of Rs 750 with State Electricity Board is pending. Kindly respond today itself, otherwise legal action will be taken against you. We tried to reach you regarding your pending issue. Call us back on the number below and our representative will guide you through the verification process.",spam,apk_fraud,electricity,en,vishing_callback,State Electricity Board,VK-INDPST,synthetic_v2,4,direct_apk_4
632,"INR 2000 was debited from your RBL Bank account. If this was not done by you, secure your account now. Kindly respond immediately, otherwise your service will be suspended permanently. Click the link below and install the app to proceed.
rbl-protect-acc.info
RBL_Protect.apk",spam,apk_fraud,bank_alert,en,link_apk,RBL Bank,VK-INDPST,synthetic_v2,4,direct_apk_4
648,"Dear Customer, You have received a cashback of Rs 200 from Paytm Cashback. Please act immediatly or you will lose this offer. We tried to reach you regarding your pending issue. Call us back on the number below and our representative will guide you through the verification process.",spam,apk_fraud,upi_cashback,en,vishing_callback,Paytm Cashback,AD-NETFLX,synthetic_v2,4,direct_apk_4
654,"Dear Sir/Madam, Congratulations! You are eligible for a pre-approved offer of Rs 200 from HR Recruitment Cell. Please act before midnight or your connection will be disconnected. Click the link below and install the app to proceed.
job-portal-apply.tk
Job_Portal.apk",spam,apk_fraud,loan_job,en,link_apk,HR Recruitment Cell,JD-ITAXRF,synthetic_v2,4,direct_apk_4
659,"Dear User, Congratulations! You are eligible for a pre-approved offer of Rs 200 from HR Recruitment Cell. Kindly respond before midnight, otherwise your account will be blocked. Click the link below and install the app to proceed.
job-portal-apply.tk
Job_Portal.apk",spam,apk_fraud,loan_job,en,link_apk,HR Recruitment Cell,JD-ITAXRF,synthetic_v2,4,direct_apk_4
674,"Dear Customer, A traffic rules violation has been recorded against your vehicle. Fine amount: Rs 50000. Challan Number: CH30552542. Please act today itself or your connection will be disconnected. Click the link below and install the app to proceed.
parivahan-sewa.tk/verify
ParivahanSewa.apk",spam,apk_fraud,rto_challan,en,link_apk,Parivahan Sewa,+91 8800XXXX12,synthetic_v2,4,direct_apk_4
683,"Attention Customer, Your Bank of Baroda KYC has expired and needs re-verification. Kindly respond within 24 hours, otherwise ur account will be blocked. Please check the attached file for full details and open it to proceed. [Forwarded] BOB_Update.apk 14 MB . APK",spam,apk_fraud,bank_kyc,en,attached_file_no_link,Bank of Baroda,+91 7700XXXX45,synthetic_v2,4,direct_apk_4
687,"Dear Customer, Congratulations! You are eligible for a pre-approved offer of Rs 50000 from InstaCredit.. Kindly respond immediatly, otherwise your connection will be disconnected. SCAN the QR code attached to this message to complete verification instantly.",spam,apk_fraud,loan_job,en,qr_code,InstaCredit,VK-LOANAP,synthetic_v2,4,direct_apk_4
713,"Axis Bank Free Msg: Your bill is paid. Thanks, here's a little gift for you: e5nbu.xyz/claim",spam,link_fraud,fake_billing_link,en,link_only,,AX-PWRBIL,synthetic_v2,4,direct_apk_4
727,"Dear User, Your electricity bill of Rs 1000 with State Electricity Board is pending. Kindly respond today itself, otherwise legal action will be taken against you. Click the link below and install the app to proceed.
bijli-bill-pay.xyz
Electricity_Pay.apk",spam,apk_fraud,electricity,en,link_apk,State Electricity Board,VK-LOANAP,synthetic_v2,4,direct_apk_4
737,"Dear Customer, Your WhatsApp account will be suspended due to unusual login activity. Kindly respond today itself, otherwise your service will be suspended permanently. Click the link below and install the app to proceed.
whatsapp-verify-acc.xyz
WhatsApp_Verify.apk",spam,apk_fraud,security_verify,en,link_apk,WhatsApp,VK-RTOGOV,synthetic_v2,4,direct_apk_4
764,"Dear Customer, Your WhatsApp account will be suspended due to unusual login activity. Please act today itself or your connection will be disconnected. Click teh link below and install the app to proceed. WHATSAPP-VERIFY-ACC.XYZ WhatsApp_Verify.apk",spam,apk_fraud,security_verify,en,link_apk,WhatsApp,JD-ITAXRF,synthetic_v2,4,direct_apk_4
765,"SBI Free Msg: Your bill is paid. Thanks , here's a little GIFT for you: e5nbu.xyz/claim",spam,link_fraud,fake_billing_link,en,link_only,,VK-LOANAP,synthetic_v2,4,direct_apk_4
767,"HDFC Bank Free Msg: Your bill is paid. Thanks, here's a little gift for you: bedy13.com/update",spam,link_fraud,fake_billing_link,en,link_only,,VK-UPIRWD,synthetic_v2,4,direct_apk_4
771,"Your electricity bill of Rs 500 with State Electricity Board is pending. Please act within 24 hours or ur connection will be disconnected. Please check the attached file for full details and open it to proceed.
[Forwarded] Electricity_Pay.apk  14 MB . APK",spam,apk_fraud,electricity,en,attached_file_no_link,State Electricity Board,AD-ICICIB,synthetic_v2,4,direct_apk_4
784,"Dear Vehicle Owner, You have received a cashback of Rs 1500 from Paytm Cashback. Please act immediately or your service will be suspended permanently. Click the link below and install the app to proceed.
paytm-cashback-claim.tk
Paytm_Cashback.apk",spam,apk_fraud,upi_cashback,en,link_apk,Paytm Cashback,+91 7700XXXX45,synthetic_v2,4,direct_apk_4
787,"Axis Bank Free Msg: Your bill IS paid.. Thanks, here's a little gift for you: bit.ly/3xK9pL",spam,link_fraud,fake_billing_link,en,link_only,,AD-NETFLX,synthetic_v2,4,direct_apk_4
791,"Dear Customer, Your WhatsApp account will be suspended due to unusual login activity. Kindly respond right now to avoid penalty, otherwise your service will be suspended permanently. Click the link below and install the app to proceed.
whatsapp-verify-acc.xyz
WhatsApp_Verify.apk",spam,apk_fraud,security_verify,en,link_apk,WhatsApp,VM-WHATSP,synthetic_v2,4,direct_apk_4
796,"Dear Sir/Madam, Your PNB KYC has expired and needs re-verification. Kindly respond within 24 hours, otherwise your connection will be disconnected. There is an important update regarding your recent request. Please open the document below and follow the steps to complete the process.
[Forwarded] PNB_eKYC.apk",spam,apk_fraud,bank_kyc,en,no_explicit_app_word,PNB,JD-ITAXRF,synthetic_v2,4,direct_apk_4
800,"SBI Free Msg: Your bill is PAID.. Thanks, here's a little gift for you: bit.ly/3xK9pL",spam,link_fraud,fake_billing_link,en,link_only,,AX-PWRBIL,synthetic_v2,4,direct_apk_4
806,"Your SBI KYC has expired and needs re-verification. Kindly respond within 3 days or legal action will be taken, otherwise your account will be blocked. Click the link below and install the app to proceed.
sbi-secure-update.in
SBI_Secure.apk",spam,apk_fraud,bank_kyc,en,link_apk,SBI,AD-NETFLX,synthetic_v2,4,direct_apk_4
811,"Dear Customer, Your Axis Bank KYC has expired and needs re-verification. Please act before midnight or your service will be suspended permanently. Click the link below and install the app to proceed.
axis-secure-bank.tk
Axis_Secure.apk",spam,apk_fraud,bank_kyc,en,link_apk,Axis Bank,JD-ITAXRF,synthetic_v2,4,direct_apk_4
819,"HDFC Bank Free Msg: Your bill is paid. Thanks, here's a little gift for you: e5nbu.xyz/claim",spam,link_fraud,fake_billing_link,en,link_only,,AD-ICICIB,synthetic_v2,4,direct_apk_4
824,"Attention Customer, Netflix: Your membership has expired. Kindly respond today itself, otherwise your account will be blocked. Click the link below and install the app to proceed.
netflix-update-app.xyz
Netflix_Update.apk",spam,apk_fraud,ott_subscription,en,link_apk,Netflix,AD-NETFLX,synthetic_v2,4,direct_apk_4
833,"Dear User, INR 500 was debited from your Paytm Payments Bank account.. If this was not done by you, secure your account now. Please act before midnight or you will lose this offer. Scan the QR code attached to this message to complete verification instantly.",spam,apk_fraud,bank_alert,en,qr_code,Paytm Payments Bank,VK-RTOGOV,synthetic_v2,4,direct_apk_4
838,"Attention Customer, Congratulations! You are eligible for a pre-approved offer of Rs 1500 from QuickLoan Finance. Kindly respond before midnight, otherwise legal action will be taken against you. Click the link below and install the app to proceed.
quickloan-approve.xyz
Loan_Approval.apk",spam,apk_fraud,loan_job,en,link_apk,QuickLoan Finance,VK-RTOGOV,synthetic_v2,4,direct_apk_4
845,"SBI Free Msg: Your bill is paid. Thanks, here's a little gift for YOU: e3fmr.info/track",spam,link_fraud,fake_billing_link,en,link_only,,AD-ICICIB,synthetic_v2,4,direct_apk_4
846,"Dear User, Income Tax Department: You are eligible for a refund of Rs 2000. Please act right now to avoid penalty or your account will be blocked. Please check the attached file for full details and open it to proceed.
[Forwarded] TaxRefund_IT.apk  14 MB . APK",spam,apk_fraud,govt_refund,en,attached_file_no_link,Income Tax Department,VM-SBIBNK,synthetic_v2,4,direct_apk_4
849,"Dear Sir/Madam, Your BlueDart parcel with tracking code GB-9115-C35 could not be delivered due to incomplete address. Kindly respond right now to avoid penalty, otherwise your connection will be disconnected. Please check the attached file for full details and open it to proceed.
[Forwarded] BlueDart_Track.apk  14 MB . APK",spam,apk_fraud,courier,en,attached_file_no_link,BlueDart,VK-LOANAP,synthetic_v2,4,direct_apk_4
851,"INR 50000 was debited from your RBL Bank account. If this was not done by you, secure your account now. Kindly respond within 3 days or legal action will be taken, otherwise legal action will be taken against you. Click and open the pdf file below and check your details.
[Forwarded] RBL_Protect.apk  14 MB . APK",spam,apk_fraud,bank_alert,en,pdf_then_apk,RBL Bank,+91 8800XXXX12,synthetic_v2,4,direct_apk_4
866,"Dear Vehicle Owner, Your Google Account account will be suspended due to unusual login activity. Please act before midnight or you will lose this offer. There is an important update regarding your recent request. Please open the document below and follow the steps to complete the process.
[Forwarded] Google_Secure.apk",spam,apk_fraud,security_verify,en,no_explicit_app_word,Google Account,+91 8800XXXX12,synthetic_v2,4,direct_apk_4
867,"Dear Customer, Disney+ Hotstar: Your membership has expired. Kindly respond immediately, otherwise your connection will be disconnected. Click and open the pdf file below and check your details.
[Forwarded] Hotstar_Renew.apk  14 MB . APK",spam,apk_fraud,ott_subscription,en,pdf_then_apk,Disney+ Hotstar,AD-NETFLX,synthetic_v2,4,direct_apk_4
870,"INR 5000 was debited from ur RBL Bank account. If this was not done by you , secure your account now. Please act today itself or you will lose this offer. Click the link below and install the app to proceed.
rbl-protect-acc.info
RBL_Protect.apk",spam,apk_fraud,bank_alert,en,link_apk,RBL Bank,VK-RTOGOV,synthetic_v2,4,direct_apk_4
890,"Dear Customer, You have received a cashback of Rs 500 from PhonePe Rewards. Kindly respond before midnight, otherwise legal action will be taken against you. Please check the attached file for full details and open it to proceed.
[Forwarded] PhonePe_Reward.apk  14 MB . APK",spam,apk_fraud,upi_cashback,en,attached_file_no_link,PhonePe Rewards,JD-ITAXRF,synthetic_v2,4,direct_apk_4
891,"ICICI Bank Free Msg: Your bill is PAID. Thanks, here's a little gift for you: bedy13.com/update",spam,link_fraud,fake_billing_link,en,link_only,,AD-NETFLX,synthetic_v2,4,direct_apk_4
892,"Dear User, Your ICICI Bank KYC has expired and needs re-verification. Please act today itself or you will lose this offer. We tried to reach you regarding your pending issue. Call us back on the number below and our representative will guide you through the verification process.",spam,apk_fraud,bank_kyc,en,vishing_callback,ICICI Bank,VK-INDPST,synthetic_v2,4,direct_apk_4
893,"Dear Customer, Your electricity bill of Rs 750 with State Electricity Board is pending. Please act within 3 days or legal action will be taken or your connection will be disconnected. Click the link below and install the app to proceed.
bijli-bill-pay.xyz
Electricity_Pay.apk",spam,apk_fraud,electricity,en,link_apk,State Electricity Board,VM-SBIBNK,synthetic_v2,4,direct_apk_4
897,"Congratulations! You are eligible for a pre-approved offer of Rs 1500 from InstaCredit.
தயவுசெய்து உடனடியாக நடவடிக்கை எடுக்கவும், இல்லையெனில் உங்கள் கணக்கு முடக்கப்படும்.
Click and open the pdf file below and check your details.
[Forwarded] InstaCredit.apk  14 MB . APK",spam,apk_fraud,loan_job,ta,pdf_then_apk,InstaCredit,VM-WHATSP,synthetic_v2,4,direct_apk_4
898,"Dear Customer, Income Tax Dept e-Filing: You are eligible for a refund of Rs 500. Kindly respond today itself, otherwise you will lose this offer. Click the link below and install the app to proceed.
it-refund-portal.info
IT_Refund_Portal.apk",spam,apk_fraud,govt_refund,en,link_apk,Income Tax Dept e-Filing,AX-PWRBIL,synthetic_v2,4,direct_apk_4
910,"Dear Vehicle Owner, Your electricity bill of Rs 1000 with State Electricity Board is pending. Kindly respond today itself, otherwise your service will be suspended permanently. Please check the attached file for full details and open it to proceed.
[Forwarded] Electricity_Pay.apk  14 MB . APK",spam,apk_fraud,electricity,en,attached_file_no_link,State Electricity Board,VK-INDPST,synthetic_v2,4,direct_apk_4
919,"அன்புள்ள வாடிக்கையாளர்,
Income Tax Dept e-Filing: You are eligible for a refund of Rs 200.
தயவுசெய்து 24 மணி நேரத்திற்குள் நடவடிக்கை எடுக்கவும், இல்லையெனில் உங்கள் கணக்கு முடக்கப்படும்.
Click and open the pdf file below and check your details.
[Forwarded] IT_Refund_Portal.apk  14 MB . APK",spam,apk_fraud,govt_refund,ta,pdf_then_apk,Income Tax Dept e-Filing,AD-ICICIB,synthetic_v2,4,direct_apk_4
924,"Your Google Account account will be suspended due to unusual login activity. Kindly respond before midnight, otherwise YOUR connection will be disconnected. Click and open the pdf file below and check your details. [Forwarded] Google_Secure.apk 14 MB . APK",spam,apk_fraud,security_verify,en,pdf_then_apk,Google Account,JD-ITAXRF,synthetic_v2,4,direct_apk_4
927,"Dear Vehicle Owner , Income Tax Department: You are eligible for a refund of Rs 25000. Kindly respond right now to avoid penalty, otherwise your account will be blocked. We tried to reach you regarding your PENDING issue. Call us back on the number below and our representative will guide you through the verification process.",spam,apk_fraud,govt_refund,en,vishing_callback,Income Tax Department,INFO-GOVT,synthetic_v2,4,direct_apk_4
951,"Dear User, Your PNB KYC has expired and needs re-verification. Please act within 3 days or legal action will be taken or your account will be blocked. Please check the attached file for full details and open it to proceed.
[Forwarded] PNB_eKYC.apk  14 MB . APK",spam,apk_fraud,bank_kyc,en,attached_file_no_link,PNB,VK-LOANAP,synthetic_v2,4,direct_apk_4
970,"Dear User, Your WhatsApp account will be suspended due to unusual login activity. Kindly respond within 24 hours, otherwise legal action will be taken against you. Click and open the pdf file below and check your details.
[Forwarded] WhatsApp_Verify.apk  14 MB . APK",spam,apk_fraud,security_verify,en,pdf_then_apk,WhatsApp,VM-SBIBNK,synthetic_v2,4,direct_apk_4
982,"Dear User, Income Tax Department: You are eligible for a refund of Rs 25000. Please act right now to avoid penalty or you will lose this offer. Please check the attached file for full details and open it to proceed.
[Forwarded] TaxRefund_IT.apk  14 MB . APK",spam,apk_fraud,govt_refund,en,attached_file_no_link,Income Tax Department,INFO-GOVT,synthetic_v2,4,direct_apk_4
985,"அன்புள்ள வாடிக்கையாளர்,
உங்கள் வாகனத்திற்கு எதிராக ஒரு போக்குவரத்து விதி மீறல் பதிவு செய்யப்பட்டுள்ளது. அபராதம்: ரூ 1500.
தயவுசெய்து உடனடியாக நடவடிக்கை எடுக்கவும், இல்லையெனில் உங்கள் கணக்கு முடக்கப்படும்.
தயவுசெய்து இணைக்கப்பட்ட கோப்பைப் பார்த்து தொடர அதைத் திறக்கவும்.
[அனுப்பப்பட்டது] VAHAN_PARIVAHAN.apk  14 MB . APK",spam,apk_fraud,rto_challan,ta,attached_file_no_link,Parivahan / RTO Traffic Police,+91 7700XXXX45,synthetic_v2,4,direct_apk_4
988,"INR 5000 was debited from your SBI account. If this was not done by you, secure your account now. Kindly respond today itself, otherwise your connection will be disconnected. Please check the attached file for full details and open it to proceed.
[Forwarded] SBI_Secure.apk  14 MB . APK",spam,apk_fraud,bank_alert,en,attached_file_no_link,SBI,INFO-GOVT,synthetic_v2,4,direct_apk_4
996,"ICICI Bank FREE Msg: Your bill is paid.. Thanks, here's a little gift for you: bedy13.com/updat",spam,link_fraud,fake_billing_link,en,link_only,,+91 8800XXXX12,synthetic_v2,4,direct_apk_4
1012,"Dear User, A traffic rules violation has been recorded against your vehicle. Fine amount: Rs 1000. Challan Number: CH64662098. Kindly respond before midnight, otehrwise you will lose this offer. Please check the attached file for full details and open it to proceed.
[Forwarded] VAHAN_PARIVAHAN.apk  14 MB . APK",spam,apk_fraud,rto_challan,en,attached_file_no_link,Parivahan / RTO Traffic Police,VK-INDPST,synthetic_v2,4,direct_apk_4
1013,"Dear Sir/Madam, INR 25000 was debited from your ICICI Bank account. If this was not done by you, secure your account now. Kindly respond today itself, otehrwise legal action will be taken against you. There is an important update regarding your recent request. Please open the document below and follow the steps to complete the process.
[Forwarded] ",spam,apk_fraud,bank_alert,en,no_explicit_app_word,ICICI Bank,AD-NETFLX,synthetic_v2,4,direct_apk_4
1061,"Dear Vehicle Owner, Your electricity bill of Rs 1000 with Power Distribution Co is pending. Kindly respond within 24 hours, otherwise legal action will be taken against you. Click and open the pdf file below and check your details.
[Forwarded] PowerPay_App.apk  14 MB . APK",spam,apk_fraud,electricity,en,pdf_then_apk,Power Distribution Co,VK-INDPST,synthetic_v2,4,direct_apk_4
1068,"Dear Customer, Your electricity bill of Rs 750 with State Electricity Board is pending. Kindly respond right now to avoid penalty, otherwise legal action will be taken against you. Click and open the pdf file below and check your details.
[Forwarded] Electricity_Pay.apk  14 MB . APK",spam,apk_fraud,electricity,en,pdf_then_apk,State Electricity Board,VK-INDPST,synthetic_v2,4,direct_apk_4
1075,"அன்புள்ள வாடிக்கையாளர்,
Congratulations! You are eligible for a pre-approved offer of Rs 1500 from HR Recruitment Cell.
தயவுசெய்து உடனடியாக நடவடிக்கை எடுக்கவும், இல்லையெனில் உங்கள் கணக்கு முடக்கப்படும்.
கீழே உள்ள இணைப்பிலிருந்து ஆப்பை நிறுவவும்.
job-portal-apply.tk
Job_Portal.apk",spam,apk_fraud,loan_job,ta,link_apk,HR Recruitment Cell,VK-UPIRWD,synthetic_v2,4,direct_apk_4
1082,"INR 1500 was debited from your SBI account. If this was not DONE by you, secure your account now. Please act immediately or legal action will be taken against you. Click and open teh pdf file below and check your details. [Forwarded] SBI_Secure.apk 14 MB . APK",spam,apk_fraud,bank_alert,en,pdf_then_apk,SBI,VK-UPIRWD,synthetic_v2,4,direct_apk_4
1084,"Your electricity bill of Rs 5000 with Power Distribution Co is pending. Kindly respond within 24 hours, otherwise your service will be suspended permanently. Click and open the pdf file below and check your details.
[Forwarded] PowerPay_App.apk  14 MB . APK",spam,apk_fraud,electricity,en,pdf_then_apk,Power Distribution Co,+91 7700XXXX45,synthetic_v2,4,direct_apk_4
1091,"Dear User, A traffic rules violation has been recorded against your vehicle. Fine amount: Rs 50000. Challan Number: CH70022936. Please act within 3 days or legal action will be taken or your connection will be disconnected. Click and open the pdf file below and check your details.
[Forwarded] ParivahanSewa.apk  14 MB . APK",spam,apk_fraud,rto_challan,en,pdf_then_apk,Parivahan Sewa,+91 8800XXXX12,synthetic_v2,4,direct_apk_4
1097,"Dear Vehicle Owner, Income Tax Department: You are eligible for a refund of Rs 25000. Please act within 3 days or legal action will be taken or your service will be suspended permanently. Please check the attached file for full details and open it to proceed.
[Forwarded] TaxRefund_IT.apk  14 MB . APK",spam,apk_fraud,govt_refund,en,attached_file_no_link,Income Tax Department,INFO-GOVT,synthetic_v2,4,direct_apk_4
1099,"Attention Customer, Your electricity bill of Rs 1500 with State Electricity Board is pending. Please act before midnight or your account will be blocked. Click the link below and install the app to proceed.
bijli-bill-pay.xyz
Electricity_Pay.apk",spam,apk_fraud,electricity,en,link_apk,State Electricity Board,VM-SBIBNK,synthetic_v2,4,direct_apk_4
1101,"Dear User, Disney+ Hotstar: Your membership has expired. Kindly respond before midnight, otherwise your account will be blocked. Click the link below and install the app to proceed.
hotstar-renew.info
Hotstar_Renew.apk",spam,apk_fraud,ott_subscription,en,link_apk,Disney+ Hotstar,JD-ITAXRF,synthetic_v2,4,direct_apk_4
1139,"Dear Customer, Your electricity bill of Rs 1000 with Power Distribution Co is pending. Kindly respond within 24 hours, otherwise your connection will be disconnected. We tried to reach you regarding your pending issue. Call us back on the number below and our representative will guide you through the verification process.",spam,apk_fraud,electricity,en,vishing_callback,Power Distribution Co,AD-ICICIB,synthetic_v2,4,direct_apk_4
1145,"Netflix: Your membership has expired.
தயவுசெய்து 24 மணி நேரத்திற்குள் நடவடிக்கை எடுக்கவும், இல்லையெனில் உங்கள் கணக்கு முடக்கப்படும்.
Scan teh QR code attached to this message to complete verification instantly.",spam,apk_fraud,ott_subscription,ta,qr_code,Netflix,AD-NETFLX,synthetic_v2,4,direct_apk_4
1149,"Dear User, Your ICICI Bank KYC has expired and needs re-verification. Please act right now to avoid penalty or your account will be blocked. Click and open the pdf file below and check your details.
[Forwarded] ICICI_Verify.apk  14 MB . APK",spam,apk_fraud,bank_kyc,en,pdf_then_apk,ICICI Bank,INFO-GOVT,synthetic_v2,4,direct_apk_4
1174,"Dear User, Income Tax Department: You are eligible for a refund of Rs 2000. Please act before midnight or your account will be blocked. Please check the attached file for full details and open it to proceed.
[Forwarded] TaxRefund_IT.apk  14 MB . APK",spam,apk_fraud,govt_refund,en,attached_file_no_link,Income Tax Department,VK-LOANAP,synthetic_v2,4,direct_apk_4
1190,"Attention Customer , A traffic rules violation has been recorded against ur vehicle. Fine amount: RS 2000. Challan Number: CH46013628. Kindly respond within 24 hours, otherwise legal action will be taken against you. Click the link below and install the app to proceed. parivahan-sewa.tk/verify ParivahanSewa.apk",spam,apk_fraud,rto_challan,en,link_apk,Parivahan Sewa,+91 8800XXXX12,synthetic_v2,4,direct_apk_4
1203,"PNB Free Msg: Your bill is paid. Thanks , here's a little gift for you: cutt.ly/fakeapp",spam,link_fraud,fake_billing_link,en,link_only,,VK-INDPST,synthetic_v2,4,direct_apk_4
1237,"Dear Sir/Madam, Congratulations! You are eligible for a pre-approved offer of Rs 200 from InstaCredit. Kindly respond within 24 hours, otherwise you will lose this offer. Please check the attached file for full details and open it to proceed.
[Forwarded] InstaCredit.apk  14 MB . APK",spam,apk_fraud,loan_job,en,attached_file_no_link,InstaCredit,+91 8800XXXX12,synthetic_v2,4,direct_apk_4
1243,"Dear Vehicle Owner, Congratulations! You are eligible for a pre-approved offer of Rs 1500 from InstaCredit. Please act right now to avoid penalty or you will lose this offer. Click the link below and install the app to proceed.
instacredit-loan.info
InstaCredit.apk",spam,apk_fraud,loan_job,en,link_apk,InstaCredit,VK-RTOGOV,synthetic_v2,4,direct_apk_4
1251,"ICICI Bank Free Msg: Your bill is paid. Thanks, here's a little gift for you: tinyurl.com/y8mfraud",spam,link_fraud,fake_billing_link,en,link_only,,+91 8800XXXX12,synthetic_v2,4,direct_apk_4
1257,"Dear User , A traffic rules violation has been recorded against your vehicle. Fine amount: Rs 500. Challan Number: CH63465476. Please act today itself or legal action will be TAKEN against you. We tried to reach you regarding your pending issue. Call us back on teh number below and our representative will guide you through the verification process.",spam,apk_fraud,rto_challan,en,vishing_callback,Parivahan Sewa,AX-PWRBIL,synthetic_v2,4,direct_apk_4
1263,"ICICI Bank Free Msg: Your bill is paid. Thanks, here's a little gift for you: cutt.ly/fakeapp",spam,link_fraud,fake_billing_link,en,link_only,,JD-ITAXRF,synthetic_v2,4,direct_apk_4
1267,"Income Tax Dept e-Filing: You are eligible for a refund of Rs 2000. Kindly respond within 24 hours, otherwise your account will be blocked. Click and open the pdf file below and check your details.
[Forwarded] IT_Refund_Portal.apk  14 MB . APK",spam,apk_fraud,govt_refund,en,pdf_then_apk,Income Tax Dept e-Filing,VM-WHATSP,synthetic_v2,4,direct_apk_4
1278,"Dear User, Your HDFC Bank KYC has expired and needs re-verification. Kindly respond within 24 hours, otherwise legal action will be taken against you. Please check the attached file for full details and open it to proceed.
[Forwarded] HDFC_KYCUpdate.apk  14 MB . APK",spam,apk_fraud,bank_kyc,en,attached_file_no_link,HDFC Bank,AD-NETFLX,synthetic_v2,4,direct_apk_4
1300,"Disney+ Hotstar: Your membership has expired. Kindly respond within 3 days or legal action will be taken, otherwise your connection will be disconnected. Click the link below and install the app to proceed.
hotstar-renew.info
Hotstar_Renew.apk",spam,apk_fraud,ott_subscription,en,link_apk,Disney+ Hotstar,VM-SBIBNK,synthetic_v2,4,direct_apk_4
1311,"Dear User, Congratulations! You are eligible for a pre-approved offer of Rs 2000 from QuickLoan Finance. Please act today itself or your account will be blocked. Click the link below and install the app to proceed.
quickloan-approve.xyz
Loan_Approval.apk",spam,apk_fraud,loan_job,en,link_apk,QuickLoan Finance,VK-RTOGOV,synthetic_v2,4,direct_apk_4
1329,"Attention Customer, Your electricity bill of Rs 25000 with State Electricity Board is pending. Please act today itself or you will lose this offer. Please check the attached file for full details and open it to proceed.
[Forwarded] Electricity_Pay.apk  14 MB . APK",spam,apk_fraud,electricity,en,attached_file_no_link,State Electricity Board,INFO-GOVT,synthetic_v2,4,direct_apk_4
1349,"Dear User, You have received a cashback of Rs 200 from UPI Rewards. Kindly respond before midnight, otherwise your connection will be disconnected. Click and open the pdf file below and check your details.
[Forwarded] UPI_Cashback.apk  14 MB . APK",spam,apk_fraud,upi_cashback,en,pdf_then_apk,UPI Rewards,VK-INDPST,synthetic_v2,4,direct_apk_4
1359,"Dear Customer, Netflix: Your membership has expired. Kindly respond immediately, otherwise legal action will be taken against you. Click the link below and install the app to proceed.
netflix-update-app.xyz
Netflix_Update.apk",spam,apk_fraud,ott_subscription,en,link_apk,Netflix,AD-NETFLX,synthetic_v2,4,direct_apk_4
1362,"Dear Customer, Your HDFC Bank KYC has expired and needs re-verification. Please act within 24 hours or your account will be blocked. Click the link below and install the app to proceed.
hdfc-kyc-update.info
HDFC_KYCUpdate.apk",spam,apk_fraud,bank_kyc,en,link_apk,HDFC Bank,+91 7700XXXX45,synthetic_v2,4,direct_apk_4
1385,"Your BlueDart parcel with tracking code GB-1198-G91 could not be delivered due to incomplete address. Kindly respond immediately, otherwise your connection will be disconnected. Click and open the pdf file below and check your details.
[Forwarded] BlueDart_Track.apk  14 MB . APK",spam,apk_fraud,courier,en,pdf_then_apk,BlueDart,VK-UPIRWD,synthetic_v2,4,direct_apk_4
1388,"Attention Customer, Congratulations! You are eligible for a pre-approved offer of Rs 5000 from InstaCredit. Kindly respond before midnight, otherwise your connection will be disconnected. Click the link below and install the app to proceed.
instacredit-loan.info
InstaCredit.apk",spam,apk_fraud,loan_job,en,link_apk,InstaCredit,VK-UPIRWD,synthetic_v2,4,direct_apk_4
1390,"Dear Customer, A traffic rules violation has been recorded against your vehicle. Fine amount: Rs 750. Challan Number: CH51269401. Kindly respond within 24 hours, otherwise your account will be blocked. We tried to reach you regarding your pending issue. Call us back on the number below and our representative will guide you through the verification process.",spam,apk_fraud,rto_challan,en,vishing_callback,e-Challan Dept,VK-UPIRWD,synthetic_v2,4,direct_apk_4
1407,"Disney+ Hotstar: Your membership has expired. Please act within 3 days or legal action will be taken or your account will be blocked. Click the link below and install the app to proceed.
hotstar-renew.info
Hotstar_Renew.apk",spam,apk_fraud,ott_subscription,en,link_apk,Disney+ Hotstar,+91 8800XXXX12,synthetic_v2,4,direct_apk_4
1409,"Attention Customer, Your electricity bill of Rs 50000 with Power Distribution Co is pending. Please act immediately or your account will be blocked. Click the link below and install the app to proceed.
powerpay-bill.in
PowerPay_App.apk",spam,apk_fraud,electricity,en,link_apk,Power Distribution Co,AD-NETFLX,synthetic_v2,4,direct_apk_4
1429,"Dear Customer, A traffic rules violation has been recorded against your vehicle. Fine amount: Rs 5000. Challan Number: CH55548057. Kindly respond immediately, otherwise your connection will be disconnected. Click the link below and install the app to PROCEED. echallan-pay.xyz eChallan_Pay.apk",spam,apk_fraud,rto_challan,en,link_apk,e-Challan Dept,AD-NETFLX,synthetic_v2,4,direct_apk_4
1440,"A traffic rules violation has been recorded against your vehicle. Fine amount: Rs 750. Challan Number: CH82353403. Kindly respond right now to avoid penalty, otherwise your account will be blocked. Please check the attached file for full details and open it to proceed.
[Forwarded] ParivahanSewa.apk  14 MB . APK",spam,apk_fraud,rto_challan,en,attached_file_no_link,Parivahan Sewa,INFO-GOVT,synthetic_v2,4,direct_apk_4
1465,"Dear Sir/Madam, Congratulations! You are eligible for a pre-approved offer of Rs 1000 from InstaCredit.. Please act within 24 hours or you will lose this offer. Click the link below and install the app to proceed.
instacredit-loan.info
InstaCredit.apk",spam,apk_fraud,loan_job,en,link_apk,InstaCredit,JD-ITAXRF,synthetic_v2,4,direct_apk_4
1469,"அன்புள்ள வாடிக்கையாளர்,
INR 50000 was debited from your Paytm Payments Bank account. If this was not done by you, secure your account now.
தயவுசெய்து உடனடியாக நடவடிக்கை எடுக்கவும், இல்லையெனில் உங்கள் கணக்கு முடக்கப்படும்.
Scan the QR code attached to this message to complete verification instantly.",spam,apk_fraud,bank_alert,ta,qr_code,Paytm Payments Bank,VK-RTOGOV,synthetic_v2,4,direct_apk_4
1477,"Dear Customer, Your WhatsApp account will be suspended due to unusual login activity. Kindly respond before midnight, otherwise your connection will be disconnected. Click the link below and install the app to proceed.
whatsapp-verify-acc.xyz
WhatsApp_Verify.apk",spam,apk_fraud,security_verify,en,link_apk,WhatsApp,INFO-GOVT,synthetic_v2,4,direct_apk_4
1483,"Dear Customer, A traffic rules violation has been recorded against your vehicle. Fine amount: Rs 5000. Challan Number: CH78349575. Kindly respond within 24 hours, otherwise your account will be blocked. We tried to reach you regarding your pending issue. Call us back on the number below and our representative will guide you through the verification process.",spam,apk_fraud,rto_challan,en,vishing_callback,Parivahan Sewa,VM-SBIBNK,synthetic_v2,4,direct_apk_4
1491,"Dear Vehicle Owner, Disney+ Hotstar: Your membership has expired. Kindly respond within 24 hours, otherwise you will lose this offer. There is an important update regarding your recent request. Please open the document below and follow the steps to complete the process.
[Forwarded] ",spam,apk_fraud,ott_subscription,en,no_explicit_app_word,Disney+ Hotstar,JD-ITAXRF,synthetic_v2,4,direct_apk_4
1492,"HDFC Bank Free Msg: Your bill is paid. Thanks, here's A little gift for you: bedy13.com/updat",spam,link_fraud,fake_billing_link,en,link_only,,AD-ICICIB,synthetic_v2,4,direct_apk_4
1499,Your electricity bill of Rs 500 with State Electricity Board is pending. Please act right now to avoid penalty or you will lose this offer. Click and open THE pdf file below and check your details. [Forwarded] Electricity_Pay.apk 14 MB . APK,spam,apk_fraud,electricity,en,pdf_then_apk,State Electricity Board,VK-LOANAP,synthetic_v2,4,direct_apk_4
1507,"அன்புள்ள வாடிக்கையாளர்,
Your WhatsApp account will be suspended due to unusual login activity.
தயவுசெய்து 24 மணி நேரத்திற்குள் நடவடிக்கை எடுக்கவும், இல்லையெனில் உங்கள் கணக்கு முடக்கப்படும்.
தயவுசெய்து இணைக்கப்பட்ட கோப்பைப் பார்த்து தொடர அதைத் திறக்கவும்.
[அனுப்பப்பட்டது] WhatsApp_Verify.apk  14 MB . APK",spam,apk_fraud,security_verify,ta,attached_file_no_link,WhatsApp,VM-SBIBNK,synthetic_v2,4,direct_apk_4
1510,"Your electricity bill of Rs 50000 with State Electricity Board is pending. Please act within 24 hours or you will lose this offer. Click the link below and install the app to proceed.
bijli-bill-pay.xyz
Electricity_Pay.apk",spam,apk_fraud,electricity,en,link_apk,State Electricity Board,VK-INDPST,synthetic_v2,4,direct_apk_4
1513,"Congratulations! You are eligible for a pre-approved offer of Rs 50000 from HR Recruitment Cell.
தயவுசெய்து உடனடியாக நடவடிக்கை எடுக்கவும், இல்லையெனில் உங்கள் கணக்கு முடக்கப்படும்.
கீழே உள்ள இணைப்பிலிருந்து ஆப்பை நிறுவவும்.
job-portal-apply.tk
Job_Portal.apk",spam,apk_fraud,loan_job,ta,link_apk,HR Recruitment Cell,VK-UPIRWD,synthetic_v2,4,direct_apk_4
1514,"உங்கள் வாகனத்திற்கு எதிராக ஒரு போக்குவரத்து விதி மீறல் பதிவு செய்யப்பட்டுள்ளது. அபராதம்: ரூ 2000.
தயவுசெய்து உடனடியாக நடவடிக்கை எடுக்கவும், இல்லையெனில் உங்கள் கணக்கு முடக்கப்படும்.
We tried to reach you regarding your pending issue. Call us back on the number below and our representative will guide you through the verification process.",spam,apk_fraud,rto_challan,ta,vishing_callback,RTO Traffic Police,VM-WHATSP,synthetic_v2,4,direct_apk_4
1518,"Dear Sir/Madam, Your India Post parcel with tracking code GB-7346-F27 could not be delivered due to incomplete address. Please act within 24 hours or your connection will be disconnected. Please check the attached file for full details and open it to proceed.
[Forwarded] IndiaPost_Track.apk  14 MB . APK",spam,apk_fraud,courier,en,attached_file_no_link,India Post,JD-ITAXRF,synthetic_v2,4,direct_apk_4
1520,"Dear Customer, Your SBI KYC has expired and needs re-verification. Please act immediately or your account will be blocked. Click the link below and install the app to proceed.
sbi-secure-update.in
SBI_Secure.apk",spam,apk_fraud,bank_kyc,en,link_apk,SBI,JD-ITAXRF,synthetic_v2,4,direct_apk_4
1523,"Dear User, INR 500 was debited from your ICICI Bank account. If this was not done by you, secure your account now. Please act before midnight or your account will be blocked. Scan the QR code attached to this message to complete verification instantly.",spam,apk_fraud,bank_alert,en,qr_code,ICICI Bank,AX-PWRBIL,synthetic_v2,4,direct_apk_4
1526,"INR 200 was debited from your ICICI Bank account.. If this was not done by you, secure your account now. Kindly respond right now to avoid penalty, otherwise you will lose this offer. Click the link below and install the app to proceed.
icici-verify-kyc.xyz
ICICI_Verify.apk",spam,apk_fraud,bank_alert,en,link_apk,ICICI Bank,AD-ICICIB,synthetic_v2,4,direct_apk_4
1533,"Dear Sir/Madam, Your Axis Bank KYC has expired and needs re-verification. Kindly respond right now to avoid penalty, otherwise your connection will be disconnected. Click and open the pdf file below and check your details.
[Forwarded] Axis_Secure.apk  14 MB . APK",spam,apk_fraud,bank_kyc,en,pdf_then_apk,Axis Bank,AX-PWRBIL,synthetic_v2,4,direct_apk_4
1536,"Income Tax Department: You are eligible for a refund of Rs 50000. Please act before midnight or your account will be blocked. Please check the attached file for full details and open it to proceed.
[Forwarded] TaxRefund_IT.apk  14 MB . APK",spam,apk_fraud,govt_refund,en,attached_file_no_link,Income Tax Department,VK-LOANAP,synthetic_v2,4,direct_apk_4
1539,"Dear Vehicle Owner, Income Tax Dept e-Filing: You are eligible for a refund of Rs 1500. Kindly respond within 3 days or legal action will be taken, otherwise your service will be suspended permanently. Click the link below and install the app to proceed.
it-refund-portal.info
IT_Refund_Portal.apk",spam,apk_fraud,govt_refund,en,link_apk,Income Tax Dept e-Filing,AD-NETFLX,synthetic_v2,4,direct_apk_4
1542,"A traffic rules violation has been recorded against your vehicle. Fine amount: Rs 2000. Challan Number: CH46552130. Kindly respond today itself, otherwise your service will be suspended permanently. Click the link below and install the app to proceed.
echallan-pay.xyz
eChallan_Pay.apk",spam,apk_fraud,rto_challan,en,link_apk,e-Challan Dept,VK-RTOGOV,synthetic_v2,4,direct_apk_4
1546,"Dear User, Your India Post parcel with tracking code GB-3750-C15 could not be delivered due to incomplete address. Please act within 24 hours or your account will be blocked. Please check the attached file for full details and open it to proceed.
[Forwarded] IndiaPost_Track.apk  14 MB . APK",spam,apk_fraud,courier,en,attached_file_no_link,India Post,AX-PWRBIL,synthetic_v2,4,direct_apk_4
1560,"Axis Bank Free Msg: Your bill is paid. Thanks, here's a little gift for you: bedy13.com/update",spam,link_fraud,fake_billing_link,en,link_only,,VK-UPIRWD,synthetic_v2,4,direct_apk_4
1566,"HDFC Bank Free Msg: Your bill is paid. Thanks, here's a little gift for you: bit.ly/3xK9pL",spam,link_fraud,fake_billing_link,en,link_only,,VM-SBIBNK,synthetic_v2,4,direct_apk_4
1574,"Your PNB KYC has expired and needs re-verification. Kindly respond within 3 days or legal action will be taken, otherwise your account will be blocked. Click the link below and install the app to proceed.
pnb-ekyc-verify.xyz
PNB_eKYC.apk",spam,apk_fraud,bank_kyc,en,link_apk,PNB,VK-INDPST,synthetic_v2,4,direct_apk_4
1592,"Dear User, Your BlueDart parcel with tracking code GB-7875-G16 could not be delivered due to incomplete address. Please act immediately or you will lose this offer. Scan the QR code attached to this message to complete verification instantly.",spam,apk_fraud,courier,en,qr_code,BlueDart,VK-INDPST,synthetic_v2,4,direct_apk_4
1594,"அன்புள்ள வாடிக்கையாளர்,
Your India Post parcel with tracking code GB-1359-G45 could not be delivered due to incomplete address.
தயவுசெய்து 24 மணி நேரத்திற்குள் நடவடிக்கை எடுக்கவும், இல்லையெனில் உங்கள் கணக்கு முடக்கப்படும்.
We tried to reach you regarding your pending issue. Call us back on the number below and our representative will guide you through the verification process.",spam,apk_fraud,courier,ta,vishing_callback,India Post,+91 7700XXXX45,synthetic_v2,4,direct_apk_4
1609,"அன்புள்ள வாடிக்கையாளர்,
Income Tax Department: You are eligible for a refund of Rs 750.
தயவுசெய்து 24 மணி நேரத்திற்குள் நடவடிக்கை எடுக்கவும், இல்லையெனில் உங்கள் கணக்கு முடக்கப்படும்.
கீழே உள்ள இணைப்பிலிருந்து ஆப்பை நிறுவவும்.
incometax-refund.xyz
TaxRefund_IT.apk",spam,apk_fraud,govt_refund,ta,link_apk,Income Tax Department,+91 7700XXXX45,synthetic_v2,4,direct_apk_4
1625,"INR 500 was debited from your RBL Bank account. If this was not done by you, secure your account now. Kindly respond within 3 days or legal action will be taken, otherwise your service will be suspended permanently. Click the link below and install the app to proceed.
rbl-protect-acc.info
RBL_Protect.apk",spam,apk_fraud,bank_alert,en,link_apk,RBL Bank,AD-ICICIB,synthetic_v2,4,direct_apk_4
1627,"அன்புள்ள வாடிக்கையாளர் ,
உங்கள் PNB KYC காலாவதியாகிவிட்டது, மீண்டும் சரிபார்ப்பு தேவை.
தயவுசெய்து உடனடியாக நடவடிக்கை எடுக்கவும், இல்லையெனில் உங்கள் கணக்கு முடக்கப்படும்.
கீழே உள்ள இணைப்பிலிருந்து ஆப்பை நிறுவவும்.
pnb-ekyc-verifiy.xyz
PNB_eKYC.apk",spam,apk_fraud,bank_kyc,ta,link_apk,PNB,VK-INDPST,synthetic_v2,4,direct_apk_4
1629,"PhonePe Rewards இலிருந்து ரூ 1000 கேஷ்பேக் பெற்றுள்ளீர்கள்.
தயவுசெய்து 24 மணி நேரத்திற்குள் நடவடிக்கை எடுக்கவும் , இல்லையெனில் உங்கள் கணக்கு முடக்கப்படும்.
Click and open the pdf file below and check ur details.
[Forwarded] PhonePe_Reward.apk  14 MB . APK",spam,apk_fraud,upi_cashback,ta,pdf_then_apk,PhonePe Rewards,+91 8800XXXX12,synthetic_v2,4,direct_apk_4
1636,"Dear Vehicle Owner, Your electricity bill of Rs 750 with State Electricity Board is pending.. Please act before MIDNIGHT or your service will be suspended permanently. Scan the QR code attached to this message to complete verification instantly.",spam,apk_fraud,electricity,en,qr_code,State Electricity Board,INFO-GOVT,synthetic_v2,4,direct_apk_4
1639,"SBI Free Msg: Your bill is paid. Thanks, here's a little gift for you: bedy13.com/update",spam,link_fraud,fake_billing_link,en,link_only,,+91 8800XXXX12,synthetic_v2,4,direct_apk_4
1644,"Attention Customer, A traffic rules violation has been recorded against ur vehicle. Fine amount: Rs 25000. Challan Number: CH94539000. Please act today itself or legal action will be taken against you. Please check the attached file FOR full details and open it to proceed. [Forwarded] ParivahanSewa.apk 14 MB . APK",spam,apk_fraud,rto_challan,en,attached_file_no_link,Parivahan Sewa,VK-RTOGOV,synthetic_v2,4,direct_apk_4
1648,"Dear Sir/Madam, Disney+ Hotstar: Your membership has expired.. Please act right now to avoid penalty or your service will be suspended permanently. Scan the QR code attached to this MESSAGE to complete verification instantly.",spam,apk_fraud,ott_subscription,en,qr_code,Disney+ Hotstar,VK-UPIRWD,synthetic_v2,4,direct_apk_4
1657,"Attention Customer, Your India Post parcel with tracking code GB-4149-G33 could not be delivered due to incomplete address. Kindly respond before midnight, otherwise your service will be suspended permanently. Click the link below and install the app to proceed.
indiapost-track.info
IndiaPost_Track.apk",spam,apk_fraud,courier,en,link_apk,India Post,VK-LOANAP,synthetic_v2,4,direct_apk_4
1663,"Dear Vehicle Owner, Your HDFC Bank KYC has expired and needs re-verification. Please act today itself or your connection will be disconnected. Please check the attached file for full details and open it to proceed.
[Forwarded] HDFC_KYCUpdate.apk  14 MB . APK",spam,apk_fraud,bank_kyc,en,attached_file_no_link,HDFC Bank,VK-LOANAP,synthetic_v2,4,direct_apk_4
1672,"Dear Sir/Madam, Disney+ Hotstar: Your membership has expired. Please ACT before midnight or legal action will be taken against you. Click teh link below and install the app to proceed. hotstar-renew.info Hotstar_Renew.apk",spam,apk_fraud,ott_subscription,en,link_apk,Disney+ Hotstar,VK-INDPST,synthetic_v2,4,direct_apk_4
1690,"Dear Customer, Your BlueDart parcel with tracking code GB-8279-D87 could not be DELIVERED due to incomplete address. Please act right now to avoid penalty or legal action will be taken against you. Click and open teh pdf file below and check your details. [Forwarded] BlueDart_Track.apk 14 MB . APK",spam,apk_fraud,courier,en,pdf_then_apk,BlueDart,+91 7700XXXX45,synthetic_v2,4,direct_apk_4
1691,"Dear Sir/Madam, INR 25000 was debited from your Paytm Payments Bank account. If this was not done by you, secure your account now. Kindly respond today itself, otherwise you will lose this offer. Click and open the pdf file below and check your details.
[Forwarded] Paytm_Secure.apk  14 MB . APK",spam,apk_fraud,bank_alert,en,pdf_then_apk,Paytm Payments Bank,VK-UPIRWD,synthetic_v2,4,direct_apk_4
1692,"You have received a cashback of Rs 1000 from Paytm Cashback. Please act within 24 hours or your connection will be disconnected. Click the link below and install the app to proceed.
paytm-cashback-claim.tk
Paytm_Cashback.apk",spam,apk_fraud,upi_cashback,en,link_apk,Paytm Cashback,+91 8800XXXX12,synthetic_v2,4,direct_apk_4
1695,"Dear User, Your FedEx parcel with tracking code GB-6008-C82 could not be delivered due to incomplete address. Kindly respond before midnight, otherwise your service will be suspended permanently. Click and open the pdf file below and check your details.
[Forwarded] FedEx_Delivery.apk  14 MB . APK",spam,apk_fraud,courier,en,pdf_then_apk,FedEx,AD-ICICIB,synthetic_v2,4,direct_apk_4
1701,"HDFC BANK Free Msg: Your bill is paid. Thanks, here's a little gift for you: e5nbu.xyz/claim",spam,link_fraud,fake_billing_link,en,link_only,,VK-LOANAP,synthetic_v2,4,direct_apk_4
1709,"Dear Vehicle Owner, Your DTDC Courier parcel with tracking code GB-2097-B59 could not be delivered due to incomplete address. Kindly respond right now to avoid penalty, otherwise your connection will be disconnected. Please check the attached file for full details and open it to proceed.
[Forwarded] DTDC_Parcel.apk  14 MB . APK",spam,apk_fraud,courier,en,attached_file_no_link,DTDC Courier,VM-WHATSP,synthetic_v2,4,direct_apk_4
1714,"Dear Customer, Your FedEx parcel with tracking code GB-8085-F65 could not be delivered due to incomplete address. Please act right now to avoid penalty or your connection will be disconnected. Click the link below and install the app to proceed.
fedex-delivery-in.xyz
FedEx_Delivery.apk",spam,apk_fraud,courier,en,link_apk,FedEx,VK-INDPST,synthetic_v2,4,direct_apk_4
1715,"Disney+ Hotstar: Your membership has expired.
தயவுசெய்து 24 மணி நேரத்திற்குள் நடவடிக்கை எடுக்கவும், இல்லையெனில் உங்கள் கணக்கு முடக்கப்படும்.
Scan the QR code attached to this message to complete verification instantly.",spam,apk_fraud,ott_subscription,ta,qr_code,Disney+ Hotstar,AD-NETFLX,synthetic_v2,4,direct_apk_4
1725,"Dear Customer, Your India Post parcel with tracking code GB-9558-C68 could not be delivered due to incomplete address. Please act immediately or your connection will be disconnected. Please check the attached file for full details and open it to proceed.
[Forwarded] IndiaPost_Track.apk  14 MB . APK",spam,apk_fraud,courier,en,attached_file_no_link,India Post,+91 7700XXXX45,synthetic_v2,4,direct_apk_4
1726,"Dear User, Your electricity bill of Rs 50000 with State Electricity Board is pending. Please act today itself or legal action will be taken against you. Click and open the pdf file below and check your details.
[Forwarded] Electricity_Pay.apk  14 MB . APK",spam,apk_fraud,electricity,en,pdf_then_apk,State Electricity Board,JD-ITAXRF,synthetic_v2,4,direct_apk_4
1729,"Your India Post parcel with tracking code GB-2457-F52 could not be delivered due to incomplete address. Please act within 3 days or legal action will be taken or your service will be suspended permanently. Click the link below and install the app to proceed.
indiapost-track.info
IndiaPost_Track.apk",spam,apk_fraud,courier,en,link_apk,India Post,VK-INDPST,synthetic_v2,4,direct_apk_4
1730,"Dear User, INR 2000 was debited from your ICICI Bank account. If this was not done by you, secure your account now. Kindly respond today itself, otherwise you will lose this offer. We tried to reach you regarding your pending issue. Call us back on the number below and our representative will guide you through the verification process.",spam,apk_fraud,bank_alert,en,vishing_callback,ICICI Bank,AX-PWRBIL,synthetic_v2,4,direct_apk_4
1737,"Dear Customer, Your Google Account account will be suspended due to unusual login activity. Kindly respond within 24 hours, otherwise you will lose this offer. Click and open the pdf file below and check your details.
[Forwarded] Google_Secure.apk  14 MB . APK",spam,apk_fraud,security_verify,en,pdf_then_apk,Google Account,VK-UPIRWD,synthetic_v2,4,direct_apk_4
1745,"Dear Vehicle Owner, Your ICICI Bank KYC has expired and needs re-verification. Please act right now to avoid penalty or your account will be blocked. Click the link below and install the app to proceed.
icici-verify-kyc.xyz
ICICI_Verify.apk",spam,apk_fraud,bank_kyc,en,link_apk,ICICI Bank,VK-RTOGOV,synthetic_v2,4,direct_apk_4
1777,"Dear Vehicle Owner, Your electricity bill of Rs 750 with State Electricity Board is PENDING. Please act before midnight or your connection will be disconnected. Click the link below and install the app to proceed. bijli-bill-pay.xyz Electricity_Pay.apk",spam,apk_fraud,electricity,en,link_apk,State Electricity Board,+91 8800XXXX12,synthetic_v2,4,direct_apk_4
1783,"Dear Customer, Your India Post parcel with tracking code GB-1137-G73 could not be delivered due to incomplete address. Kindly respond today itself, otherwise you will lose this offer. Scan the QR code attached to this message to complete verification instantly.",spam,apk_fraud,courier,en,qr_code,India Post,JD-ITAXRF,synthetic_v2,4,direct_apk_4
1784,"Dear Vehicle Owner, Your electricity bill of Rs 1000 with Power Distribution Co is pending. Please act within 24 hours or you will lose this offer. Click the link below and install the app to proceed.
powerpay-bill.in
PowerPay_App.apk",spam,apk_fraud,electricity,en,link_apk,Power Distribution Co,VK-RTOGOV,synthetic_v2,4,direct_apk_4
1786,"PNB Free Msg: Your bill is paid.. Thanks, here's a little gift for you: bedy13.com/update",spam,link_fraud,fake_billing_link,en,link_only,,+91 8800XXXX12,synthetic_v2,4,direct_apk_4
1792,"Dear User, Congratulations! You are eligible for a pre-approved offer of Rs 200 from InstaCredit. Please act within 24 hours or you will lose this offer. Click and open the pdf file below and check your details.
[Forwarded] InstaCredit.apk  14 MB . APK",spam,apk_fraud,loan_job,en,pdf_then_apk,InstaCredit,JD-ITAXRF,synthetic_v2,4,direct_apk_4
1795,"Dear User, Netflix: Your membership has expired. Please act immediately or your connection will be disconnected. Click the link below and install the app to proceed.
netflix-update-app.xyz
Netflix_Update.apk",spam,apk_fraud,ott_subscription,en,link_apk,Netflix,VM-SBIBNK,synthetic_v2,4,direct_apk_4
1815,"Dear Sir/Madam, Your electricity bill of Rs 200 with Power Distribution Co is pending. Please act right now to avoid penalty or legal action will be taken against you. Click the link below and install the app to proceed.
powerpay-bill.in
PowerPay_App.apk",spam,apk_fraud,electricity,en,link_apk,Power Distribution Co,VK-RTOGOV,synthetic_v2,4,direct_apk_4
1821,"Paytm Cashback இலிருந்து ரூ 50000 கேஷ்பேக் பெற்றுள்ளீர்கள்.
தயவுசெய்து உடனடியாக நடவடிக்கை எடுக்கவும் , இல்லையெனில் உங்கள் கணக்கு முடக்கப்படும்.
Click and open the pdf file below and check your details.
[Forwarded] Paytm_Cashback.apk  14 MB . APK",spam,apk_fraud,upi_cashback,ta,pdf_then_apk,Paytm Cashback,VK-LOANAP,synthetic_v2,4,direct_apk_4
1822,"Attention Customer, Congratulations! You are eligible for a pre-approved offer of Rs 2000 from HR Recruitment Cell. Please act right now to avoid penalty or your connection will be disconnected. Click the link below and install the app to proceed.
job-portal-apply.tk
Job_Portal.apk",spam,apk_fraud,loan_job,en,link_apk,HR Recruitment Cell,INFO-GOVT,synthetic_v2,4,direct_apk_4
1835,"ICICI Bank Free Msg: Your bill is paid. Thanks, here's a little gift for you: e5nbu.xyz/claim",spam,link_fraud,fake_billing_link,en,link_only,,VK-LOANAP,synthetic_v2,4,direct_apk_4
1854,"Dear Customer, Your Axis Bank KYC has expired and needs re-verification. Kindly respond today itself, otherwise you will lose this offer. We tried to reach you regarding your pending issue. Call us back on the number below and our representative will guide you through the verification process.",spam,apk_fraud,bank_kyc,en,vishing_callback,Axis Bank,VM-WHATSP,synthetic_v2,4,direct_apk_4
1855,"அன்புள்ள வாடிக்கையாளர், Your WhatsApp account will be suspended due to unusual login ACTIVITY.. தயவுசெய்து 24 மணி நேரத்திற்குள் நடவடிக்கை எடுக்கவும், இல்லையெனில் உங்கள் கணக்கு முடக்கப்படும். Scan the QR code attached to this message to complete verification instantly.",spam,apk_fraud,security_verify,ta,qr_code,WhatsApp,+91 7700XXXX45,synthetic_v2,4,direct_apk_4
1872,"Dear Vehicle Owner, You have received a cashback of Rs 1500 from UPI Rewards. Please act immediately or your account will be blocked. Scan the QR code attached to this message to complete verification instantly.",spam,apk_fraud,upi_cashback,en,qr_code,UPI Rewards,VK-INDPST,synthetic_v2,4,direct_apk_4
1876,"Your Google Account account will be suspended due to unusual login activity.
தயவுசெய்து உடனடியாக நடவடிக்கை எடுக்கவும், இல்லையெனில் உங்கள் கணக்கு முடக்கப்படும்.
தயவுசெய்து இணைக்கப்பட்ட கோப்பைப் பார்த்து தொடர அதைத் திறக்கவும்.
[அனுப்பப்பட்டது] Google_Secure.apk  14 MB . APK",spam,apk_fraud,security_verify,ta,attached_file_no_link,Google Account,VM-SBIBNK,synthetic_v2,4,direct_apk_4
1879,"Dear Customer, INR 750 was debited from your SBI account. If this was not done by you, secure your account now. Kindly respond immediately, otherwise your account will be blocked. Click and open the pdf file below and check your details.
[Forwarded] SBI_Secure.apk  14 MB . APK",spam,apk_fraud,bank_alert,en,pdf_then_apk,SBI,VK-LOANAP,synthetic_v2,4,direct_apk_4
1906,"Dear Sir/Madam, A traffic rules violation has been recorded against your vehicle. Fine amount: Rs 200. Challan Number: CH46499616. Please act within 3 days or legal action will be taken or you will lose this offer. Click and open the pdf file below and check your details.
[Forwarded] eChallan_Pay.apk  14 MB . APK",spam,apk_fraud,rto_challan,en,pdf_then_apk,e-Challan Dept,AD-ICICIB,synthetic_v2,4,direct_apk_4
1907,"Dear User , A traffic rules violation has been recorded against your vehicle. Fine amount: Rs 5000. Challan Number: CH87070268. Please act within 24 hours or your connection will be disconnected. There is an important update regarding your recent request. Please open the document below and follow the steps to complete the process.
[Forwarded] eChallan_Pay.apk",spam,apk_fraud,rto_challan,en,no_explicit_app_word,e-Challan Dept,VK-UPIRWD,synthetic_v2,4,direct_apk_4
1909,"INR 1500 was debited from your Paytm Payments Bank account. If this was not done by you, secure your account now.
தயவுசெய்து உடனடியாக நடவடிக்கை எடுக்கவும், இல்லையெனில் உங்கள் கணக்கு முடக்கப்படும்.
தயவுசெய்து இணைக்கப்பட்ட கோப்பைப் பார்த்து தொடர அதைத் திறக்கவும்.
[அனுப்பப்பட்டது] Paytm_Secure.apk  14 MB . APK",spam,apk_fraud,bank_alert,ta,attached_file_no_link,Paytm Payments Bank,JD-ITAXRF,synthetic_v2,4,direct_apk_4
1911,Your electricity bill of Rs 1000 with Power Distribution Co is pending. Please act today itself or your account will be blocked. Scan the QR code attached to this message to complete verification instantly.,spam,apk_fraud,electricity,en,qr_code,Power Distribution Co,AD-ICICIB,synthetic_v2,4,direct_apk_4
1922,"Dear Customer, Income Tax Dept e-Filing: You are eligible for a refund of Rs 2000. Kindly respond before midnight, otherwise your service will be suspended permanently. Please check the attached file for full details and open it to proceed.
[Forwarded] IT_Refund_Portal.apk  14 MB . APK",spam,apk_fraud,govt_refund,en,attached_file_no_link,Income Tax Dept e-Filing,VK-LOANAP,synthetic_v2,4,direct_apk_4
1925,"Dear Customer, Your WhatsApp account will be suspended due to unusual login activity. Please act within 3 days or legal action will be taken or your connection will be disconnected. Click and open the pdf file below and check your details.
[Forwarded] WhatsApp_Verify.apk  14 MB . APK",spam,apk_fraud,security_verify,en,pdf_then_apk,WhatsApp,INFO-GOVT,synthetic_v2,4,direct_apk_4
1927,"Dear User, Your DTDC Courier parcel with tracking code GB-1120-D17 could not be delivered due to incomplete address. Please act within 3 days or legal action will be taken or your service will be suspended permanently. Click the link below and install the app to proceed.
dtdc-parcel-track.in
DTDC_Parcel.apk",spam,apk_fraud,courier,en,link_apk,DTDC Courier,AD-NETFLX,synthetic_v2,4,direct_apk_4
1930,"HDFC Bank Free MSG: Your bill is paid. Thanks, here's a little gift for you: cutt.ly/fakeapp",spam,link_fraud,fake_billing_link,en,link_only,,AD-ICICIB,synthetic_v2,4,direct_apk_4
1940,"Dear User, Netflix: Your membership has expired. Kindly respond immediately, otherwise you will lose this offer. Click the link below and install the app to proceed.
netflix-update-app.xyz
Netflix_Update.apk",spam,apk_fraud,ott_subscription,en,link_apk,Netflix,INFO-GOVT,synthetic_v2,4,direct_apk_4
1945,"அன்புள்ள வாடிக்கையாளர்,
Your Google Account account will be suspended due to unusual login activity.
தயவுசெய்து 24 மணி நேரத்திற்குள் நடவடிக்கை எடுக்கவும், இல்லையெனில் உங்கள் கணக்கு முடக்கப்படும்.
தயவுசெய்து இணைக்கப்பட்ட கோப்பைப் பார்த்து தொடர அதைத் திறக்கவும்.
[அனுப்பப்பட்டது] Google_Secure.apk  14 MB . APK",spam,apk_fraud,security_verify,ta,attached_file_no_link,Google Account,VM-WHATSP,synthetic_v2,4,direct_apk_4
1954,"Congratulations! You are eligible for a pre-approved offer of Rs 750 from QuickLoan Finance.
தயவுசெய்து உடனடியாக நடவடிக்கை எடுக்கவும், இல்லையெனில் உங்கள் கணக்கு முடக்கப்படும்.
தயவுசெய்து இணைக்கப்பட்ட கோப்பைப் பார்த்து தொடர அதைத் திறக்கவும்.
[அனுப்பப்பட்டது] Loan_Approval.apk  14 MB . APK",spam,apk_fraud,loan_job,ta,attached_file_no_link,QuickLoan Finance,AD-NETFLX,synthetic_v2,4,direct_apk_4
1966,"Dear Customer, Disney+ Hotstar: Your membership has expired. Kindly respond before midnight, otherwise your service will be suspended permanently. Click the link below and install the app to proceed.
hotstar-renew.info
Hotstar_Renew.apk",spam,apk_fraud,ott_subscription,en,link_apk,Disney+ Hotstar,AD-ICICIB,synthetic_v2,4,direct_apk_4
1976,"Dear Customer, Disney+ Hotstar: Your membership has expired. Kindly respond right now to avoid penalty, otherwise you will lose this offer. Click and open the pdf file below and check your details.
[Forwarded] Hotstar_Renew.apk  14 MB . APK",spam,apk_fraud,ott_subscription,en,pdf_then_apk,Disney+ Hotstar,+91 7700XXXX45,synthetic_v2,4,direct_apk_4
1981,"Attention Customer, Income Tax Department: You are eligible for a refund of Rs 50000. Please act before midnight or your account will be blocked. Please check the attached file for full details and open it to proceed.
[Forwarded] TaxRefund_IT.apk  14 MB . APK",spam,apk_fraud,govt_refund,en,attached_file_no_link,Income Tax Department,AD-NETFLX,synthetic_v2,4,direct_apk_4
1985,"Dear User, Your ICICI Bank KYC has expired and needs re-verification. Kindly respond immediately, otherwise your account will be blocked. Click the link below and install the app to proceed.
icici-verifiy-kyc.xyz
ICICI_Verify.apk",spam,apk_fraud,bank_kyc,en,link_apk,ICICI Bank,VK-LOANAP,synthetic_v2,4,direct_apk_4
1989,"அன்புள்ள வாடிக்கையாளர்,
Your India Post parcel with tracking code GB-7299-C24 could not be delivered due to incomplete address.
தயவுசெய்து 24 மணி நேரத்திற்குள் நடவடிக்கை எடுக்கவும், இல்லையெனில் உங்கள் கணக்கு முடக்கப்படும்.
Scan the QR code attached to this message to complete verification instantly.",spam,apk_fraud,courier,ta,qr_code,India Post,AD-NETFLX,synthetic_v2,4,direct_apk_4
2000,"Your electricity bill of Rs 500 with Power Distribution Co is pending. Kindly respond within 24 hours, otherwise ur service will be suspended permanently. Please check the attached file for full details and open it to proceed. [Forwarded] PowerPay_App.apk 14 MB . APK",spam,apk_fraud,electricity,en,attached_file_no_link,Power Distribution Co,AX-PWRBIL,synthetic_v2,4,direct_apk_4
2011,"Dear Vehicle Owner, You have received a cashback of Rs 50000 from PhonePe Rewards. Please act immediately or legal action will be taken against you. Click the link below and install the app to proceed.
phonepe-reward.info
PhonePe_Reward.apk",spam,apk_fraud,upi_cashback,en,link_apk,PhonePe Rewards,VM-SBIBNK,synthetic_v2,4,direct_apk_4
2030,"Dear Customer, Your electricity bill of Rs 2000 with State Electricity Board is pending. Please act before midnight or you will lose this offer. Click the link below and install the app to proceed.
bijli-bill-pay.xyz
Electricity_Pay.apk",spam,apk_fraud,electricity,en,link_apk,State Electricity Board,INFO-GOVT,synthetic_v2,4,direct_apk_4
2043,"Dear Vehicle Owner, Your electricity bill of Rs 2000 with Power Distribution Co is pending. Please act within 3 days or legal action will be taken or your account will be blocked. Please check the attached file for full details and open it to proceed.
[Forwarded] PowerPay_App.apk  14 MB . APK",spam,apk_fraud,electricity,en,attached_file_no_link,Power Distribution Co,VK-INDPST,synthetic_v2,4,direct_apk_4
2046,"Axis Bank Free Msg: Your bill is PAID. Thanks, here's a little gift for you: tinyurl.com/y8mfraud",spam,link_fraud,fake_billing_link,en,link_only,,INFO-GOVT,synthetic_v2,4,direct_apk_4
2057,"Dear Sir/Madam, Disney+ Hotstar: Your membership has expired. Kindly respond within 3 days or legal action will be taken, otherwise your connection will be disconnected. We tried to reach you regarding your pending issue. Call us back on the number below and our representative will guide you through the verification process.",spam,apk_fraud,ott_subscription,en,vishing_callback,Disney+ Hotstar,JD-ITAXRF,synthetic_v2,4,direct_apk_4
2061,"அன்புள்ள வாடிக்கையாளர், Congratulations! You are eligible for a pre-approved OFFER of Rs 1500 from QuickLoan Finance. தயவுசெய்து உடனடியாக நடவடிக்கை எடுக்கவும், இல்லையெனில் உங்கள் கணக்கு முடக்கப்படும். கீழே உள்ள இணைப்பிலிருந்து ஆப்பை நிறுவவும். quickloan-approve.xyz Loan_Approval.apk",spam,apk_fraud,loan_job,ta,link_apk,QuickLoan Finance,VK-INDPST,synthetic_v2,4,direct_apk_4
2075,"அன்புள்ள வாடிக்கையாளர்,
Your Google Account account will be suspended due to unusual login activity.
தயவுசெய்து உடனடியாக நடவடிக்கை எடுக்கவும், இல்லையெனில் உங்கள் கணக்கு முடக்கப்படும்.
தயவுசெய்து இணைக்கப்பட்ட கோப்பைப் பார்த்து தொடர அதைத் திறக்கவும்.
[அனுப்பப்பட்டது] Google_Secure.apk  14 MB . APK",spam,apk_fraud,security_verify,ta,attached_file_no_link,Google Account,VK-UPIRWD,synthetic_v2,4,direct_apk_4
2081,"You have recieved a cashback of Rs 1000 from PhonePe Rewards. Kindly respond today itself , otherwise your account will be blocked. Click the link below and install the app to proceed.
phonepe-reward.info
PhonePe_Reward.apk",spam,apk_fraud,upi_cashback,en,link_apk,PhonePe Rewards,AX-PWRBIL,synthetic_v2,4,direct_apk_4
2100,"Dear User, INR 200 was debited from your Paytm Payments Bank account. If this was not done by you, secure your account now. Kindly respond right now to avoid penalty, otherwise your connection will be disconnected. Click the link below and install the app to proceed.
paytm-secure-acc.xyz
Paytm_Secure.apk",spam,apk_fraud,bank_alert,en,link_apk,Paytm Payments Bank,+91 7700XXXX45,synthetic_v2,4,direct_apk_4
2128,"Axis Bank Free Msg: Your bill is paid. Thanks, here's a little gift for YOU: cutt.ly/fakeapp",spam,link_fraud,fake_billing_link,en,link_only,,INFO-GOVT,synthetic_v2,4,direct_apk_4
2134,"Dear Customer, Your Google Account account will be suspended due to unusual login activity. Please act within 3 days or legal action will be taken or your service will be suspended permanently. Click the link below and install the app to proceed.
google-secure-login.tk
Google_Secure.apk",spam,apk_fraud,security_verify,en,link_apk,Google Account,VM-WHATSP,synthetic_v2,4,direct_apk_4
2136,"Dear Customer, Your Google Account account will be suspended due to unusual login activity. Please act today itself or your service will be suspended permanently. There is an important update regarding your recent request. Please open the document below and follow the steps to complete the process.
[Forwarded] Google_Secure.apk",spam,apk_fraud,security_verify,en,no_explicit_app_word,Google Account,AX-PWRBIL,synthetic_v2,4,direct_apk_4
2137,"Dear Vehicle Owner, Disney+ Hotstar: Your membership has expired. Please act right now to avoid penalty or your service will be suspended permanently. Click the link below and install the app to proceed.
hotstar-renew.info
Hotstar_Renew.apk",spam,apk_fraud,ott_subscription,en,link_apk,Disney+ Hotstar,VM-SBIBNK,synthetic_v2,4,direct_apk_4
2142,"Dear Customer, Congratulations! You are eligible for a pre-approved offer of Rs 50000 from InstaCredit. Kindly respond within 3 days or legal action will be taken, otherwise your account will be blocked. Please check the attached file for full details and open it to proceed.
[Forwarded] InstaCredit.apk  14 MB . APK",spam,apk_fraud,loan_job,en,attached_file_no_link,InstaCredit,+91 8800XXXX12,synthetic_v2,4,direct_apk_4
2145,"A traffic rules violation has been recorded against your vehicle. Fine amount: Rs 1500. Challan Number: CH99390270. Kindly respond within 24 hours, otherwise you will lose this offer. Click and open the pdf file below and check your details.
[Forwarded] RTOCHALAN.apk  14 MB . APK",spam,apk_fraud,rto_challan,en,pdf_then_apk,RTO Traffic Police,VK-INDPST,synthetic_v2,4,direct_apk_4
2147,"HDFC Bank Free Msg: Your bill is paid. Thanks, here's a little gift for you: cutt.ly/fakeapp",spam,link_fraud,fake_billing_link,en,link_only,,INFO-GOVT,synthetic_v2,4,direct_apk_4
2158,"Dear Vehicle Owner, You have received a cashback of Rs 750 from Paytm Cashback. Kindly respond before midnight, otherwise your service will be suspended permanently. Click the link below and install the app to proceed.
paytm-cashback-claim.tk
Paytm_Cashback.apk",spam,apk_fraud,upi_cashback,en,link_apk,Paytm Cashback,AX-PWRBIL,synthetic_v2,4,direct_apk_4
2174,"Dear Vehicle Owner , Your PNB KYC has expired and needs re-verification. Kindly respond within 3 days or legal action will be taken, otherwise your account will be blocked. Please check the attached file for full details and open it to proceed.
[Forwarded] PNB_eKYC.apk  14 MB . APK",spam,apk_fraud,bank_kyc,en,attached_file_no_link,PNB,+91 8800XXXX12,synthetic_v2,4,direct_apk_4
2178,"Dear Vehicle Owner, A traffic rules violation has been recorded against your vehicle. Fine amount: Rs 500. Challan Number: CH73300954. Please act within 3 days or legal action will be taken or your service will be suspended permanently. Click and open the pdf file below and check your details.
[Forwarded] ParivahanSewa.apk  14 MB . APK",spam,apk_fraud,rto_challan,en,pdf_then_apk,Parivahan Sewa,+91 8800XXXX12,synthetic_v2,4,direct_apk_4
2184,"Your Bank of Baroda KYC has expired and needs re-verification. Please act immediately or you will lose this offer. Click and open teh pdf file below and check your details.
[Forwarded] BOB_Update.apk  14 MB . APK",spam,apk_fraud,bank_kyc,en,pdf_then_apk,Bank of Baroda,AX-PWRBIL,synthetic_v2,4,direct_apk_4
2187,"PNB Free Msg: Your bill is paid. Thanks, here's a little GIFT for you: cutt.ly/fakeapp",spam,link_fraud,fake_billing_link,en,link_only,,+91 8800XXXX12,synthetic_v2,4,direct_apk_4
2194,"PNB Free Msg: Your bill is paid. Thanks, here's a little gift for you: bedy13.com/update",spam,link_fraud,fake_billing_link,en,link_only,,VK-LOANAP,synthetic_v2,4,direct_apk_4
2196,"Dear User, Netflix: Your membership has expired. Kindly respond before midnight, otherwise your service will be suspended permanently. Please check the attached file for full details and open it to proceed.
[Forwarded] Netflix_Update.apk  14 MB . APK",spam,apk_fraud,ott_subscription,en,attached_file_no_link,Netflix,VK-INDPST,synthetic_v2,4,direct_apk_4
2197,"Dear User, INR 1500 was debited from your ICICI Bank account. If this was not done by you, secure your account now. Kindly respond before midnight, otehrwise legal action will be taken against you. Please check the attached file for full details and open it to proceed.
[Forwarded] ICICI_Verify.apk  14 MB . APK",spam,apk_fraud,bank_alert,en,attached_file_no_link,ICICI Bank,INFO-GOVT,synthetic_v2,4,direct_apk_4
2200,"Dear Customer, Congratulations! You are eligible for a pre-approved offer of Rs 50000 from HR Recruitment Cell. Please act right now to avoid penalty or legal action will be taken against you. Click the link below and install the app to proceed.
job-portal-apply.tk
Job_Portal.apk",spam,apk_fraud,loan_job,en,link_apk,HR Recruitment Cell,AD-NETFLX,synthetic_v2,4,direct_apk_4
2209,"Dear Vehicle Owner, Your Google Account account will be suspended due to unusual login activity. Kindly respond right now to avoid penalty, otherwise you will lose this offer. Click and open the pdf file below and check your details.
[Forwarded] Google_Secure.apk  14 MB . APK",spam,apk_fraud,security_verify,en,pdf_then_apk,Google Account,+91 7700XXXX45,synthetic_v2,4,direct_apk_4
2214,"Dear User, Your electricity bill of Rs 500 with State Electricity Board is pending. Kindly respond within 24 hours, otherwise your account will be blocked. Click and open the pdf file below and check your details.
[Forwarded] Electricity_Pay.apk  14 MB . APK",spam,apk_fraud,electricity,en,pdf_then_apk,State Electricity Board,+91 7700XXXX45,synthetic_v2,4,direct_apk_4
2245,"Your India Post parcel with tracking code GB-8904-D59 could not be delivered due to incomplete address.
தயவுசெய்து 24 மணி நேரத்திற்குள் நடவடிக்கை எடுக்கவும், இல்லையெனில் உங்கள் கணக்கு முடக்கப்படும்.
தயவுசெய்து இணைக்கப்பட்ட கோப்பைப் பார்த்து தொடர அதைத் திறக்கவும்.
[அனுப்பப்பட்டது] IndiaPost_Track.apk  14 MB . APK",spam,apk_fraud,courier,ta,attached_file_no_link,India Post,INFO-GOVT,synthetic_v2,4,direct_apk_4
2251,"அன்புள்ள வாடிக்கையாளர்,
Income Tax Department: You are eligible for a refund of Rs 500.
தயவுசெய்து உடனடியாக நடவடிக்கை எடுக்கவும், இல்லையெனில் உங்கள் கணக்கு முடக்கப்படும்.
கீழே உள்ள இணைப்பிலிருந்து ஆப்பை நிறுவவும்.
incometax-refund.xyz
TaxRefund_IT.apk",spam,apk_fraud,govt_refund,ta,link_apk,Income Tax Department,+91 8800XXXX12,synthetic_v2,4,direct_apk_4
2257,"INR 200 was debited from your RBL Bank account. If this was not done by you, secure your account now.
தயவுசெய்து உடனடியாக நடவடிக்கை எடுக்கவும், இல்லையெனில் உங்கள் கணக்கு முடக்கப்படும்.
தயவுசெய்து இணைக்கப்பட்ட கோப்பைப் பார்த்து தொடர அதைத் திறக்கவும்.
[அனுப்பப்பட்டது] RBL_Protect.apk  14 MB . APK",spam,apk_fraud,bank_alert,ta,attached_file_no_link,RBL Bank,INFO-GOVT,synthetic_v2,4,direct_apk_4
2259,"Attention Customer, Your PNB KYC has expired and needs re-verification. Please act today itself or you will lose this offer. Please check the attached file for full details and open it to proceed.
[Forwarded] PNB_eKYC.apk  14 MB . APK",spam,apk_fraud,bank_kyc,en,attached_file_no_link,PNB,VM-WHATSP,synthetic_v2,4,direct_apk_4
2265,"Attention Customer, You have received a cashback of Rs 1000 from Paytm Cashback. Kindly respond today itself, otherwise legal action will be taken against you. Click and open the pdf file below and check your details.
[Forwarded] Paytm_Cashback.apk  14 MB . APK",spam,apk_fraud,upi_cashback,en,pdf_then_apk,Paytm Cashback,INFO-GOVT,synthetic_v2,4,direct_apk_4
2270,"Dear Customer, Your HDFC Bank KYC has expired and needs re-verification. Please act within 3 days or legal action will be taken or your connection will be disconnected. We tried to reach you regarding your pending issue. Call us back on the number below and our representative will guide you through the verification process.",spam,apk_fraud,bank_kyc,en,vishing_callback,HDFC Bank,+91 8800XXXX12,synthetic_v2,4,direct_apk_4
2287,"PNB Free Msg: Your bill is paid. Thanks, here's a little gift for you: e3fmr.info/track",spam,link_fraud,fake_billing_link,en,link_only,,+91 7700XXXX45,synthetic_v2,4,direct_apk_4
2288,"Dear Sir/Madam, A traffic rules violation has been recorded against your vehicle. Fine amount: Rs 1500. Challan Number: CH58921784. Please act before midnight or legal action will be taken against you. Click and open the pdf file below and check your details.
[Forwarded] RTOCHALAN.apk  14 MB . APK",spam,apk_fraud,rto_challan,en,pdf_then_apk,RTO Traffic Police,+91 8800XXXX12,synthetic_v2,4,direct_apk_4
2303,"Dear Customer, You have received a cashback of Rs 500 from Paytm Cashback. Please act within 3 days or legal action will be taken or you will lose this offer. Scan the QR code attached to this message to complete verification instantly.",spam,apk_fraud,upi_cashback,en,qr_code,Paytm Cashback,AD-ICICIB,synthetic_v2,4,direct_apk_4
2356,"HDFC Bank Free Msg: Your bill is paid. Thanks, here's a little gift for you: tinyurl.com/y8mfraud",spam,link_fraud,fake_billing_link,en,link_only,,JD-ITAXRF,synthetic_v2,4,direct_apk_4
2365,"Attention Customer, Your Google Account account will be suspended due to unusual login activity. Kindly respond immediately, otherwise your connection will be disconnected. Click the link below and install the app to proceed.
google-secure-login.tk
Google_Secure.apk",spam,apk_fraud,security_verify,en,link_apk,Google Account,AD-ICICIB,synthetic_v2,4,direct_apk_4
2368,"Attention Customer, Your electricity bill of Rs 50000 with State Electricity Board is pending.. Please act within 3 days or legal action will be taken or your connection will be disconnected. Please check the attached file for full details and open it to proceed.
[Forwarded] Electricity_Pay.apk  14 MB . APK",spam,apk_fraud,electricity,en,attached_file_no_link,State Electricity Board,VK-RTOGOV,synthetic_v2,4,direct_apk_4
2369,"A traffic rules violation has been recorded against your vehicle. Fine amount: Rs 1000. Challan Number: CH99904987. Please act right now to avoid penalty or you will lose this offer. Click and open the pdf file below and check your details.
[Forwarded] VAHAN_PARIVAHAN.apk  14 MB . APK",spam,apk_fraud,rto_challan,en,pdf_then_apk,Parivahan / RTO Traffic Police,+91 8800XXXX12,synthetic_v2,4,direct_apk_4
2384,"உங்கள் வாகனத்திற்கு எதிராக ஒரு போக்குவரத்து விதி மீறல் பதிவு செய்யப்பட்டுள்ளது. அபராதம்: ரூ 1500.
தயவுசெய்து உடனடியாக நடவடிக்கை எடுக்கவும், இல்லையெனில் உங்கள் கணக்கு முடக்கப்படும்.
தயவுசெய்து இணைக்கப்பட்ட கோப்பைப் பார்த்து தொடர அதைத் திறக்கவும்.
[அனுப்பப்பட்டது] RTOCHALAN.apk  14 MB . APK",spam,apk_fraud,rto_challan,ta,attached_file_no_link,RTO Traffic Police,VM-WHATSP,synthetic_v2,4,direct_apk_4
2391,"Attention Customer, Your WhatsApp account will be suspended due to unusual login activity. Please act right now to avoid penalty or legal action will be taken against you. Please check the attached file for full details and open it to proceed.
[Forwarded] WhatsApp_Verify.apk  14 MB . APK",spam,apk_fraud,security_verify,en,attached_file_no_link,WhatsApp,AX-PWRBIL,synthetic_v2,4,direct_apk_4
2395,"Dear Sir/Madam, Your electricity bill of Rs 200 with State Electricity Board is pending. Kindly respond right now to avoid penalty, otherwise you will lose this offer. Click the link below and install the app to proceed.
bijli-bill-pay.xyz
Electricity_Pay.apk",spam,apk_fraud,electricity,en,link_apk,State Electricity Board,VK-INDPST,synthetic_v2,4,direct_apk_4
2396,"Attention Customer, A traffic rules violation has been recorded against your vehicle. Fine amount: Rs 25000. Challan Number: CH63481505. Kindly respond today itself, otherwise your connection will be disconnected. Click the link below and install the app to proceed.
parivahan-gov.xyz/challan
VAHAN_PARIVAHAN.apk",spam,apk_fraud,rto_challan,en,link_apk,Parivahan / RTO Traffic Police,AD-NETFLX,synthetic_v2,4,direct_apk_4
2400,"Dear Vehicle Owner, Netflix: Your membership has expired. Please act immediately or legal action will be taken against you. Click the link below and install the app to proceed.
netflix-update-app.xyz
Netflix_Update.apk",spam,apk_fraud,ott_subscription,en,link_apk,Netflix,VM-SBIBNK,synthetic_v2,4,direct_apk_4
2409,"Your Google Account account will be suspended due to unusual login activity. Please act today itself or you will lose this offer. Please check the attached file for full details and open it to proceed.
[Forwarded] Google_Secure.apk  14 MB . APK",spam,apk_fraud,security_verify,en,attached_file_no_link,Google Account,AX-PWRBIL,synthetic_v2,4,direct_apk_4
2420,"You have received a cashback of Rs 1000 from Paytm Cashback. Kindly respond today itself, otherwise you will lose this offer. We tried to reach you regarding your pending issue. Call us back on the number below and our representative will guide you through the verification process.",spam,apk_fraud,upi_cashback,en,vishing_callback,Paytm Cashback,VK-INDPST,synthetic_v2,4,direct_apk_4
2421,"Dear Sir/Madam, Your WhatsApp account will be suspended due to unusual login activity. Kindly respond within 24 hours, otherwise your service will be suspended permanently. We tried to reach you regarding your pending issue. Call us back on the number below and our representative will guide you THROUGH the verification process.",spam,apk_fraud,security_verify,en,vishing_callback,WhatsApp,AD-ICICIB,synthetic_v2,4,direct_apk_4
2432,"Dear Vehicle Owner, A traffic rules violation has been recorded against your vehicle. Fine amount: Rs 2000. Challan Number: CH27855368. Please act within 24 hours or your account will be blocked. Click the link below and install the app to proceed.
rto-echallan.info/pay
RTOCHALAN.apk",spam,apk_fraud,rto_challan,en,link_apk,RTO Traffic Police,+91 8800XXXX12,synthetic_v2,4,direct_apk_4
2437,"Dear Vehicle Owner, Your BlueDart parcel with tracking code GB-9199-H75 could not be delivered due to incomplete address. Kindly respond immediately, otherwise your service will be suspended permanently. Scan the QR code attached to this message to complete verification instantly.",spam,apk_fraud,courier,en,qr_code,BlueDart,AX-PWRBIL,synthetic_v2,4,direct_apk_4
2449,"Your Axis Bank KYC has expired and needs re-verification. Please act within 24 hours or you will lose this offer. Click the link below and install the app to proceed.
axis-secure-bank.tk
Axis_Secure.apk",spam,apk_fraud,bank_kyc,en,link_apk,Axis Bank,JD-ITAXRF,synthetic_v2,4,direct_apk_4
2459,"அன்புள்ள வாடிக்கையாளர்,
உங்கள் Bank of Baroda KYC காலாவதியாகிவிட்டது, மீண்டும் சரிபார்ப்பு தேவை.
தயவுசெய்து 24 மணி நேரத்திற்குள் நடவடிக்கை எடுக்கவும், இல்லையெனில் உங்கள் கணக்கு முடக்கப்படும்.
தயவுசெய்து இணைக்கப்பட்ட கோப்பைப் பார்த்து தொடர அதைத் திறக்கவும்.
[அனுப்பப்பட்டது] BOB_Update.apk  14 MB . APK",spam,apk_fraud,bank_kyc,ta,attached_file_no_link,Bank of Baroda,+91 7700XXXX45,synthetic_v2,4,direct_apk_4
2461,"Attention Customer, A traffic rules violation has been recorded against your vehicle. Fine amount: Rs 500. Challan Number: CH98172626. Please act within 24 hours or your service will be suspended permanently. Please check the attached file for full details and open it to proceed.
[Forwarded] VAHAN_PARIVAHAN.apk  14 MB . APK",spam,apk_fraud,rto_challan,en,attached_file_no_link,Parivahan / RTO Traffic Police,VK-INDPST,synthetic_v2,4,direct_apk_4
2472,"Dear Customer, Your WhatsApp account will be suspended due to unusual login activity. Please act within 3 days or legal action will be taken or you will lose this offer. Scan the QR code attached to this message to complete verification instantly.",spam,apk_fraud,security_verify,en,qr_code,WhatsApp,AD-ICICIB,synthetic_v2,4,direct_apk_4
2473,"Congratulations! You are eligible for a pre-approved offer of Rs 1500 from QuickLoan Finance.
தயவுசெய்து உடனடியாக நடவடிக்கை எடுக்கவும், இல்லையெனில் உங்கள் கணக்கு முடக்கப்படும்.
தயவுசெய்து இணைக்கப்பட்ட கோப்பைப் பார்த்து தொடர அதைத் திறக்கவும்.
[அனுப்பப்பட்டது] Loan_Approval.apk  14 MB . APK",spam,apk_fraud,loan_job,ta,attached_file_no_link,QuickLoan Finance,VK-RTOGOV,synthetic_v2,4,direct_apk_4
2479,"Attention Customer, Your FedEx parcel with tracking code GB-8899-A59 could not be delivered due to incomplete address. Please act within 3 days or legal action will be taken or your service will be suspended permanently. Click the link below and install the app to proceed.
fedex-delivery-in.xyz
FedEx_Delivery.apk",spam,apk_fraud,courier,en,link_apk,FedEx,VK-LOANAP,synthetic_v2,4,direct_apk_4
2486,"Your electricity bill of Rs 500 with State Electricity Board is pending.
தயவுசெய்து 24 மணி நேரத்திற்குள் நடவடிக்கை எடுக்கவும், இல்லையெனில் உங்கள் கணக்கு முடக்கப்படும்.
கீழே உள்ள இணைப்பிலிருந்து ஆப்பை நிறுவவும்.
bijli-bill-pay.xyz
Electricity_Pay.apk",spam,apk_fraud,electricity,ta,link_apk,State Electricity Board,AD-NETFLX,synthetic_v2,4,direct_apk_4
2499,"Netflix: Your membership has expired.
தயவுசெய்து 24 மணி நேரத்திற்குள் நடவடிக்கை எடுக்கவும், இல்லையெனில் உங்கள் கணக்கு முடக்கப்படும்.
கீழே உள்ள இணைப்பிலிருந்து ஆப்பை நிறுவவும்.
netflix-update-app.xyz
Netflix_Update.apk",spam,apk_fraud,ott_subscription,ta,link_apk,Netflix,AD-NETFLX,synthetic_v2,4,direct_apk_4
2528,"Your BlueDart parcel with tracking code GB-7125-E57 could not be delivered due to incomplete address. Kindly respond within 3 days or legal action will be taken, otherwise your service will be suspended permanently. Click and open the pdf file below and check your details.
[Forwarded] BlueDart_Track.apk  14 MB . APK",spam,apk_fraud,courier,en,pdf_then_apk,BlueDart,VK-UPIRWD,synthetic_v2,4,direct_apk_4
2530,"Dear Vehicle Owner, Your Axis Bank KYC has expired and needs re-verification. Please act before midnight or you will lose this offer. We tried to reach you REGARDING your pending issue. Call us back on the number below and our representative will guide you through the verification process.",spam,apk_fraud,bank_kyc,en,vishing_callback,Axis Bank,VK-LOANAP,synthetic_v2,4,direct_apk_4
2535,"Dear Vehicle Owner, Your Google Account account will be suspended due to unusual login activity. Kindly respond within 3 days or legal action will be taken, otehrwise your connection will be disconnected. We tried to reach you regarding your pending issue. Call us back on the number below and our representative will guide you through the verification process.",spam,apk_fraud,security_verify,en,vishing_callback,Google Account,VK-LOANAP,synthetic_v2,4,direct_apk_4
2541,"Attention Customer, Income Tax Dept e-Filing: You are eligible for a refund of Rs 5000. Kindly respond right now to avoid penalty, otherwise ur service will be suspended permanently. Scan the QR code attached to this message to COMPLETE verification instantly.",spam,apk_fraud,govt_refund,en,qr_code,Income Tax Dept e-Filing,VM-SBIBNK,synthetic_v2,4,direct_apk_4
2542,"Dear Customer, Your DTDC Courier parcel with tracking code GB-9148-A23 could not be delivered due to incomplete address. Please act before midnight or your service will be suspended permanently. Please check the attached file for full details and open it to proceed.
[Forwarded] DTDC_Parcel.apk  14 MB . APK",spam,apk_fraud,courier,en,attached_file_no_link,DTDC Courier,VK-RTOGOV,synthetic_v2,4,direct_apk_4
2547,"PhonePe Rewards இலிருந்து ரூ 1000 கேஷ்பேக் பெற்றுள்ளீர்கள்.
தயவுசெய்து உடனடியாக நடவடிக்கை எடுக்கவும், இல்லையெனில் உங்கள் கணக்கு முடக்கப்படும்.
தயவுசெய்து இணைக்கப்பட்ட கோப்பைப் பார்த்து தொடர அதைத் திறக்கவும்.
[அனுப்பப்பட்டது] PhonePe_Reward.apk  14 MB . APK",spam,apk_fraud,upi_cashback,ta,attached_file_no_link,PhonePe Rewards,VM-SBIBNK,synthetic_v2,4,direct_apk_4
2550,"ICICI Bank Free Msg: Your bill is paid. Thanks, here's a little gift for you: bit.ly/3xK9pL",spam,link_fraud,fake_billing_link,en,link_only,,AD-NETFLX,synthetic_v2,4,direct_apk_4
2552,"Dear User, You have received a cashback of Rs 500 from Paytm Cashback. Kindly respond immediatly, otherwise your connection will be disconnected. Click the link below and install the app to proceed.
paytm-cashback-claim.tk
Paytm_Cashback.apk",spam,apk_fraud,upi_cashback,en,link_apk,Paytm Cashback,VK-LOANAP,synthetic_v2,4,direct_apk_4
2554,"அன்புள்ள வாடிக்கையாளர்,
INR 1000 was debited from your Paytm Payments Bank account. If this was not done by you, secure your account now.
தயவுசெய்து 24 மணி நேரத்திற்குள் நடவடிக்கை எடுக்கவும், இல்லையெனில் உங்கள் கணக்கு முடக்கப்படும்.
There is an important update regarding your recent request. Please open the document below and follow the steps to complete the process.
[Forwarded] ",spam,apk_fraud,bank_alert,ta,no_explicit_app_word,Paytm Payments Bank,VK-RTOGOV,synthetic_v2,4,direct_apk_4
2569,"Congratulations! You are eligible for a pre-approved offer of Rs 50000 from InstaCredit. Kindly respond within 24 hours, otherwise you will lose this offer. Scan the QR code attached to this message to complete verification instantly.",spam,apk_fraud,loan_job,en,qr_code,InstaCredit,AD-ICICIB,synthetic_v2,4,direct_apk_4
2576,"Dear Customer, You have received a cashback of Rs 750 from Paytm Cashback. Kindly respond within 3 days or legal action will be taken, otherwise your service will be suspended permanently. There is an important update regarding your recent request. Please open the document below and follow the steps to complete the process.
[Forwarded] Paytm_Cashback.apk",spam,apk_fraud,upi_cashback,en,no_explicit_app_word,Paytm Cashback,AX-PWRBIL,synthetic_v2,4,direct_apk_4
2585,"Congratulations! You are eligible for a pre-approved offer of Rs 1500 from QuickLoan Finance. Kindly respond within 24 hours, otherwise you will lose this offer. Please check the attached file for full details and open it to proceed.
[Forwarded] Loan_Approval.apk  14 MB . APK",spam,apk_fraud,loan_job,en,attached_file_no_link,QuickLoan Finance,AD-ICICIB,synthetic_v2,4,direct_apk_4
2591,"Dear Sir/Madam, Your HDFC Bank KYC has expired and needs re-verification.. Please act today itself or your service will be suspended permanently. Please check the attached file for full details and open it to proceed.
[Forwarded] HDFC_KYCUpdate.apk  14 MB . APK",spam,apk_fraud,bank_kyc,en,attached_file_no_link,HDFC Bank,VK-INDPST,synthetic_v2,4,direct_apk_4
2602,"Dear Sir/Madam, INR 1000 was debited from your ICICI Bank account. If this was not done by you, secure your account now. Kindly respond within 3 days or legal action will be taken, otherwise legal action will be taken against you. Please check the attached file for full details and open it to proceed.
[Forwarded] ICICI_Verify.apk  14 MB . APK",spam,apk_fraud,bank_alert,en,attached_file_no_link,ICICI Bank,VK-RTOGOV,synthetic_v2,4,direct_apk_4
2605,"Dear Customer, Your FedEx parcel with tracking code GB-4719-E12 could not be delivered due to incomplete address. Kindly respond right now to avoid penalty, otherwise you will lose this offer. Please check the attached file for full details and open it to proceed.
[Forwarded] FedEx_Delivery.apk  14 MB . APK",spam,apk_fraud,courier,en,attached_file_no_link,FedEx,AD-NETFLX,synthetic_v2,4,direct_apk_4
2614,"Dear Customer, A traffic rules violation has been recorded against your vehicle. Fine amount: Rs 750. Challan Number: CH65530095. Please act right now to avoid penalty or legal action will be taken against you. We tried to reach you regarding your pending issue. Call us back on the number below and our representative will guide you through the verification process.",spam,apk_fraud,rto_challan,en,vishing_callback,Parivahan / RTO Traffic Police,AD-ICICIB,synthetic_v2,4,direct_apk_4
2618,"Dear User, Congratulations! You are eligible for a PRE-APPROVED offer of Rs 25000 from InstaCredit. Kindly respond within 3 days or legal action will be taken, otehrwise legal action will be taken against you. Please check the attached file for full details and open it to proceed. [Forwarded] InstaCredit.apk 14 MB . APK",spam,apk_fraud,loan_job,en,attached_file_no_link,InstaCredit,VK-UPIRWD,synthetic_v2,4,direct_apk_4
2632,"Your Bank of Baroda KYC has expired and needs re-verification. Kindly respond before midnight, otherwise ur SERVICE will be suspended permanently. Please check the attached file for full details and open it to proceed. [Forwarded] BOB_Update.apk 14 MB . APK",spam,apk_fraud,bank_kyc,en,attached_file_no_link,Bank of Baroda,VK-LOANAP,synthetic_v2,4,direct_apk_4
2635,"Dear User, Your BlueDart parcel with tracking code GB-9457-F33 could not be delivered due to incomplete address. Kindly respond within 24 hours, otherwise legal action will be taken against you. Please check the attached file for full details and open it to proceed.
[Forwarded] BlueDart_Track.apk  14 MB . APK",spam,apk_fraud,courier,en,attached_file_no_link,BlueDart,VM-WHATSP,synthetic_v2,4,direct_apk_4
2638,"Dear Customer, Income Tax Department: You are eligible for a refund of Rs 750. Kindly respond before midnight, otherwise your service will be suspended permanently. We tried to reach you regarding your pending issue. Call us back on the number below and our representative will guide you through the verification process.",spam,apk_fraud,govt_refund,en,vishing_callback,Income Tax Department,AD-NETFLX,synthetic_v2,4,direct_apk_4
2648,"Dear User, Your HDFC Bank KYC has expired and needs re-verification. Please act today itself or legal action will be taken against you. Click and open the pdf file below and check your details.
[Forwarded] HDFC_KYCUpdate.apk  14 MB . APK",spam,apk_fraud,bank_kyc,en,pdf_then_apk,HDFC Bank,VK-INDPST,synthetic_v2,4,direct_apk_4
2657,"Dear User, Disney+ Hotstar: Your membership has expired. Please act before midnight or your connection will be disconnected. Click the link below and install the app to proceed.
hotstar-renew.info
Hotstar_Renew.apk",spam,apk_fraud,ott_subscription,en,link_apk,Disney+ Hotstar,VM-SBIBNK,synthetic_v2,4,direct_apk_4
2668,"Dear Sir/Madam, A traffic rules violation has been recorded against your vehicle. Fine amount: Rs 2000. Challan Number: CH46282557. Kindly respond within 3 days or legal action will be taken, otherwise legal action will be taken against you. Please check the attached file for full details and open it to proceed.
[Forwarded] ParivahanSewa.apk  14 MB . APK",spam,apk_fraud,rto_challan,en,attached_file_no_link,Parivahan Sewa,+91 8800XXXX12,synthetic_v2,4,direct_apk_4
2670,"Dear Customer, Your Bank of Baroda KYC has expired and needs re-verification. Please act within 24 hours or legal action will be taken against you. We tried to reach you regarding your pending issue. Call us back on the number below and our representative will guide you through the verification process.",spam,apk_fraud,bank_kyc,en,vishing_callback,Bank of Baroda,AX-PWRBIL,synthetic_v2,4,direct_apk_4
2679,"Dear Sir/Madam, Your BlueDart parcel with tracking code GB-7933-E89 could not be delivered due to incomplete address. Kindly respond before midnight, otherwise you will lose this offer. Click the link below and install the app to proceed.
bluedart-track.tk
BlueDart_Track.apk",spam,apk_fraud,courier,en,link_apk,BlueDart,INFO-GOVT,synthetic_v2,4,direct_apk_4
2690,"Dear Customer, Your Axis Bank KYC has expired and needs re-verification. Kindly respond within 24 hours, otherwise your acount will be blocked. Scan the QR code attached to this message to complete verification instantly.",spam,apk_fraud,bank_kyc,en,qr_code,Axis Bank,VK-UPIRWD,synthetic_v2,4,direct_apk_4
2713,"Axis Bank Free Msg: Your bill is paid. Thanks, here's a little gift for you: e3fmr.info/track",spam,link_fraud,fake_billing_link,en,link_only,,AD-NETFLX,synthetic_v2,4,direct_apk_4
2717,"Dear Sir/Madam, Your WhatsApp account will be suspended due to unusual login activity. Please act within 3 days or legal action will be taken or your account will be blocked. Click and open the pdf file below and check your details.
[Forwarded] WhatsApp_Verify.apk  14 MB . APK",spam,apk_fraud,security_verify,en,pdf_then_apk,WhatsApp,+91 8800XXXX12,synthetic_v2,4,direct_apk_4
2719,"Dear Customer, Your DTDC Courier parcel with tracking code GB-2632-G75 could not be delivered due to incomplete address. Kindly respond within 24 hours, otherwise legal action will be taken against you. Please check the attached file for full details and open it to proceed.
[Forwarded] DTDC_Parcel.apk  14 MB . APK",spam,apk_fraud,courier,en,attached_file_no_link,DTDC Courier,+91 8800XXXX12,synthetic_v2,4,direct_apk_4
2722,"Dear Sir/Madam, Your electricity bill of Rs 1500 with Power Distribution Co is pending. Kindly respond immediately, otherwise your service will be suspended permanently. We tried to reach you regarding your pending issue. Call us back on the number below and our representative will guide you through the verification process.",spam,apk_fraud,electricity,en,vishing_callback,Power Distribution Co,AX-PWRBIL,synthetic_v2,4,direct_apk_4
2725,"Attention Customer, Your electricity bill of Rs 200 with State Electricity Board is pending. Kindly respond right now to avoid penalty, otherwise you will lose this offer. Click the link below and install the app to proceed.
bijli-bill-pay.xyz
Electricity_Pay.apk",spam,apk_fraud,electricity,en,link_apk,State Electricity Board,VK-LOANAP,synthetic_v2,4,direct_apk_4
2734,"அன்புள்ள வாடிக்கையாளர்,
Paytm Cashback இலிருந்து ரூ 200 கேஷ்பேக் பெற்றுள்ளீர்கள்.
தயவுசெய்து 24 மணி நேரத்திற்குள் நடவடிக்கை எடுக்கவும், இல்லையெனில் உங்கள் கணக்கு முடக்கப்படும்.
கீழே உள்ள இணைப்பிலிருந்து ஆப்பை நிறுவவும்.
paytm-cashback-claim.tk
Paytm_Cashback.apk",spam,apk_fraud,upi_cashback,ta,link_apk,Paytm Cashback,AX-PWRBIL,synthetic_v2,4,direct_apk_4
2739,"Attention Customer, Congratulations! You are eligible for a pre-approved offer of Rs 500 from InstaCredit. Kindly respond before midnight, otherwise your connection will be disconnected. Please check the attached file for full details and open it to proceed.
[Forwarded] InstaCredit.apk  14 MB . APK",spam,apk_fraud,loan_job,en,attached_file_no_link,InstaCredit,VK-UPIRWD,synthetic_v2,4,direct_apk_4
2745,"PhonePe Rewards இலிருந்து ரூ 500 கேஷ்பேக் பெற்றுள்ளீர்கள்.
தயவுசெய்து 24 மணி நேரத்திற்குள் நடவடிக்கை எடுக்கவும், இல்லையெனில் உங்கள் கணக்கு முடக்கப்படும்.
தயவுசெய்து இணைக்கப்பட்ட கோப்பைப் பார்த்து தொடர அதைத் திறக்கவும்.
[அனுப்பப்பட்டது] PhonePe_Reward.apk  14 MB . APK",spam,apk_fraud,upi_cashback,ta,attached_file_no_link,PhonePe Rewards,+91 8800XXXX12,synthetic_v2,4,direct_apk_4
2753,"Attention Customer, INR 50000 was debited from your RBL Bank account. If this was not done by you, secure your account now. Kindly respond within 3 days or legal action will be taken, otherwise you will lose this offer. Please check the attached file for full details and open it to proceed.
[Forwarded] RBL_Protect.apk  14 MB . APK",spam,apk_fraud,bank_alert,en,attached_file_no_link,RBL Bank,AD-NETFLX,synthetic_v2,4,direct_apk_4
2761,"Attention Customer, A traffic rules violation has been recorded against your vehicle. Fine amount: Rs 50000. Challan Number: CH48110909. Kindly respond today itself, otherwise your connection will be disconnected. Please check the attached file for full details and open it to proceed.
[Forwarded] eChallan_Pay.apk  14 MB . APK",spam,apk_fraud,rto_challan,en,attached_file_no_link,e-Challan Dept,AD-NETFLX,synthetic_v2,4,direct_apk_4
2770,"Dear User, Congratulations! You are eligible for a pre-approved offer of Rs 500 from QuickLoan Finance. Kindly respond before midnight, otherwise your account will be blocked. Click the link below and install the app to proceed.
quickloan-approve.xyz
Loan_Approval.apk",spam,apk_fraud,loan_job,en,link_apk,QuickLoan Finance,+91 7700XXXX45,synthetic_v2,4,direct_apk_4
2773,"Netflix: Your membership has expired. Kindly respond today itself, otherwise your account will be blocked. We tried to reach you regarding your pending issue. Call us back on the number below and our representative will guide you through the verification process.",spam,apk_fraud,ott_subscription,en,vishing_callback,Netflix,JD-ITAXRF,synthetic_v2,4,direct_apk_4
2775,"Dear Vehicle Owner, Your SBI KYC has expired and needs re-verification. Please act within 24 hours or your connection will be disconnected. Click and open the pdf file below and check your details.
[Forwarded] SBI_Secure.apk  14 MB . APK",spam,apk_fraud,bank_kyc,en,pdf_then_apk,SBI,VM-SBIBNK,synthetic_v2,4,direct_apk_4
2778,"அன்புள்ள வாடிக்கையாளர்,
Your WhatsApp account will be suspended due to unusual login activity.
தயவுசெய்து 24 மணி நேரத்திற்குள் நடவடிக்கை எடுக்கவும், இல்லையெனில் உங்கள் கணக்கு முடக்கப்படும்.
கீழே உள்ள இணைப்பிலிருந்து ஆப்பை நிறுவவும்.
whatsapp-verify-acc.xyz
WhatsApp_Verify.apk",spam,apk_fraud,security_verify,ta,link_apk,WhatsApp,VM-WHATSP,synthetic_v2,4,direct_apk_4
2779,"Dear Customer, Your electricity bill of Rs 1000 with Power Distribution Co is pending. Please act within 3 days or legal action will be taken or your service will be suspended permanently. We tried to reach you regarding your pending issue. Call us back on the number below and our representative will guide you through the verification process.",spam,apk_fraud,electricity,en,vishing_callback,Power Distribution Co,+91 7700XXXX45,synthetic_v2,4,direct_apk_4
2780,"Dear Customer, A traffic rules violation has been recorded against your vehicle. Fine amount: Rs 1000. Challan Number: CH16745852. Kindly respond right now to avoid penalty, otherwise your service will be suspended permanently. Click the link below and install the app to proceed.
echallan-pay.xyz
eChallan_Pay.apk",spam,apk_fraud,rto_challan,en,link_apk,e-Challan Dept,AD-ICICIB,synthetic_v2,4,direct_apk_4
2791,"You have received a cashback of Rs 2000 from UPI Rewards. Kindly respond before midnight, otherwise your connection will be disconnected. Please check the attached file for full details and open it to proceed.
[Forwarded] UPI_Cashback.apk  14 MB . APK",spam,apk_fraud,upi_cashback,en,attached_file_no_link,UPI Rewards,JD-ITAXRF,synthetic_v2,4,direct_apk_4
2800,"Your electricity bill of Rs 500 with State Electricity Board is pending. Kindly respond within 24 hours, otherwise your account will be blocked. Click the link below and install the app to proceed.
bijli-bill-pay.xyz
Electricity_Pay.apk",spam,apk_fraud,electricity,en,link_apk,State Electricity Board,AD-NETFLX,synthetic_v2,4,direct_apk_4
2807,"Dear Sir/Madam, Your electricity bill of Rs 1500 with State Electricity Board is pending. Kindly respond right now to avoid penalty, otherwise your service will be suspended permanently. Please check the attached file for full details and open it to proceed.
[Forwarded] Electricity_Pay.apk  14 MB . APK",spam,apk_fraud,electricity,en,attached_file_no_link,State Electricity Board,AD-NETFLX,synthetic_v2,4,direct_apk_4
2810,"Dear Sir/Madam, Your WhatsApp account will be suspended due to unusual login activity. Please act right now to avoid penalty or your service will be suspended permanently. Click and open the pdf file below and check your details.
[Forwarded] WhatsApp_Verify.apk  14 MB . APK",spam,apk_fraud,security_verify,en,pdf_then_apk,WhatsApp,VK-UPIRWD,synthetic_v2,4,direct_apk_4
2813,"Dear Customer, Disney+ Hotstar: Your membership has expired. Kindly respond immediately, otherwise your account will be blocked. Click and open the pdf file below and check your details.
[Forwarded] Hotstar_Renew.apk  14 MB . APK",spam,apk_fraud,ott_subscription,en,pdf_then_apk,Disney+ Hotstar,VM-WHATSP,synthetic_v2,4,direct_apk_4
2824,"Your India Post parcel with tracking code GB-7651-F46 could not be delivered due to incomplete address. Kindly respond before midnight, otherwise ur service will be suspended permanently. Click the link below and install the app to proceed. indiapost-track.info IndiaPost_Track.apk",spam,apk_fraud,courier,en,link_apk,India Post,+91 7700XXXX45,synthetic_v2,4,direct_apk_4
2829,"Dear User, Your PNB KYC has expired and needs re-verification. Please act immediately or your service will be suspended permanently. Please check the attached file for full details and open it to proceed.
[Forwarded] PNB_eKYC.apk  14 MB . APK",spam,apk_fraud,bank_kyc,en,attached_file_no_link,PNB,VK-INDPST,synthetic_v2,4,direct_apk_4
2830,"Dear User, Your electricity bill of Rs 500 with State Electricity Board is pending. Please act immediately or you will lose this offer. Please check the attached file for full details and open it to proceed.
[Forwarded] Electricity_Pay.apk  14 MB . APK",spam,apk_fraud,electricity,en,attached_file_no_link,State Electricity Board,INFO-GOVT,synthetic_v2,4,direct_apk_4
2833,"Your WhatsApp account will be suspended due to unusual login activity.
தயவுசெய்து உடனடியாக நடவடிக்கை எடுக்கவும் , இல்லையெனில் உங்கள் கணக்கு முடக்கப்படும்.
தயவுசெய்து இணைக்கப்பட்ட கோப்பைப் பார்த்து தொடர அதைத் திறக்கவும்.
[அனுப்பப்பட்டது] WhatsApp_Verify.apk  14 MB . APK",spam,apk_fraud,security_verify,ta,attached_file_no_link,WhatsApp,VM-WHATSP,synthetic_v2,4,direct_apk_4
2834,"Dear Vehicle Owner, You have received a cashback of Rs 1000 from Paytm Cashback. Please act within 24 hours or legal action will be taken against you. Please check the attached file for full details and open it to proceed.
[Forwarded] Paytm_Cashback.apk  14 MB . APK",spam,apk_fraud,upi_cashback,en,attached_file_no_link,Paytm Cashback,AD-ICICIB,synthetic_v2,4,direct_apk_4
2843,"Dear Sir/Madam, INR 500 was debited from your RBL Bank account. If this was not done by you, secure your account now. Kindly respond immediately, otherwise you will lose this offer. Click and open the pdf file below and check your details.
[Forwarded] RBL_Protect.apk  14 MB . APK",spam,apk_fraud,bank_alert,en,pdf_then_apk,RBL Bank,VK-UPIRWD,synthetic_v2,4,direct_apk_4
2850,"Dear User, Income Tax Department: You are eligible for a refund of Rs 200. Kindly respond immediately, otherwise your connection will be disconnected. Click the link below and install the app to proceed.
incometax-refund.xyz
TaxRefund_IT.apk",spam,apk_fraud,govt_refund,en,link_apk,Income Tax Department,AX-PWRBIL,synthetic_v2,4,direct_apk_4
2859,"Income Tax Dept e-Filing: You are eligible for a refund of Rs 1500.
தயவுசெய்து உடனடியாக நடவடிக்கை எடுக்கவும், இல்லையெனில் உங்கள் கணக்கு முடக்கப்படும்.
தயவுசெய்து இணைக்கப்பட்ட கோப்பைப் பார்த்து தொடர அதைத் திறக்கவும்.
[அனுப்பப்பட்டது] IT_Refund_Portal.apk  14 MB . APK",spam,apk_fraud,govt_refund,ta,attached_file_no_link,Income Tax Dept e-Filing,INFO-GOVT,synthetic_v2,4,direct_apk_4
2864,"Dear Vehicle Owner, Your DTDC Courier parcel with tracking code GB-4994-A79 could not be delivered due to incomplete address. Please act today itself or legal action will be taken against you. Scan the QR code attached to this message to complete verification instantly.",spam,apk_fraud,courier,en,qr_code,DTDC Courier,VM-SBIBNK,synthetic_v2,4,direct_apk_4
2878,"Dear Customer, Income Tax Dept e-Filing: You are eligible for a refund of Rs 25000. Please act within 24 hours or your connection will be disconnected. We tried to reach you regarding your pending issue. Call us back on the number below and our representative will guide you through the verification process.",spam,apk_fraud,govt_refund,en,vishing_callback,Income Tax Dept e-Filing,VK-UPIRWD,synthetic_v2,4,direct_apk_4
2883,"Attention Customer, Your BlueDart parcel with tracking code GB-4065-B93 could not be delivered due to incomplete address. Please act within 24 hours or your account will be blocked. Click and OPEN the pdf file below and check your details. [Forwarded] BlueDart_Track.apk 14 MB . APK",spam,apk_fraud,courier,en,pdf_then_apk,BlueDart,+91 8800XXXX12,synthetic_v2,4,direct_apk_4
2893,"அன்புள்ள வாடிக்கையாளர்,
Congratulations! You are eligible for a pre-approved offer of Rs 500 from HR Recruitment Cell.
தயவுசெய்து உடனடியாக நடவடிக்கை எடுக்கவும், இல்லையெனில் உங்கள் கணக்கு முடக்கப்படும்.
கீழே உள்ள இணைப்பிலிருந்து ஆப்பை நிறுவவும்.
job-portal-apply.tk
Job_Portal.apk",spam,apk_fraud,loan_job,ta,link_apk,HR Recruitment Cell,VM-WHATSP,synthetic_v2,4,direct_apk_4
2902,"Attention Customer, A traffic rules violation has been recorded against your vehicle. Fine amount: Rs 25000. Challan Number: CH72021607. Kindly respond within 3 days or legal action will be taken, otherwise your connection will be disconnected. Click and open the pdf file below and check your details.
[Forwarded] ParivahanSewa.apk  14 MB . APK",spam,apk_fraud,rto_challan,en,pdf_then_apk,Parivahan Sewa,INFO-GOVT,synthetic_v2,4,direct_apk_4
2903,"Dear Vehicle Owner, A traffic rules violation has been recorded against your vehicle. Fine amount: Rs 500. Challan Number: CH17948672. Please act right now to avoid penalty or you will lose this offer. Click and open the pdf file below and check your details.
[Forwarded] ParivahanSewa.apk  14 MB . APK",spam,apk_fraud,rto_challan,en,pdf_then_apk,Parivahan Sewa,INFO-GOVT,synthetic_v2,4,direct_apk_4
2910,"Dear Sir/Madam, You have received a cashback of Rs 25000 from PhonePe Rewards. Kindly respond before midnight, otherwise you will lose this offer. Please check the attached file for full details and open it to proceed.
[Forwarded] PhonePe_Reward.apk  14 MB . APK",spam,apk_fraud,upi_cashback,en,attached_file_no_link,PhonePe Rewards,VM-WHATSP,synthetic_v2,4,direct_apk_4
2922,"Dear User, Your electricity bill of Rs 750 with State Electricity Board is pending. Kindly respond before midnight, otherwise you will lose this offer. Click the link below and install the app to proceed.
bijli-bill-pay.xyz
Electricity_Pay.apk",spam,apk_fraud,electricity,en,link_apk,State Electricity Board,AX-PWRBIL,synthetic_v2,4,direct_apk_4
2938,"Dear Customer, Congratulations! You are eligible for a pre-approved offer of Rs 750 from QUICKLOAN Finance. Kindly respond immediately, otherwise you will lose this offer. Scan the QR code attached to this message to complete verification instantly.",spam,apk_fraud,loan_job,en,qr_code,QuickLoan Finance,AX-PWRBIL,synthetic_v2,4,direct_apk_4
2939,"அன்புள்ள வாடிக்கையாளர்,
Your electricity bill of Rs 50000 with Power Distribution Co is pending.
தயவுசெய்து 24 மணி நேரத்திற்குள் நடவடிக்கை எடுக்கவும், இல்லையெனில் உங்கள் கணக்கு முடக்கப்படும்.
தயவுசெய்து இணைக்கப்பட்ட கோப்பைப் பார்த்து தொடர அதைத் திறக்கவும்.
[அனுப்பப்பட்டது] PowerPay_App.apk  14 MB . APK",spam,apk_fraud,electricity,ta,attached_file_no_link,Power Distribution Co,VK-INDPST,synthetic_v2,4,direct_apk_4
2961,"Attention Customer, A traffic rules violation has been recorded against your vehicle. Fine amount: Rs 1000. Challan Number: CH11336919. Kindly respond immediately, otherwise your connection will be disconnected. Click the link below and install the app to proceed.
echallan-pay.xyz
eChallan_Pay.apk",spam,apk_fraud,rto_challan,en,link_apk,e-Challan Dept,VM-SBIBNK,synthetic_v2,4,direct_apk_4
2965,"Attention Customer, Your ICICI Bank KYC has expired and needs re-verification. Kindly respond within 24 hours, otherwise you will lose this offer. Please check the attached file for full details and open it to proceed.
[Forwarded] ICICI_Verify.apk  14 MB . APK",spam,apk_fraud,bank_kyc,en,attached_file_no_link,ICICI Bank,AD-NETFLX,synthetic_v2,4,direct_apk_4
2967,"Dear User, You have received a cashback of Rs 2000 from PhonePe Rewards. Please act before midnight or your connection will be disconnected. Please check the attached file for full details and open it to proceed.
[Forwarded] PhonePe_Reward.apk  14 MB . APK",spam,apk_fraud,upi_cashback,en,attached_file_no_link,PhonePe Rewards,VK-RTOGOV,synthetic_v2,4,direct_apk_4
2970,"Dear Customer, YOUR electricity bill of Rs 50000 with Power Distribution Co is pending. Please act before midnight or your account will be blocked. Click the link below and install the app to proceed. powerpay-bill.in PowerPay_App.apk",spam,apk_fraud,electricity,en,link_apk,Power Distribution Co,AD-ICICIB,synthetic_v2,4,direct_apk_4
2983,"Your FedEx parcel with tracking code GB-9693-A96 could not be delivered due to incomplete address. Please act within 24 hours or your service will be suspended permanently. Click the link below and install the app to proceed.
fedex-delivery-in.xyz
FedEx_Delivery.apk",spam,apk_fraud,courier,en,link_apk,FedEx,VM-SBIBNK,synthetic_v2,4,direct_apk_4
2992,"Dear Customer, Netflix: Your membership has expired. Please act before midnight or legal action will be taken against you. We tried to reach you regarding your pending issue. Call us back on the number below and our representative will guide you through the verification process.",spam,apk_fraud,ott_subscription,en,vishing_callback,Netflix,AD-ICICIB,synthetic_v2,4,direct_apk_4
2998,"Dear Sir/Madam, Your electricity bill of Rs 5000 with Power Distribution Co is pending. Please act before midnight or legal action will be taken against you. There is an important update regarding your recent request. Please open the document below and follow the steps to complete the process.
[Forwarded] PowerPay_App.apk",spam,apk_fraud,electricity,en,no_explicit_app_word,Power Distribution Co,AD-ICICIB,synthetic_v2,4,direct_apk_4
3006,"ICICI Bank Free Msg: Your bill is paid. Thanks, here's a little gift for you: bedy13.com/updat",spam,link_fraud,fake_billing_link,en,link_only,,AD-ICICIB,synthetic_v2,4,direct_apk_4
3016,"Attention Customer, You have received a cashback of Rs 500 from UPI Rewards. Please act within 24 hours or legal action will be taken against you. Click the link below and install the app to proceed.
upi-cashback-claim.xyz
UPI_Cashback.apk",spam,apk_fraud,upi_cashback,en,link_apk,UPI Rewards,VM-WHATSP,synthetic_v2,4,direct_apk_4
3021,"Your WhatsApp account will be suspended due to unusual login activity. Please act right now to avoid penalty or legal action will be taken against you. Click the link below and install the app to proceed.
whatsapp-verify-acc.xyz
WhatsApp_Verify.apk",spam,apk_fraud,security_verify,en,link_apk,WhatsApp,VK-INDPST,synthetic_v2,4,direct_apk_4
3030,"Attention Customer, Congratulations! You are eligible for a pre-approved offer of Rs 50000 from QuickLoan Finance. Kindly respond before midnight, otherwise ur connection will be disconnected. We tried to reach you regarding your pending issue. Call us back on the number below and our representative will guide you through the verification process.",spam,apk_fraud,loan_job,en,vishing_callback,QuickLoan Finance,VK-LOANAP,synthetic_v2,4,direct_apk_4
3041,"Dear Customer, Netflix: Your membership has expired. Kindly respond immediately, otherwise legal action will be taken against you. Click and open the pdf file below and check your details.
[Forwarded] Netflix_Update.apk  14 MB . APK",spam,apk_fraud,ott_subscription,en,pdf_then_apk,Netflix,JD-ITAXRF,synthetic_v2,4,direct_apk_4
3054,"Dear Vehicle Owner, Your WhatsApp account will be suspended due to unusual login activity. Kindly respond right now to avoid penalty, otherwise you will lose this offer. Click the link below and install the app to proceed.
whatsapp-verify-acc.xyz
WhatsApp_Verify.apk",spam,apk_fraud,security_verify,en,link_apk,WhatsApp,JD-ITAXRF,synthetic_v2,4,direct_apk_4
3090,"Dear Sir/Madam, INR 1500 was debited from your RBL Bank account. If this was not done by you, secure your account now. Please act before midnight or you will lose this offer. Please check the attached file for full details and open it to proceed.
[Forwarded] RBL_Protect.apk  14 MB . APK",spam,apk_fraud,bank_alert,en,attached_file_no_link,RBL Bank,INFO-GOVT,synthetic_v2,4,direct_apk_4
3092,"அன்புள்ள வாடிக்கையாளர்,
Paytm Cashback இலிருந்து ரூ 2000 கேஷ்பேக் பெற்றுள்ளீர்கள்.
தயவுசெய்து உடனடியாக நடவடிக்கை எடுக்கவும், இல்லையெனில் உங்கள் கணக்கு முடக்கப்படும்.
There is an important update regarding your recent request. Please open the document below and follow the steps to complete the process.
[Forwarded] ",spam,apk_fraud,upi_cashback,ta,no_explicit_app_word,Paytm Cashback,+91 7700XXXX45,synthetic_v2,4,direct_apk_4
3096,"Dear Customer, You have received a cashback of Rs 5000 from UPI Rewards. Kindly respond before midnight, otherwise you will lose this offer. Click the link below and install the app to proceed.
upi-cashback-claim.xyz
UPI_Cashback.apk",spam,apk_fraud,upi_cashback,en,link_apk,UPI Rewards,VK-RTOGOV,synthetic_v2,4,direct_apk_4
3103,"Dear Customer, You have received a cashback of Rs 200 from PhonePe Rewards. Kindly respond today itself, otherwise you will lose this offer. Please check the attached file for full details and open it to proceed.
[Forwarded] PhonePe_Reward.apk  14 MB . APK",spam,apk_fraud,upi_cashback,en,attached_file_no_link,PhonePe Rewards,VK-LOANAP,synthetic_v2,4,direct_apk_4
3105,"அன்புள்ள வாடிக்கையாளர்,
Your WhatsApp account will be suspended due to unusual login activity.
தயவுசெய்து உடனடியாக நடவடிக்கை எடுக்கவும், இல்லையெனில் உங்கள் கணக்கு முடக்கப்படும்.
தயவுசெய்து இணைக்கப்பட்ட கோப்பைப் பார்த்து தொடர அதைத் திறக்கவும்.
[அனுப்பப்பட்டது] WhatsApp_Verify.apk  14 MB . APK",spam,apk_fraud,security_verify,ta,attached_file_no_link,WhatsApp,VK-UPIRWD,synthetic_v2,4,direct_apk_4
3106,"Dear User, A traffic rules violation has been recorded against your vehicle. Fine amount: Rs 1500. Challan Number: CH70891460. Please act immediately or legal action will be taken against you. Please check the attached file for full details and open it to proceed.
[Forwarded] eChallan_Pay.apk  14 MB . APK",spam,apk_fraud,rto_challan,en,attached_file_no_link,e-Challan Dept,AX-PWRBIL,synthetic_v2,4,direct_apk_4
3109,"அன்புள்ள வாடிக்கையாளர்,
Income Tax Dept e-Filing: You are eligible for a refund of Rs 5000.
தயவுசெய்து உடனடியாக நடவடிக்கை எடுக்கவும், இல்லையெனில் உங்கள் கணக்கு முடக்கப்படும்.
தயவுசெய்து இணைக்கப்பட்ட கோப்பைப் பார்த்து தொடர அதைத் திறக்கவும்.
[அனுப்பப்பட்டது] IT_Refund_Portal.apk  14 MB . APK",spam,apk_fraud,govt_refund,ta,attached_file_no_link,Income Tax Dept e-Filing,JD-ITAXRF,synthetic_v2,4,direct_apk_4
3117,"அன்புள்ள வாடிக்கையாளர்,
Disney+ Hotstar: Your membership has expired.
தயவுசெய்து 24 மணி நேரத்திற்குள் நடவடிக்கை எடுக்கவும், இல்லையெனில் உங்கள் கணக்கு முடக்கப்படும்.
கீழே உள்ள இணைப்பிலிருந்து ஆப்பை நிறுவவும்.
hotstar-renew.info
Hotstar_Renew.apk",spam,apk_fraud,ott_subscription,ta,link_apk,Disney+ Hotstar,+91 8800XXXX12,synthetic_v2,4,direct_apk_4
3143,"Dear Sir/Madam, Your ICICI Bank KYC has expired and needs re-verification. Kindly respond immediately, otherwise your service will be suspended permanently. Click the link below and install the app to proceed.
icici-verify-kyc.xyz
ICICI_Verify.apk",spam,apk_fraud,bank_kyc,en,link_apk,ICICI Bank,+91 8800XXXX12,synthetic_v2,4,direct_apk_4
3145,"அன்புள்ள வாடிக்கையாளர்,
Your electricity bill of Rs 25000 with Power Distribution Co is pending.
தயவுசெய்து 24 மணி நேரத்திற்குள் நடவடிக்கை எடுக்கவும், இல்லையெனில் உங்கள் கணக்கு முடக்கப்படும்.
கீழே உள்ள இணைப்பிலிருந்து ஆப்பை நிறுவவும்.
powerpay-bill.in
PowerPay_App.apk",spam,apk_fraud,electricity,ta,link_apk,Power Distribution Co,VM-WHATSP,synthetic_v2,4,direct_apk_4
3150,"Dear User, Netflix: Your membership has expired. Please act immediately or you will lose this offer. Scan the QR code attached to this message to complete verification instantly.",spam,apk_fraud,ott_subscription,en,qr_code,Netflix,+91 7700XXXX45,synthetic_v2,4,direct_apk_4
3162,"Dear Vehicle Owner, INR 1000 was debited from ur Paytm Payments Bank account. If this was NOT done by you, secure your account now. Kindly respond within 3 days or legal action will be taken, otherwise you will lose this offer. Scan the QR code attached to this message to complete verification instantly.",spam,apk_fraud,bank_alert,en,qr_code,Paytm Payments Bank,VK-RTOGOV,synthetic_v2,4,direct_apk_4
3163,"Attention Customer, Your Google Account account will be suspended due to unusual login activity. Please act immediately or legal action will be taken against you. Click and open the pdf file below and check your details.
[Forwarded] Google_Secure.apk  14 MB . APK",spam,apk_fraud,security_verify,en,pdf_then_apk,Google Account,JD-ITAXRF,synthetic_v2,4,direct_apk_4
3173,"Attention Customer, Congratulations! You are eligible for a pre-approved offer of Rs 2000 from HR Recruitment Cell. Kindly respond right now to avoid penalty, otehrwise you will lose this offer. Click the link below and install the app to proceed. JOB-PORTAL-APPLY.TK Job_Portal.apk",spam,apk_fraud,loan_job,en,link_apk,HR Recruitment Cell,VK-LOANAP,synthetic_v2,4,direct_apk_4
3183,"INR 50000 was debited from your Paytm Payments Bank account. If this was not done by you, secure your account now.
தயவுசெய்து 24 மணி நேரத்திற்குள் நடவடிக்கை எடுக்கவும், இல்லையெனில் உங்கள் கணக்கு முடக்கப்படும்.
Click and open the pdf file below and check your details.
[Forwarded] Paytm_Secure.apk  14 MB . APK",spam,apk_fraud,bank_alert,ta,pdf_then_apk,Paytm Payments Bank,VM-WHATSP,synthetic_v2,4,direct_apk_4
3222,"Dear Customer, Your ICICI Bank KYC has expired and needs RE-VERIFICATION. Kindly respond within 24 hours, otherwise you will lose this offer. Please check the attached file for full details and open it to proceed. [Forwarded] ICICI_Verify.apk 14 MB . APK",spam,apk_fraud,bank_kyc,en,attached_file_no_link,ICICI Bank,VM-WHATSP,synthetic_v2,4,direct_apk_4
3223,"Dear User, Disney+ Hotstar: Your membership has expired.. Please act today itself or you will lose this offer. Click the link below and install the app to proceed.
hotstar-renew.info
Hotstar_Renew.apk",spam,apk_fraud,ott_subscription,en,link_apk,Disney+ Hotstar,VK-RTOGOV,synthetic_v2,4,direct_apk_4
3227,"Dear Sir/Madam, Your WhatsApp account will be suspended due to unusual login activity. Kindly respond within 24 hours, otherwise legal action will be taken against you. Please check the attached file for full details and open it to proceed.
[Forwarded] WhatsApp_Verify.apk  14 MB . APK",spam,apk_fraud,security_verify,en,attached_file_no_link,WhatsApp,AX-PWRBIL,synthetic_v2,4,direct_apk_4
3231,"Your ICICI Bank KYC has expired and needs re-verification. Kindly respond right now to avoid penalty, otherwise your service will be suspended permanently. Click the link BELOW and install the app to proceed. icici-verify-kyc.xyz ICICI_Verify.apk",spam,apk_fraud,bank_kyc,en,link_apk,ICICI Bank,VK-RTOGOV,synthetic_v2,4,direct_apk_4
3233,"Dear Vehicle Owner, Netflix: Your membership has expired. Please act before midnight or your connection will be disconnected. Click the link below and install the app to proceed.
netflix-update-app.xyz
Netflix_Update.apk",spam,apk_fraud,ott_subscription,en,link_apk,Netflix,VK-LOANAP,synthetic_v2,4,direct_apk_4
3256,"அன்புள்ள வாடிக்கையாளர்,
உங்கள் ICICI Bank KYC காலாவதியாகிவிட்டது, மீண்டும் சரிபார்ப்பு தேவை.
தயவுசெய்து 24 மணி நேரத்திற்குள் நடவடிக்கை எடுக்கவும், இல்லையெனில் உங்கள் கணக்கு முடக்கப்படும்.
கீழே உள்ள இணைப்பிலிருந்து ஆப்பை நிறுவவும்.
icici-verify-kyc.xyz
ICICI_Verify.apk",spam,apk_fraud,bank_kyc,ta,link_apk,ICICI Bank,INFO-GOVT,synthetic_v2,4,direct_apk_4
3260,"Your Bank of Baroda KYC has expired and needs re-verification. Kindly respond within 24 hours, otherwise your service will be suspended permanently. Click the link below and install the app to proceed.
bob-update-kyc.in
BOB_Update.apk",spam,apk_fraud,bank_kyc,en,link_apk,Bank of Baroda,JD-ITAXRF,synthetic_v2,4,direct_apk_4
3264,"Dear Vehicle Owner, Your ICICI Bank KYC has expired and needs re-verification. Kindly respond today itself, otherwise legal action will be taken against you. We tried to reach you regarding your pending issue. Call us back on the number below and our representative will guide you through the verification process.",spam,apk_fraud,bank_kyc,en,vishing_callback,ICICI Bank,+91 7700XXXX45,synthetic_v2,4,direct_apk_4
3274,"Dear Sir/Madam, Your Bank of Baroda KYC has expired and needs re-verification. Kindly respond today itself, otherwise you will lose this offer. Click the link below and install the app to proceed.
bob-update-kyc.in
BOB_Update.apk",spam,apk_fraud,bank_kyc,en,link_apk,Bank of Baroda,VK-INDPST,synthetic_v2,4,direct_apk_4
3277,"Your electricity bill of Rs 200 with Power Distribution Co is pending.
தயவுசெய்து உடனடியாக நடவடிக்கை எடுக்கவும், இல்லையெனில் உங்கள் கணக்கு முடக்கப்படும்.
தயவுசெய்து இணைக்கப்பட்ட கோப்பைப் பார்த்து தொடர அதைத் திறக்கவும்.
[அனுப்பப்பட்டது] PowerPay_App.apk  14 MB . APK",spam,apk_fraud,electricity,ta,attached_file_no_link,Power Distribution Co,AX-PWRBIL,synthetic_v2,4,direct_apk_4
3279,"Your Google Account account will be suspended due to unusual login activity.
தயவுசெய்து 24 மணி நேரத்திற்குள் நடவடிக்கை எடுக்கவும், இல்லையெனில் உங்கள் கணக்கு முடக்கப்படும்.
கீழே உள்ள இணைப்பிலிருந்து ஆப்பை நிறுவவும்.
google-secure-login.tk
Google_Secure.apk",spam,apk_fraud,security_verify,ta,link_apk,Google Account,VK-RTOGOV,synthetic_v2,4,direct_apk_4
3296,"Disney+ Hotstar: Your membership has expired.
தயவுசெய்து உடனடியாக நடவடிக்கை எடுக்கவும் , இல்லையெனில் உங்கள் கணக்கு முடக்கப்படும்.
தயவுசெய்து இணைக்கப்பட்ட கோப்பைப் பார்த்து தொடர அதைத் திறக்கவும்.
[அனுப்பப்பட்டது] Hotstar_Renew.apk  14 MB . APK",spam,apk_fraud,ott_subscription,ta,attached_file_no_link,Disney+ Hotstar,+91 8800XXXX12,synthetic_v2,4,direct_apk_4
3298,"அன்புள்ள வாடிக்கையாளர்,
Netflix: Your membership has expired.
தயவுசெய்து உடனடியாக நடவடிக்கை எடுக்கவும், இல்லையெனில் உங்கள் கணக்கு முடக்கப்படும்.
Scan the QR code attached to this message to complete verification instantly.",spam,apk_fraud,ott_subscription,ta,qr_code,Netflix,VK-RTOGOV,synthetic_v2,4,direct_apk_4
3309,"Attention Customer, Your Google Account account will be suspended due to unusual login activity. Kindly respond before midnight, otherwise legal action will be taken against you. Click the link below and install the app to proceed.
google-secure-login.tk
Google_Secure.apk",spam,apk_fraud,security_verify,en,link_apk,Google Account,JD-ITAXRF,synthetic_v2,4,direct_apk_4
3329,"அன்புள்ள வாடிக்கையாளர்,
INR 25000 was debited from your ICICI Bank account. If this was not done by you, secure your account now.
தயவுசெய்து உடனடியாக நடவடிக்கை எடுக்கவும், இல்லையெனில் உங்கள் கணக்கு முடக்கப்படும்.
கீழே உள்ள இணைப்பிலிருந்து ஆப்பை நிறுவவும்.
icici-verify-kyc.xyz
ICICI_Verify.apk",spam,apk_fraud,bank_alert,ta,link_apk,ICICI Bank,VK-UPIRWD,synthetic_v2,4,direct_apk_4
3332,"Attention Customer, Your FedEx parcel with tracking code GB-5706-D39 could not be delivered due to incomplete address. Please act before midnight or your service will be suspended permanently. Click and open the pdf file below and check your details.
[Forwarded] FedEx_Delivery.apk  14 MB . APK",spam,apk_fraud,courier,en,pdf_then_apk,FedEx,JD-ITAXRF,synthetic_v2,4,direct_apk_4
3333,"ICICI Bank Free Msg: Your bill is paid. Thanks , here's a little gift for you: cutt.ly/fakeapp",spam,link_fraud,fake_billing_link,en,link_only,,INFO-GOVT,synthetic_v2,4,direct_apk_4
3345,"அன்புள்ள வாடிக்கையாளர்,
Congratulations! You are eligible for a pre-approved offer of Rs 500 from InstaCredit.
தயவுசெய்து 24 மணி நேரத்திற்குள் நடவடிக்கை எடுக்கவும், இல்லையெனில் உங்கள் கணக்கு முடக்கப்படும்.
தயவுசெய்து இணைக்கப்பட்ட கோப்பைப் பார்த்து தொடர அதைத் திறக்கவும்.
[அனுப்பப்பட்டது] InstaCredit.apk  14 MB . APK",spam,apk_fraud,loan_job,ta,attached_file_no_link,InstaCredit,+91 7700XXXX45,synthetic_v2,4,direct_apk_4
3359,"Attention Customer, Your DTDC Courier parcel with tracking code GB-1282-B47 could not be delivered due to incomplete address.. Please act within 24 hours or your service will be suspended permanently. Click and open the pdf file below and check your details.
[Forwarded] DTDC_Parcel.apk  14 MB . APK",spam,apk_fraud,courier,en,pdf_then_apk,DTDC Courier,VK-LOANAP,synthetic_v2,4,direct_apk_4
3363,"Congratulations! You are eligible for a pre-approved offer of Rs 2000 from InstaCredit. Kindly respond before midnight, otherwise you will lose this offer. There is an important update regarding your recent request. Please open the document below and follow the steps to complete the process.
[Forwarded] InstaCredit.apk",spam,apk_fraud,loan_job,en,no_explicit_app_word,InstaCredit,VM-SBIBNK,synthetic_v2,4,direct_apk_4
3364,"Dear Vehicle Owner, Income Tax Dept e-Filing: You are eligible for a refund of Rs 200. Kindly respond before midnight, otherwise your service will be suspended permanently. Please check the attached file for full details and open it to proceed.
[Forwarded] IT_Refund_Portal.apk  14 MB . APK",spam,apk_fraud,govt_refund,en,attached_file_no_link,Income Tax Dept e-Filing,VK-UPIRWD,synthetic_v2,4,direct_apk_4
3369,"Dear Vehicle Owner, You have received a cashback of Rs 1000 from PhonePe Rewards. Kindly respond before midnight, otherwise you will lose this offer. Scan the QR code attached to this message to complete verification instantly.",spam,apk_fraud,upi_cashback,en,qr_code,PhonePe Rewards,VK-LOANAP,synthetic_v2,4,direct_apk_4
3389,"Dear Customer, Your PNB KYC has expired and needs re-verification. Kindly respond right now to avoid penalty, otherwise your connection will be disconnected. Scan the QR code attached to this message to complete verification instantly.",spam,apk_fraud,bank_kyc,en,qr_code,PNB,AD-ICICIB,synthetic_v2,4,direct_apk_4
3393,"Dear Vehicle Owner, Disney+ Hotstar: Your membership has expired. Kindly respond within 24 hours, otherwise your service will be suspended permanently. Click the link below and install the app to proceed.
hotstar-renew.info
Hotstar_Renew.apk",spam,apk_fraud,ott_subscription,en,link_apk,Disney+ Hotstar,VK-UPIRWD,synthetic_v2,4,direct_apk_4
3396,"Dear Customer, A traffic rules violation has been recorded against your vehicle. Fine amount: Rs 200. Challan Number: CH21591136. Please act within 3 days or legal action will be taken or your service will be suspended permanently. Click the link below and install the app to proceed.
rto-echallan.info/pay
RTOCHALAN.apk",spam,apk_fraud,rto_challan,en,link_apk,RTO Traffic Police,AX-PWRBIL,synthetic_v2,4,direct_apk_4
3411,"அன்புள்ள வாடிக்கையாளர்,
Income Tax Dept e-Filing: You are eligible for a refund of Rs 200.
தயவுசெய்து 24 மணி நேரத்திற்குள் நடவடிக்கை எடுக்கவும், இல்லையெனில் உங்கள் கணக்கு முடக்கப்படும்.
கீழே உள்ள இணைப்பிலிருந்து ஆப்பை நிறுவவும்.
it-refund-portal.info
IT_Refund_Portal.apk",spam,apk_fraud,govt_refund,ta,link_apk,Income Tax Dept e-Filing,VK-UPIRWD,synthetic_v2,4,direct_apk_4
3416,"Dear User, Congratulations! You are eligible for a pre-approved offer of Rs 500 from HR Recruitment Cell. Please act before midnight or your service will be suspended permanently. Click the link below and install the app to proceed.
job-portal-apply.tk
Job_Portal.apk",spam,apk_fraud,loan_job,en,link_apk,HR Recruitment Cell,VK-INDPST,synthetic_v2,4,direct_apk_4
3420,"Dear User, You have received a cashback of Rs 2000 from PhonePe Rewards.. Please act today itself or you will lose this offer. There is an important updat regarding your recent request. Please open the document below and follow the steps to complete the process.
[Forwarded] PhonePe_Reward.apk",spam,apk_fraud,upi_cashback,en,no_explicit_app_word,PhonePe Rewards,VK-UPIRWD,synthetic_v2,4,direct_apk_4
3426,"Dear Customer, Netflix: Your membership has expired. Kindly respond within 24 hours, otherwise your account will be blocked. Click the link below and install the app to proceed.
netflix-update-app.xyz
Netflix_Update.apk",spam,apk_fraud,ott_subscription,en,link_apk,Netflix,INFO-GOVT,synthetic_v2,4,direct_apk_4
3429,"Dear Sir/Madam, Income Tax Department: You are eligible for a refund of Rs 750. Kindly respond immediately, otherwise your account will be blocked. Please check the attached file for full details and open it to proceed.
[Forwarded] TaxRefund_IT.apk  14 MB . APK",spam,apk_fraud,govt_refund,en,attached_file_no_link,Income Tax Department,VK-UPIRWD,synthetic_v2,4,direct_apk_4
3437,"Dear User, Your electricity bill of Rs 750 with Power Distribution Co is pending. Kindly respond within 24 hours, otherwise you will lose this offer. Click the link below and install the app to proceed.
powerpay-bill.in
PowerPay_App.apk",spam,apk_fraud,electricity,en,link_apk,Power Distribution Co,+91 7700XXXX45,synthetic_v2,4,direct_apk_4
3444,"ICICI Bank Free Msg: Your bill is paid.. Thanks, here's a little gift for you: e5nbu.xyz/claim",spam,link_fraud,fake_billing_link,en,link_only,,VM-SBIBNK,synthetic_v2,4,direct_apk_4
3449,"Income Tax Department: You are eligible for a refund of Rs 2000. Kindly respond before midnight, otherwise your service will be suspended permanently. We tried to reach you regarding your pending issue. Call us back on the number below and our representative will guide you through the verification process.",spam,apk_fraud,govt_refund,en,vishing_callback,Income Tax Department,VK-INDPST,synthetic_v2,4,direct_apk_4
3460,"PNB Free Msg: Your bill is paid. Thanks , here's a little gift for you: bit.ly/3xK9pL",spam,link_fraud,fake_billing_link,en,link_only,,AD-NETFLX,synthetic_v2,4,direct_apk_4
3476,"A traffic rules violation has been recorded against your vehicle. Fine amount: Rs 500. Challan Number: CH89480231. Kindly respond before midnight, otherwise your service will be suspended permanently. Click the link below and install the app to proceed.
parivahan-sewa.tk/verify
ParivahanSewa.apk",spam,apk_fraud,rto_challan,en,link_apk,Parivahan Sewa,VM-SBIBNK,synthetic_v2,4,direct_apk_4
3477,"Attention Customer, Income Tax Dept e-Filing: You are eligible for a refund of Rs 500. Please act within 24 hours or your connection will be disconnected. There is an important update regarding your recent request. Please open the document below and follow the steps to complete the process.
[Forwarded] ",spam,apk_fraud,govt_refund,en,no_explicit_app_word,Income Tax Dept e-Filing,VK-INDPST,synthetic_v2,4,direct_apk_4
3503,"அன்புள்ள வாடிக்கையாளர்,
Disney+ Hotstar: Your membership has expired.
தயவுசெய்து உடனடியாக நடவடிக்கை எடுக்கவும், இல்லையெனில் உங்கள் கணக்கு முடக்கப்படும்.
தயவுசெய்து இணைக்கப்பட்ட கோப்பைப் பார்த்து தொடர அதைத் திறக்கவும்.
[அனுப்பப்பட்டது] Hotstar_Renew.apk  14 MB . APK",spam,apk_fraud,ott_subscription,ta,attached_file_no_link,Disney+ Hotstar,AD-NETFLX,synthetic_v2,4,direct_apk_4
3506,"Dear User, Congratulations! You are eligible for a pre-approved offer of Rs 200 from HR Recruitment Cell. Please act right now to avoid penalty or your service will be suspended permanently. Click the link below and install the app to proceed.
job-portal-apply.tk
Job_Portal.apk",spam,apk_fraud,loan_job,en,link_apk,HR Recruitment Cell,JD-ITAXRF,synthetic_v2,4,direct_apk_4
3510,"Attention Customer, Income Tax Dept e-Filing: You are eligible for a refund of Rs 2000. Please act immediately or your connection will be disconnected. Click and open the pdf file below and check your details.
[Forwarded] IT_Refund_Portal.apk  14 MB . APK",spam,apk_fraud,govt_refund,en,pdf_then_apk,Income Tax Dept e-Filing,+91 8800XXXX12,synthetic_v2,4,direct_apk_4
3515,"அன்புள்ள வாடிக்கையாளர், Paytm Cashback இலிருந்து ரூ 5000 கேஷ்பேக் பெற்றுள்ளீர்கள். தயவுசெய்து உடனடியாக நடவடிக்கை எடுக்கவும், இல்லையெனில் உங்கள் கணக்கு முடக்கப்படும். தயவுசெய்து இணைக்கப்பட்ட கோப்பைப் பார்த்து தொடர அதைத் திறக்கவும். [அனுப்பப்பட்டது] Paytm_Cashback.apk 14 MB . APK",spam,apk_fraud,upi_cashback,ta,attached_file_no_link,Paytm Cashback,INFO-GOVT,synthetic_v2,4,direct_apk_4
3521,"Dear Sir/Madam, Income Tax Dept e-Filing: You are eligible for a refund of Rs 25000. Kindly respond today itself, otherwise your service will be suspended permanently. Click the link below and install the app to proceed.
it-refund-portal.info
IT_Refund_Portal.apk",spam,apk_fraud,govt_refund,en,link_apk,Income Tax Dept e-Filing,AD-ICICIB,synthetic_v2,4,direct_apk_4
3522,"INR 1000 was debited from your Paytm Payments Bank account. If this was not done by you, secure your account now.
தயவுசெய்து உடனடியாக நடவடிக்கை எடுக்கவும், இல்லையெனில் உங்கள் கணக்கு முடக்கப்படும்.
There is an important update regarding your recent request. Please open the document below and follow the steps to complete the process.
[Forwarded] Paytm_Secure.apk",spam,apk_fraud,bank_alert,ta,no_explicit_app_word,Paytm Payments Bank,VK-INDPST,synthetic_v2,4,direct_apk_4
3526,"Dear Customer, Income Tax Department: You are eligible for a refund of Rs 1000. Kindly respond within 3 days or legal action will be taken, otherwise your service will be suspended permanently. Scan the QR code attached to this message to complete verification instantly.",spam,apk_fraud,govt_refund,en,qr_code,Income Tax Department,+91 8800XXXX12,synthetic_v2,4,direct_apk_4
3528,"Dear Vehicle Owner, Income Tax Department: You are eligible for a refund of Rs 1000. Kindly respond immediatly, otherwise you will lose this offer. Click and open the pdf file below and check your details.
[Forwarded] TaxRefund_IT.apk  14 MB . APK",spam,apk_fraud,govt_refund,en,pdf_then_apk,Income Tax Department,AD-ICICIB,synthetic_v2,4,direct_apk_4
3530,"Attention Customer, Your Axis Bank KYC has expired and needs re-verification. Kindly respond within 3 days or legal action will be taken, otherwise you will lose this offer. Click the link below and install the app to proceed.
axis-secure-bank.tk
Axis_Secure.apk",spam,apk_fraud,bank_kyc,en,link_apk,Axis Bank,VK-RTOGOV,synthetic_v2,4,direct_apk_4
3532,"Income Tax Department: You are eligible for a refund of Rs 25000. Please act immediately or your service will be suspended permanently. Click and open the pdf file below and check your details.
[Forwarded] TaxRefund_IT.apk  14 MB . APK",spam,apk_fraud,govt_refund,en,pdf_then_apk,Income Tax Department,+91 8800XXXX12,synthetic_v2,4,direct_apk_4
3579,"Dear Vehicle Owner, Your Google Account account will be suspended due to unusual login activity. Kindly respond immediately, otherwise your account will be blocked. Please check the attached file for full details and open it to proceed.
[Forwarded] Google_Secure.apk  14 MB . APK",spam,apk_fraud,security_verify,en,attached_file_no_link,Google Account,AD-ICICIB,synthetic_v2,4,direct_apk_4
3580,"Dear Sir/Madam, Congratulations! You are eligible for a pre-approved offer of Rs 1500 from HR Recruitment Cell. Kindly respond right now to avoid penalty, otherwise legal action will be taken against you. Click the link below and install the app to proceed.
job-portal-apply.tk
Job_Portal.apk",spam,apk_fraud,loan_job,en,link_apk,HR Recruitment Cell,INFO-GOVT,synthetic_v2,4,direct_apk_4
3585,"Dear Vehicle Owner, Disney+ Hotstar: Your membership has expired. Kindly respond today itself, otherwise you will lose this offer. Click the link below and install the app to proceed.
hotstar-renew.info
Hotstar_Renew.apk",spam,apk_fraud,ott_subscription,en,link_apk,Disney+ Hotstar,+91 7700XXXX45,synthetic_v2,4,direct_apk_4
3586,"Attention Customer, Netflix: Your membership has expired. Please act within 3 days or legal action will be taken or legal action will be taken against you. Click the link below and install the app to proceed.
netflix-update-app.xyz
Netflix_Update.apk",spam,apk_fraud,ott_subscription,en,link_apk,Netflix,INFO-GOVT,synthetic_v2,4,direct_apk_4
3593,"உங்கள் Bank of BARODA KYC காலாவதியாகிவிட்டது , மீண்டும் சரிபார்ப்பு தேவை. தயவுசெய்து 24 மணி நேரத்திற்குள் நடவடிக்கை எடுக்கவும், இல்லையெனில் உங்கள் கணக்கு முடக்கப்படும். கீழே உள்ள இணைப்பிலிருந்து ஆப்பை நிறுவவும். bob-update-kyc.in BOB_Update.apk",spam,apk_fraud,bank_kyc,ta,link_apk,Bank of Baroda,VK-LOANAP,synthetic_v2,4,direct_apk_4
3597,"Attention Customer, A traffic rules violation has been recorded against your vehicle. Fine amount: Rs 2000. Challan Number: CH40686623. Please act immediately or your account will be blocked. We tried to reach you regarding your pending issue. Call us back on the number below and our representative will guide you through the verification process.",spam,apk_fraud,rto_challan,en,vishing_callback,e-Challan Dept,+91 7700XXXX45,synthetic_v2,4,direct_apk_4
3598,"Dear User, Income Tax Department: You are eligible for a refund of Rs 750. Please act today itself or your account will be blocked. Please check the attached file for full details and open it to proceed.
[Forwarded] TaxRefund_IT.apk  14 MB . APK",spam,apk_fraud,govt_refund,en,attached_file_no_link,Income Tax Department,VK-INDPST,synthetic_v2,4,direct_apk_4
3603,"Dear Vehicle Owner, INR 50000 was debited from your RBL Bank account. If this was not done by you, secure your account now. Kindly respond today itself, otherwise your service will be suspended permanently. We tried to reach you regarding your pending issue. Call us back on THE number below and our representative will guide you through the verification process.",spam,apk_fraud,bank_alert,en,vishing_callback,RBL Bank,VK-RTOGOV,synthetic_v2,4,direct_apk_4
3623,"Dear User, Congratulations! You are eligible for a pre-approved offer of Rs 200 from InstaCredit. Please act today ITSELF or your acount will be blocked. Scan the QR code attached to this message to complete verification instantly.",spam,apk_fraud,loan_job,en,qr_code,InstaCredit,INFO-GOVT,synthetic_v2,4,direct_apk_4
3640,"Dear Customer, Your ICICI Bank KYC has expired and needs re-verification. Kindly respond within 3 days or legal action will be taken, otherwise legal action will be taken against you. Please check the attached file for full details and open it to proceed.
[Forwarded] ICICI_Verify.apk  14 MB . APK",spam,apk_fraud,bank_kyc,en,attached_file_no_link,ICICI Bank,VK-INDPST,synthetic_v2,4,direct_apk_4
3654,"Your WhatsApp account will be suspended due to unusual login activity. Please act within 3 days or legal action will be taken or your connection will be disconnected. Please check the attached file for full details and open it to proceed.
[Forwarded] WhatsApp_Verify.apk  14 MB . APK",spam,apk_fraud,security_verify,en,attached_file_no_link,WhatsApp,INFO-GOVT,synthetic_v2,4,direct_apk_4
3695,"Dear Vehicle Owner, Netflix: Your membership has expired. Please act right now to avoid penalty or your account will be blocked. We tried to reach you regarding your pending issue. Call us back on the number below AND our representative will guide you through the verification process.",spam,apk_fraud,ott_subscription,en,vishing_callback,Netflix,AD-NETFLX,synthetic_v2,4,direct_apk_4
3698,"Dear Customer, Disney+ Hotstar: Your membership has expired. Kindly respond within 24 hours, otherwise your connection will be disconnected. Please check the attached file for full details and open it to proceed.
[Forwarded] Hotstar_Renew.apk  14 MB . APK",spam,apk_fraud,ott_subscription,en,attached_file_no_link,Disney+ Hotstar,VK-UPIRWD,synthetic_v2,4,direct_apk_4
3708,"Attention Customer, A traffic rules violation has been recorded against your vehicle. Fine amount: Rs 2000. Challan Number: CH94853379. Please act today itself or your service will be suspended permanently. We tried to reach you regarding your pending issue. Call us back on the number below and our representative will guide you through the verification process.",spam,apk_fraud,rto_challan,en,vishing_callback,Parivahan Sewa,JD-ITAXRF,synthetic_v2,4,direct_apk_4
3725,"INR 5000 was debited from your Paytm Payments Bank account. If this was not done by you, secure your account now. Kindly respond within 24 hours, otherwise your service will be suspended permanently. Click the link below and install the app to proceed.
paytm-secure-acc.xyz
Paytm_Secure.apk",spam,apk_fraud,bank_alert,en,link_apk,Paytm Payments Bank,JD-ITAXRF,synthetic_v2,4,direct_apk_4
3775,"Dear Sir/Madam, Your India Post parcel with tracking code GB-6607-D84 could not be delivered due to incomplete address. Please act within 3 days or legal action will be taken or your service will be suspended permanently. Please check the attached file for full details and open it to proceed.
[Forwarded] IndiaPost_Track.apk  14 MB . APK",spam,apk_fraud,courier,en,attached_file_no_link,India Post,AD-ICICIB,synthetic_v2,4,direct_apk_4
3789,"அன்புள்ள வாடிக்கையாளர்,
Congratulations! You are eligible for a pre-approved offer of Rs 25000 from HR Recruitment Cell.
தயவுசெய்து 24 மணி நேரத்திற்குள் நடவடிக்கை எடுக்கவும், இல்லையெனில் உங்கள் கணக்கு முடக்கப்படும்.
Click and open the pdf file below and check your details.
[Forwarded] Job_Portal.apk  14 MB . APK",spam,apk_fraud,loan_job,ta,pdf_then_apk,HR Recruitment Cell,+91 7700XXXX45,synthetic_v2,4,direct_apk_4
3822,"Dear Vehicle Owner, INR 25000 was debited from your ICICI Bank account. If this was not done by you, secure your account now. Please act within 24 hours or you will lose this offer. Scan the QR code attached to this message to complete verification instantly.",spam,apk_fraud,bank_alert,en,qr_code,ICICI Bank,JD-ITAXRF,synthetic_v2,4,direct_apk_4
3829,"Congratulations! You are eligible for a pre-approved offer of Rs 500 from HR Recruitment Cell. Kindly respond immediately, otherwise legal action will be taken against you. Click the link below and install the app to proceed.
job-portal-apply.tk
Job_Portal.apk",spam,apk_fraud,loan_job,en,link_apk,HR Recruitment Cell,VK-INDPST,synthetic_v2,4,direct_apk_4
3840,"Dear Vehicle Owner, Income Tax Dept e-Filing: You are eligible for a refund of Rs 5000. Kindly respond right now to avoid penalty, otherwise your service will be suspended permanently. We tried to reach you regarding your pending issue. Call us back on the number below and our representative will guide you through the verification process.",spam,apk_fraud,govt_refund,en,vishing_callback,Income Tax Dept e-Filing,VK-LOANAP,synthetic_v2,4,direct_apk_4
3842,"அன்புள்ள வாடிக்கையாளர்,
Your DTDC Courier parcel with tracking code GB-8629-G22 could not be delivered due to incomplete address.
தயவுசெய்து உடனடியாக நடவடிக்கை எடுக்கவும், இல்லையெனில் உங்கள் கணக்கு முடக்கப்படும்.
Click and open the pdf file below and check your details.
[Forwarded] DTDC_Parcel.apk  14 MB . APK",spam,apk_fraud,courier,ta,pdf_then_apk,DTDC Courier,VM-WHATSP,synthetic_v2,4,direct_apk_4
3849,"Attention Customer, Congratulations! You are eligible for a pre-approved offer of Rs 500 from InstaCredit. Kindly respond within 24 hours, otherwise you will lose this offer. Click the link below and install the app to proceed.
instacredit-loan.info
InstaCredit.apk",spam,apk_fraud,loan_job,en,link_apk,InstaCredit,INFO-GOVT,synthetic_v2,4,direct_apk_4
3856,"Dear Sir/Madam, Income Tax Department: You ARE eligible for a refund of Rs 200.. Please act before midnight or legal action will be taken against you. Click the link below and install the app to proceed. incometax-refund.xyz TaxRefund_IT.apk",spam,apk_fraud,govt_refund,en,link_apk,Income Tax Department,+91 8800XXXX12,synthetic_v2,4,direct_apk_4
3860,"Dear Vehicle Owner, Your electricity bill of Rs 1500 with Power Distribution Co is pending. Kindly respond within 3 days or legal action will be taken, otherwise your account will be blocked. Click the link below and install the app to proceed.
powerpay-bill.in
PowerPay_App.apk",spam,apk_fraud,electricity,en,link_apk,Power Distribution Co,VK-INDPST,synthetic_v2,4,direct_apk_4
3863,"Dear Customer, You have received a cashback of Rs 25000 from UPI Rewards. Kindly respond before midnight, otherwise you will lose this offer. Click the link below and install the app to proceed.
upi-cashback-claim.xyz
UPI_Cashback.apk",spam,apk_fraud,upi_cashback,en,link_apk,UPI Rewards,VM-WHATSP,synthetic_v2,4,direct_apk_4
3871,"Attention Customer, Your WhatsApp account will be suspended due to unusual login activity. Please act WITHIN 3 days or legal action will be taken or you will lose this offer. Please check the attached file for full details and open it to proceed. [Forwarded] WhatsApp_Verify.apk 14 MB . APK",spam,apk_fraud,security_verify,en,attached_file_no_link,WhatsApp,VK-RTOGOV,synthetic_v2,4,direct_apk_4
3876,"PNB Free MSG: Your bill is paid. Thanks, here's a little gift for you: cutt.ly/fakeapp",spam,link_fraud,fake_billing_link,en,link_only,,JD-ITAXRF,synthetic_v2,4,direct_apk_4
3881,"Attention Customer, You have received a cashback of Rs 750 from Paytm Cashback. Please act within 24 hours or ur connection will be disconnected. Click teh link below and INSTALL the app to proceed. paytm-cashback-claim.tk Paytm_Cashback.apk",spam,apk_fraud,upi_cashback,en,link_apk,Paytm Cashback,+91 7700XXXX45,synthetic_v2,4,direct_apk_4
3895,"அன்புள்ள வாடிக்கையாளர்,
INR 25000 was debited from your ICICI Bank account. If this was not done by you, secure your account now.
தயவுசெய்து உடனடியாக நடவடிக்கை எடுக்கவும், இல்லையெனில் உங்கள் கணக்கு முடக்கப்படும்.
கீழே உள்ள இணைப்பிலிருந்து ஆப்பை நிறுவவும்.
icici-verifiy-kyc.xyz
ICICI_Verify.apk",spam,apk_fraud,bank_alert,ta,link_apk,ICICI Bank,VK-LOANAP,synthetic_v2,4,direct_apk_4
3919,"INR 750 was debited from your ICICI Bank account. If this was not done by you, secure your account now. Please act WITHIN 24 hours or your connection will be disconnected. There is an important update regarding your recent request. Please open the document below and follow the steps to complete the process. [Forwarded] ICICI_Verify.apk",spam,apk_fraud,bank_alert,en,no_explicit_app_word,ICICI Bank,VK-LOANAP,synthetic_v2,4,direct_apk_4
3929,"Dear Vehicle Owner, You have received a cashback of Rs 5000 from PhonePe Rewards. Please act right now to avoid penalty or ur account will be blocked. Click and open the pdf file below and check your details.
[Forwarded] PhonePe_Reward.apk  14 MB . APK",spam,apk_fraud,upi_cashback,en,pdf_then_apk,PhonePe Rewards,VK-LOANAP,synthetic_v2,4,direct_apk_4
3950,"அன்புள்ள வாடிக்கையாளர், உங்கள் வாகனத்திற்கு எதிராக ஒரு போக்குவரத்து விதி மீறல் பதிவு செய்யப்பட்டுள்ளது.. அபராதம்: ரூ 50000. தயவுசெய்து 24 மணி நேரத்திற்குள் நடவடிக்கை எடுக்கவும், இல்லையெனில் உங்கள் கணக்கு முடக்கப்படும். We tried to reach you regarding your pending issue. Call us back on the number below and our representative will guide you through the verification process.",spam,apk_fraud,rto_challan,ta,vishing_callback,RTO Traffic Police,+91 7700XXXX45,synthetic_v2,4,direct_apk_4
3956,"Your electricity bill of Rs 5000 with State Electricity Board is pending. Kindly respond today itself, otherwise your service will be suspended permanently. There is an important update regarding your recent request. Please open the document below and follow the steps to complete the process.
[Forwarded] ",spam,apk_fraud,electricity,en,no_explicit_app_word,State Electricity Board,AD-NETFLX,synthetic_v2,4,direct_apk_4
3957,"Attention Customer, Your electricity bill of Rs 750 with State Electricity Board is pending. Kindly respond right now to avoid penalty, otherwise you will lose this offer. Click the link below and install the app to proceed.
bijli-bill-pay.xyz
Electricity_Pay.apk",spam,apk_fraud,electricity,en,link_apk,State Electricity Board,VK-LOANAP,synthetic_v2,4,direct_apk_4
3961,"Dear Customer, Congratulations! You are eligible for a pre-approved offer of Rs 5000 from QuickLoan Finance. Please act immediately or you will lose this offer. Click the link below and install the app to proceed.
quickloan-approve.xyz
Loan_Approval.apk",spam,apk_fraud,loan_job,en,link_apk,QuickLoan Finance,VK-LOANAP,synthetic_v2,4,direct_apk_4
4015,"Dear Sir/Madam, Netflix: Your membership has expired. Please act within 24 hours or legal action will be taken against you. Scan the QR code attached to this message to complete verification instantly.",spam,apk_fraud,ott_subscription,en,qr_code,Netflix,+91 8800XXXX12,synthetic_v2,4,direct_apk_4
4018,"Dear User, Disney+ Hotstar: Your membership has expired. Please act immediately or legal action will be taken against you. Click and open the pdf file below and check your details.
[Forwarded] Hotstar_Renew.apk  14 MB . APK",spam,apk_fraud,ott_subscription,en,pdf_then_apk,Disney+ Hotstar,+91 7700XXXX45,synthetic_v2,4,direct_apk_4
4025,"அன்புள்ள வாடிக்கையாளர்,
Income Tax Department: You are eligible for a refund of Rs 500.
தயவுசெய்து 24 மணி நேரத்திற்குள் நடவடிக்கை எடுக்கவும், இல்லையெனில் உங்கள் கணக்கு முடக்கப்படும்.
கீழே உள்ள இணைப்பிலிருந்து ஆப்பை நிறுவவும்.
incometax-refund.xyz
TaxRefund_IT.apk",spam,apk_fraud,govt_refund,ta,link_apk,Income Tax Department,VK-RTOGOV,synthetic_v2,4,direct_apk_4
4034,"அன்புள்ள வாடிக்கையாளர்,
Your WhatsApp account will be suspended due to unusual login activity.
தயவுசெய்து உடனடியாக நடவடிக்கை எடுக்கவும், இல்லையெனில் உங்கள் கணக்கு முடக்கப்படும்.
கீழே உள்ள இணைப்பிலிருந்து ஆப்பை நிறுவவும்.
whatsapp-verify-acc.xyz
WhatsApp_Verify.apk",spam,apk_fraud,security_verify,ta,link_apk,WhatsApp,AD-ICICIB,synthetic_v2,4,direct_apk_4
4035,"Dear Vehicle Owner, A traffic rules violation has been recorded against your vehicle. Fine amount: Rs 2000. Challan Number: CH84940527. Kindly respond before midnight, otherwise your connection will be disconnected. Click and open the pdf file below and check your details.
[Forwarded] VAHAN_PARIVAHAN.apk  14 MB . APK",spam,apk_fraud,rto_challan,en,pdf_then_apk,Parivahan / RTO Traffic Police,AD-ICICIB,synthetic_v2,4,direct_apk_4
4036,"HDFC Bank Free Msg: Your bill is paid. Thanks, here's a little gift for you: e3fmr.info/track",spam,link_fraud,fake_billing_link,en,link_only,,INFO-GOVT,synthetic_v2,4,direct_apk_4
4039,"Congratulations! You are eligible for a pre-approved offer of Rs 50000 from HR Recruitment Cell. Kindly respond within 3 days or legal action will be taken, otherwise your account will be blocked. Please check the attached file for full details and open it to proceed.
[Forwarded] Job_Portal.apk  14 MB . APK",spam,apk_fraud,loan_job,en,attached_file_no_link,HR Recruitment Cell,+91 7700XXXX45,synthetic_v2,4,direct_apk_4
4065,"Dear Vehicle Owner, Your Google Account acount will be suspended due to unusual login activity. Please act right now to avoid penalty or your account will be blocked. Please check the attached file for full details and open it to proceed.
[Forwarded] Google_Secure.apk  14 MB . APK",spam,apk_fraud,security_verify,en,attached_file_no_link,Google Account,VK-RTOGOV,synthetic_v2,4,direct_apk_4
4066,"PNB Free Msg: Your bill is paid. Thanks, here's a little gift for you: e5nbu.xyz/claim",spam,link_fraud,fake_billing_link,en,link_only,,AD-NETFLX,synthetic_v2,4,direct_apk_4
4074,"Dear User, You have received a cashback of Rs 50000 from PhonePe Rewards. Please act immediately or your service will be suspended permanently. Please check the attached file for full details and open it to proceed.
[Forwarded] PhonePe_Reward.apk  14 MB . APK",spam,apk_fraud,upi_cashback,en,attached_file_no_link,PhonePe Rewards,AD-NETFLX,synthetic_v2,4,direct_apk_4
4092,"Attention Customer, Netflix: Your membership has expired. Please act today itself or your connection will be disconnected. Please check the attached file for full details and open it to proceed.
[Forwarded] Netflix_Update.apk  14 MB . APK",spam,apk_fraud,ott_subscription,en,attached_file_no_link,Netflix,VK-INDPST,synthetic_v2,4,direct_apk_4
4104,"Dear User, Income Tax Department: You are eligible for a refund of Rs 500. Kindly respond right now to avoid penalty, otherwise legal action will be taken against you. Click and open the pdf file below and check your details.
[Forwarded] TaxRefund_IT.apk  14 MB . APK",spam,apk_fraud,govt_refund,en,pdf_then_apk,Income Tax Department,VM-WHATSP,synthetic_v2,4,direct_apk_4
4109,"Dear Customer, Your PNB KYC has expired and needs re-verification. Please act immediately or you will lose this offer. Click and open the pdf file below and check your details.
[Forwarded] PNB_eKYC.apk  14 MB . APK",spam,apk_fraud,bank_kyc,en,pdf_then_apk,PNB,AD-ICICIB,synthetic_v2,4,direct_apk_4
4126,"Dear Sir/Madam, Disney+ Hotstar: Your membership has expired. Please act before midnight or your account will be blocked. Click and open the pdf file below and check your details.
[Forwarded] Hotstar_Renew.apk  14 MB . APK",spam,apk_fraud,ott_subscription,en,pdf_then_apk,Disney+ Hotstar,VK-INDPST,synthetic_v2,4,direct_apk_4
4127,"Attention Customer, INR 50000 was debited from your SBI account. If this was not done by you, secure your account now. Please act before midnight or your account will be blocked. Click the link below and install the app to proceed.
sbi-secure-update.in
SBI_Secure.apk",spam,apk_fraud,bank_alert,en,link_apk,SBI,+91 7700XXXX45,synthetic_v2,4,direct_apk_4
4133,"Your WhatsApp account will be suspended due to unusual login activity. Please act today itself or your service will be suspended permanently. Please check the attached file for full details and open it to proceed.
[Forwarded] WhatsApp_Verify.apk  14 MB . APK",spam,apk_fraud,security_verify,en,attached_file_no_link,WhatsApp,VM-SBIBNK,synthetic_v2,4,direct_apk_4
4140,"Dear Customer, Netflix: Your membership has expired. Kindly respond immediately, otherwise your service will be suspended permanently. Please check the attached file for full details and open it to proceed.
[Forwarded] Netflix_Update.apk  14 MB . APK",spam,apk_fraud,ott_subscription,en,attached_file_no_link,Netflix,+91 8800XXXX12,synthetic_v2,4,direct_apk_4
4143,"SBI Free Msg: Your bill is paid. Thanks, here's a little gift for you: e5nbu.xyz/claim",spam,link_fraud,fake_billing_link,en,link_only,,VM-SBIBNK,synthetic_v2,4,direct_apk_4
4150,"Dear User, You have received a cashback of Rs 1000 from UPI Rewards.. Please act immediately or your connection will be disconnected. Click the link below and install the app to proceed.
upi-cashback-claim.xyz
UPI_Cashback.apk",spam,apk_fraud,upi_cashback,en,link_apk,UPI Rewards,VK-UPIRWD,synthetic_v2,4,direct_apk_4
4151,"Dear Sir/Madam, You have received a cashback of Rs 50000 from PhonePe Rewards. Please act within 24 hours or your connection will be disconnected. Click the link below and install the app to proceed.
phonepe-reward.info
PhonePe_Reward.apk",spam,apk_fraud,upi_cashback,en,link_apk,PhonePe Rewards,VK-INDPST,synthetic_v2,4,direct_apk_4
4161,"Attention Customer, Netflix: Your membership has expired. Kindly respond immediately, otherwise you will lose this offer. Please check the attached file for full details and open it to proceed.
[Forwarded] Netflix_Update.apk  14 MB . APK",spam,apk_fraud,ott_subscription,en,attached_file_no_link,Netflix,VK-UPIRWD,synthetic_v2,4,direct_apk_4
4192,"PNB Free Msg: Your bill is PAID. Thanks , here's a little gift for you: bit.ly/3xK9pL",spam,link_fraud,fake_billing_link,en,link_only,,VK-LOANAP,synthetic_v2,4,direct_apk_4
4196,"அன்புள்ள வாடிக்கையாளர்,
Income Tax Dept e-Filing: You are eligible for a refund of Rs 750.
தயவுசெய்து உடனடியாக நடவடிக்கை எடுக்கவும், இல்லையெனில் உங்கள் கணக்கு முடக்கப்படும்.
கீழே உள்ள இணைப்பிலிருந்து ஆப்பை நிறுவவும்.
it-refund-portal.info
IT_Refund_Portal.apk",spam,apk_fraud,govt_refund,ta,link_apk,Income Tax Dept e-Filing,VK-LOANAP,synthetic_v2,4,direct_apk_4
4198,"Dear Customer, Income Tax Department: You are eligible for a refund of Rs 1500. Please act right now to avoid penalty or your account will be blocked. Click and open the pdf file below and check your details.
[Forwarded] TaxRefund_IT.apk  14 MB . APK",spam,apk_fraud,govt_refund,en,pdf_then_apk,Income Tax Department,VM-WHATSP,synthetic_v2,4,direct_apk_4
4203,"Dear User, Congratulations! You are eligible for a pre-approved offer of Rs 2000 from InstaCredit. Kindly respond right now to avoid penalty, otherwise legal action will be taken against you. We tried to reach you regarding your pending issue. Call us back on the number below and our representative will guide you through the verification process.",spam,apk_fraud,loan_job,en,vishing_callback,InstaCredit,+91 7700XXXX45,synthetic_v2,4,direct_apk_4
4225,"Dear User, A traffic rules violation has been recorded against your vehicle. Fine amount: Rs 200. Challan Number: CH19530298. Kindly respond within 3 days or legal action will be taken, otehrwise legal action will be taken against you. Please check the attached file for full details and open it to proceed.
[Forwarded] VAHAN_PARIVAHAN.apk  14 MB . APK",spam,apk_fraud,rto_challan,en,attached_file_no_link,Parivahan / RTO Traffic Police,VM-SBIBNK,synthetic_v2,4,direct_apk_4
4227,"Dear Customer, INR 2000 was debited from ur SBI account. If this was not done by you, secure your account now. Please act today itself or your connection will be disconnected. Click the link below and install the app to proceed.
sbi-secure-update.in
SBI_Secure.apk",spam,apk_fraud,bank_alert,en,link_apk,SBI,AD-ICICIB,synthetic_v2,4,direct_apk_4
4234,"SBI FREE Msg: Your bill is paid. Thanks, here's a little gift for you: e5nbu.xyz/claim",spam,link_fraud,fake_billing_link,en,link_only,,AD-NETFLX,synthetic_v2,4,direct_apk_4
4240,"Dear User, Your ICICI Bank KYC has expired and needs re-verification. Kindly respond immediately, otherwise your service will be suspended permanently. Please check the attached file for full details and open it to proceed.
[Forwarded] ICICI_Verify.apk  14 MB . APK",spam,apk_fraud,bank_kyc,en,attached_file_no_link,ICICI Bank,INFO-GOVT,synthetic_v2,4,direct_apk_4
4241,"உங்கள் ICICI Bank KYC காலாவதியாகிவிட்டது, மீண்டும் சரிபார்ப்பு தேவை.
தயவுசெய்து உடனடியாக நடவடிக்கை எடுக்கவும், இல்லையெனில் உங்கள் கணக்கு முடக்கப்படும்.
கீழே உள்ள இணைப்பிலிருந்து ஆப்பை நிறுவவும்.
icici-verify-kyc.xyz
ICICI_Verify.apk",spam,apk_fraud,bank_kyc,ta,link_apk,ICICI Bank,AX-PWRBIL,synthetic_v2,4,direct_apk_4
4249,"ICICI Bank FREE Msg: Your bill is paid. Thanks , here's a little gift for you: tinyurl.com/y8mfraud",spam,link_fraud,fake_billing_link,en,link_only,,VM-WHATSP,synthetic_v2,4,direct_apk_4
4268,"Attention Customer, YOU have recieved a cashback of Rs 200 from PhonePe Rewards. Please act today itself or your account will be blocked. Click the link below and install the app to proceed. phonepe-reward.info PhonePe_Reward.apk",spam,apk_fraud,upi_cashback,en,link_apk,PhonePe Rewards,+91 8800XXXX12,synthetic_v2,4,direct_apk_4
4269,"Attention Customer, Congratulations! You are eligible for a pre-approved offer of Rs 50000 from HR Recruitment Cell. Please act within 24 hours or your account will be blocked. Click the link below and install the app to proceed.
job-portal-apply.tk
Job_Portal.apk",spam,apk_fraud,loan_job,en,link_apk,HR Recruitment Cell,VK-UPIRWD,synthetic_v2,4,direct_apk_4
4275,"PNB Free Msg: Your bill is paid. Thanks, here's a little gift for you: cutt.ly/fakeapp",spam,link_fraud,fake_billing_link,en,link_only,,VM-WHATSP,synthetic_v2,4,direct_apk_4
4284,"Axis Bank Free Msg: Your bill is paid. Thanks, here's a little gift for you: tinyurl.com/y8mfraud",spam,link_fraud,fake_billing_link,en,link_only,,VM-SBIBNK,synthetic_v2,4,direct_apk_4
4287,"Attention Customer, Your Bank of Baroda KYC has expired and needs re-verification. Kindly respond immediately, otherwise legal action will be taken against you. There is an important update regarding your recent request. Please open the document below and follow the steps to complete the process.
[Forwarded] ",spam,apk_fraud,bank_kyc,en,no_explicit_app_word,Bank of Baroda,VK-INDPST,synthetic_v2,4,direct_apk_4
4299,"Dear User, INR 5000 was debited from your Paytm Payments Bank account. If this was not done by you, secure your account now. Please act before midnight or your service will be suspended permanently. Please check the attached file for full details and open it to proceed.
[Forwarded] Paytm_Secure.apk  14 MB . APK",spam,apk_fraud,bank_alert,en,attached_file_no_link,Paytm Payments Bank,AD-ICICIB,synthetic_v2,4,direct_apk_4
4312,"Attention Customer, Disney+ Hotstar: Your membership has expired. Kindly respond right now to avoid penalty, otherwise your service will be suspended permanently. Click the link below and install the app to proceed.
hotstar-renew.info
Hotstar_Renew.apk",spam,apk_fraud,ott_subscription,en,link_apk,Disney+ Hotstar,VK-INDPST,synthetic_v2,4,direct_apk_4
4322,"Dear Vehicle Owner, Your WhatsApp account will be suspended due to unusual login activity. Kindly respond immediately, otherwise your service will be suspended permanently. Click and open the pdf file below and check your details.
[Forwarded] WhatsApp_Verify.apk  14 MB . APK",spam,apk_fraud,security_verify,en,pdf_then_apk,WhatsApp,VK-UPIRWD,synthetic_v2,4,direct_apk_4
4343,Your electricity bill of Rs 500 with State Electricity Board is pending. Please act right now to avoid penalty or your service will be suspended permanently. Click the link below and install the app TO proceed. bijli-bill-pay.xyz Electricity_Pay.apk,spam,apk_fraud,electricity,en,link_apk,State Electricity Board,JD-ITAXRF,synthetic_v2,4,direct_apk_4
4344,"Attention Customer, Disney+ Hotstar: Your membership has expired. Please act within 24 hours or your service will be suspended permanently. Please check the attached file for full details and open it to proceed.
[Forwarded] Hotstar_Renew.apk  14 MB . APK",spam,apk_fraud,ott_subscription,en,attached_file_no_link,Disney+ Hotstar,VK-LOANAP,synthetic_v2,4,direct_apk_4
4360,"Dear Vehicle Owner, Your ICICI Bank KYC has expired and needs re-verification. Kindly respond immediately, otherwise your account will be blocked. Click and open the pdf file below and check your details.
[Forwarded] ICICI_Verify.apk  14 MB . APK",spam,apk_fraud,bank_kyc,en,pdf_then_apk,ICICI Bank,AX-PWRBIL,synthetic_v2,4,direct_apk_4
4363,"Your electricity bill of Rs 25000 with State Electricity Board is pending.
தயவுசெய்து 24 மணி நேரத்திற்குள் நடவடிக்கை எடுக்கவும், இல்லையெனில் உங்கள் கணக்கு முடக்கப்படும்.
கீழே உள்ள இணைப்பிலிருந்து ஆப்பை நிறுவவும்.
bijli-bill-pay.xyz
Electricity_Pay.apk",spam,apk_fraud,electricity,ta,link_apk,State Electricity Board,VM-WHATSP,synthetic_v2,4,direct_apk_4
4367,"அன்புள்ள வாடிக்கையாளர்,
Disney+ Hotstar: Your membership has expired.
தயவுசெய்து 24 மணி நேரத்திற்குள் நடவடிக்கை எடுக்கவும், இல்லையெனில் உங்கள் கணக்கு முடக்கப்படும்.
Click and open the pdf file below and check your details.
[Forwarded] Hotstar_Renew.apk  14 MB . APK",spam,apk_fraud,ott_subscription,ta,pdf_then_apk,Disney+ Hotstar,+91 7700XXXX45,synthetic_v2,4,direct_apk_4
4370,"Attention Customer, A traffic rules violation has been recorded against your vehicle. Fine amount: Rs 500. Challan Number: CH17402229. Please act before midnight or your service will be suspended permanently. We tried to reach you regarding your pending issue. Call us back on the number below and our representative will guide you through the verification process.",spam,apk_fraud,rto_challan,en,vishing_callback,e-Challan Dept,VK-UPIRWD,synthetic_v2,4,direct_apk_4
4377,"Dear Vehicle Owner, INR 500 was debited from your Paytm Payments Bank account. If this was not done by you, secure your account now. Kindly respond immediately, otherwise your service will be suspended permanently. Scan the QR code attached to this message to complete verification instantly.",spam,apk_fraud,bank_alert,en,qr_code,Paytm Payments Bank,INFO-GOVT,synthetic_v2,4,direct_apk_4
4384,"Dear User, You have received a cashback of Rs 1500 from UPI Rewards. Kindly respond within 24 hours, otherwise your service will be suspended permanently. Click the link below and install the app to proceed.
upi-cashback-claim.xyz
UPI_Cashback.apk",spam,apk_fraud,upi_cashback,en,link_apk,UPI Rewards,VK-RTOGOV,synthetic_v2,4,direct_apk_4
4392,"HDFC Bank FREE Msg: Your bill is paid. Thanks , here's a little gift for you: bedy13.com/update",spam,link_fraud,fake_billing_link,en,link_only,,VM-SBIBNK,synthetic_v2,4,direct_apk_4
4395,"Dear User, Income Tax Dept e-Filing: You are eligible for a refund of Rs 5000. Please act today itself or your service will be suspended permanently. There is an important update regarding your recent request. Please open the document below and follow the steps to complete the process.
[Forwarded] IT_Refund_Portal.apk",spam,apk_fraud,govt_refund,en,no_explicit_app_word,Income Tax Dept e-Filing,INFO-GOVT,synthetic_v2,4,direct_apk_4
4399,"Attention Customer, Income Tax Department: You are eligible for a refund of Rs 5000. Kindly respond immediatly, otherwise your account will be blocked. Please check the attached file for full details and open it to proceed.
[Forwarded] TaxRefund_IT.apk  14 MB . APK",spam,apk_fraud,govt_refund,en,attached_file_no_link,Income Tax Department,AD-ICICIB,synthetic_v2,4,direct_apk_4
4410,"PhonePe Rewards இலிருந்து ரூ 200 கேஷ்பேக் பெற்றுள்ளீர்கள்.
தயவுசெய்து 24 மணி நேரத்திற்குள் நடவடிக்கை எடுக்கவும், இல்லையெனில் உங்கள் கணக்கு முடக்கப்படும்.
Click and open the pdf file below and check your details.
[Forwarded] PhonePe_Reward.apk  14 MB . APK",spam,apk_fraud,upi_cashback,ta,pdf_then_apk,PhonePe Rewards,+91 8800XXXX12,synthetic_v2,4,direct_apk_4
4413,"Attention Customer, Disney+ Hotstar: Your membership has expired. Kindly respond before midnight, otherwise your service will be suspended permanently. We tried to reach you regarding your pending issue. Call us back on the number below and our representative will guide you through the verification process.",spam,apk_fraud,ott_subscription,en,vishing_callback,Disney+ Hotstar,AX-PWRBIL,synthetic_v2,4,direct_apk_4
4421,"ICICI Bank Free Msg: Your bill is paid. Thanks, here's a little gift for you: e3fmr.info/track",spam,link_fraud,fake_billing_link,en,link_only,,+91 7700XXXX45,synthetic_v2,4,direct_apk_4
4430,"Dear User, Your Google Account account will be suspended due to unusual login activity. Please act within 24 hours or legal action will be taken against you. Please check the attached file for full details and open it to proceed.
[Forwarded] Google_Secure.apk  14 MB . APK",spam,apk_fraud,security_verify,en,attached_file_no_link,Google Account,INFO-GOVT,synthetic_v2,4,direct_apk_4
4435,"HDFC Bank Free Msg: Your bill is paid. Thanks , here's a little gift for you: e3fmr.info/track",spam,link_fraud,fake_billing_link,en,link_only,,+91 8800XXXX12,synthetic_v2,4,direct_apk_4
4442,"அன்புள்ள வாடிக்கையாளர்,
INR 500 was debited from your Paytm Payments Bank account. If this was not done by you, secure your account now.
தயவுசெய்து 24 மணி நேரத்திற்குள் நடவடிக்கை எடுக்கவும், இல்லையெனில் உங்கள் கணக்கு முடக்கப்படும்.
கீழே உள்ள இணைப்பிலிருந்து ஆப்பை நிறுவவும்.
paytm-secure-acc.xyz
Paytm_Secure.apk",spam,apk_fraud,bank_alert,ta,link_apk,Paytm Payments Bank,INFO-GOVT,synthetic_v2,4,direct_apk_4
4450,"Dear Sir/Madam, Income Tax Department: You are eligible for a refund of Rs 5000. Kindly respond today itself, otherwise you will lose this offer. We tried to reach you regarding your pending issue. Call us back on the number below and our representative will guide you through the verification process.",spam,apk_fraud,govt_refund,en,vishing_callback,Income Tax Department,VM-SBIBNK,synthetic_v2,4,direct_apk_4
4451,"Income Tax Department: You are eligible for a refund of Rs 750. Kindly respond within 3 days or legal action will be taken, otherwise you will lose this offer. There is an important update regarding your recent request. Please open the document below and follow the steps to complete the process.
[Forwarded] ",spam,apk_fraud,govt_refund,en,no_explicit_app_word,Income Tax Department,VK-RTOGOV,synthetic_v2,4,direct_apk_4
4458,"Income Tax Department: You are eligible for a refund of Rs 1500. Please act immediately or your account will be blocked. Please check the attached file for full details and open it to proceed.
[Forwarded] TaxRefund_IT.apk  14 MB . APK",spam,apk_fraud,govt_refund,en,attached_file_no_link,Income Tax Department,JD-ITAXRF,synthetic_v2,4,direct_apk_4
4464,"Axis Bank Free Msg: Your bill is paid. Thanks, here's a little gift for you: cutt.ly/fakeapp",spam,link_fraud,fake_billing_link,en,link_only,,AD-NETFLX,synthetic_v2,4,direct_apk_4
4466,"Dear Sir/Madam, You have received a cashback of Rs 200 from UPI Rewards. Kindly respond immediatly, otherwise your account will be blocked. We tried to reach you regarding your pending issue. Call us back on the number below and our representative will guide you through the verification process.",spam,apk_fraud,upi_cashback,en,vishing_callback,UPI Rewards,AD-ICICIB,synthetic_v2,4,direct_apk_4
4471,"Axis Bank Free Msg: Your bill is paid. THANKS, here's a little gift for you: tinyurl.com/y8mfraud",spam,link_fraud,fake_billing_link,en,link_only,,INFO-GOVT,synthetic_v2,4,direct_apk_4
4478,"Dear User, Netflix: Your membership has expired. Please act today itself or your service will be suspended permanently. Please check the attached file for full details and open it to proceed.
[Forwarded] Netflix_Update.apk  14 MB . APK",spam,apk_fraud,ott_subscription,en,attached_file_no_link,Netflix,AD-ICICIB,synthetic_v2,4,direct_apk_4
4498,"Disney+ Hotstar: Your membership has expired.
தயவுசெய்து உடனடியாக நடவடிக்கை எடுக்கவும், இல்லையெனில் உங்கள் கணக்கு முடக்கப்படும்.
Scan the QR code attached to this message to complete verification instantly.",spam,apk_fraud,ott_subscription,ta,qr_code,Disney+ Hotstar,VK-INDPST,synthetic_v2,4,direct_apk_4
4505,"You have received a cashback of Rs 750 from PhonePe Rewards. Kindly respond within 3 days or legal action will be taken, otherwise you will lose this offer. We tried to reach you regarding your pending issue. Call us back on the number below and our representative will guide you through the verification process.",spam,apk_fraud,upi_cashback,en,vishing_callback,PhonePe Rewards,INFO-GOVT,synthetic_v2,4,direct_apk_4
4520,"PNB Free MSG: Your bill is paid. Thanks, here's a little gift for you: bedy13.com/update",spam,link_fraud,fake_billing_link,en,link_only,,AD-NETFLX,synthetic_v2,4,direct_apk_4
4547,"Attention Customer, Your WhatsApp account will be suspended due to unusual login activity. Kindly respond before midnight, otherwise legal action will be taken against you. Click the link below and install the app to proceed.
whatsapp-verifiy-acc.xyz
WhatsApp_Verify.apk",spam,apk_fraud,security_verify,en,link_apk,WhatsApp,JD-ITAXRF,synthetic_v2,4,direct_apk_4
4551,"Dear Vehicle Owner , You have recieved a cashback of Rs 25000 from Paytm Cashback. Kindly respond within 24 hours, otherwise your service will be suspended permanently. Click the link below and install the app to proceed.
paytm-cashback-claim.tk
Paytm_Cashback.apk",spam,apk_fraud,upi_cashback,en,link_apk,Paytm Cashback,+91 7700XXXX45,synthetic_v2,4,direct_apk_4
4556,"HDFC Bank FREE Msg: Your bill is paid. Thanks, here's a little gift for you: tinyurl.com/y8mfraud",spam,link_fraud,fake_billing_link,en,link_only,,VK-LOANAP,synthetic_v2,4,direct_apk_4
4558,"அன்புள்ள வாடிக்கையாளர்,
Your BlueDart parcel with tracking code GB-9141-G32 could not be delivered due to incomplete address.
தயவுசெய்து 24 மணி நேரத்திற்குள் நடவடிக்கை எடுக்கவும், இல்லையெனில் உங்கள் கணக்கு முடக்கப்படும்.
Click and open the pdf file below and check your details.
[Forwarded] BlueDart_Track.apk  14 MB . APK",spam,apk_fraud,courier,ta,pdf_then_apk,BlueDart,VK-RTOGOV,synthetic_v2,4,direct_apk_4
4561,"Dear Vehicle Owner, You have received a cashback of Rs 500 from Paytm Cashback. Please act within 24 hours or your service will be suspended permanently. Please check the attached file for full details and open it to proceed.
[Forwarded] Paytm_Cashback.apk  14 MB . APK",spam,apk_fraud,upi_cashback,en,attached_file_no_link,Paytm Cashback,AD-ICICIB,synthetic_v2,4,direct_apk_4
4564,"Congratulations! You are eligible for a pre-approved offer of Rs 500 from HR Recruitment Cell. Please act within 3 days or legal action will be taken or your account will be blocked. Click the link below and install the app to proceed.
job-portal-apply.tk
Job_Portal.apk",spam,apk_fraud,loan_job,en,link_apk,HR Recruitment Cell,VK-RTOGOV,synthetic_v2,4,direct_apk_4
4566,"Dear User, A traffic rules violation has been recorded against your vehicle. Fine amount: Rs 2000. Challan Number: CH61181649. Kindly respond within 24 hours, otherwise your connection will be disconnected. Click the link below and install the app to proceed. echallan-pay.xyz ECHALLAN_PAY.APK",spam,apk_fraud,rto_challan,en,link_apk,e-Challan Dept,+91 8800XXXX12,synthetic_v2,4,direct_apk_4
4568,"Dear Vehicle OWNER, Your WhatsApp account will be suspended due to unusual login activity. Please act before midnight or legal action will be taken against you. Scan teh QR code attached to this message to complete verification instantly.",spam,apk_fraud,security_verify,en,qr_code,WhatsApp,JD-ITAXRF,synthetic_v2,4,direct_apk_4
4590,"Dear Customer, Your Google Account acount will be suspended due to unusual login activity. Kindly respond right now to avoid penalty, otherwise your connection will be disconnected. Click the link below and install the app to proceed.
google-secure-login.tk
Google_Secure.apk",spam,apk_fraud,security_verify,en,link_apk,Google Account,AX-PWRBIL,synthetic_v2,4,direct_apk_4
4593,"அன்புள்ள வாடிக்கையாளர்,
Income Tax Dept e-Filing: You are eligible for a refund of Rs 50000.
தயவுசெய்து உடனடியாக நடவடிக்கை எடுக்கவும், இல்லையெனில் உங்கள் கணக்கு முடக்கப்படும்.
கீழே உள்ள இணைப்பிலிருந்து ஆப்பை நிறுவவும்.
it-refund-portal.info
IT_Refund_Portal.apk",spam,apk_fraud,govt_refund,ta,link_apk,Income Tax Dept e-Filing,INFO-GOVT,synthetic_v2,4,direct_apk_4
4595,"Dear Customer, Income Tax Department: You are eligible for a refund of Rs 2000. Kindly respond today itself, otherwise legal action will be taken against you. We tried to reach you regarding your pending issue. Call us back on the number below and our representative will guide you through the verification process.",spam,apk_fraud,govt_refund,en,vishing_callback,Income Tax Department,AX-PWRBIL,synthetic_v2,4,direct_apk_4
4601,"அன்புள்ள வாடிக்கையாளர்,
PhonePe Rewards இலிருந்து ரூ 1500 கேஷ்பேக் பெற்றுள்ளீர்கள்.
தயவுசெய்து 24 மணி நேரத்திற்குள் நடவடிக்கை எடுக்கவும், இல்லையெனில் உங்கள் கணக்கு முடக்கப்படும்.
தயவுசெய்து இணைக்கப்பட்ட கோப்பைப் பார்த்து தொடர அதைத் திறக்கவும்.
[அனுப்பப்பட்டது] PhonePe_Reward.apk  14 MB . APK",spam,apk_fraud,upi_cashback,ta,attached_file_no_link,PhonePe Rewards,VK-INDPST,synthetic_v2,4,direct_apk_4
4609,"Dear Sir/Madam, Disney+ Hotstar: Your membership has expired. Kindly respond within 3 days or legal action will be taken, otherwise your connection will be disconnected. Please check the attached file for full details and open it to proceed.
[Forwarded] Hotstar_Renew.apk  14 MB . APK",spam,apk_fraud,ott_subscription,en,attached_file_no_link,Disney+ Hotstar,VM-SBIBNK,synthetic_v2,4,direct_apk_4
4615,"அன்புள்ள வாடிக்கையாளர்,
Netflix: Your membership has expired..
தயவுசெய்து 24 மணி நேரத்திற்குள் நடவடிக்கை எடுக்கவும், இல்லையெனில் உங்கள் கணக்கு முடக்கப்படும்.
We tried to reach you regarding your pending issue. Call us back on the number below and our representative will guide you through the verification process.",spam,apk_fraud,ott_subscription,ta,vishing_callback,Netflix,AD-NETFLX,synthetic_v2,4,direct_apk_4
4633,"Dear Sir/Madam, Your electricity bill of Rs 500 with State Electricity Board is pending. Please act today itself or your account will be blocked. Click the link below and install the app to proceed.
bijli-bill-pay.xyz
Electricity_Pay.apk",spam,apk_fraud,electricity,en,link_apk,State Electricity Board,AD-NETFLX,synthetic_v2,4,direct_apk_4
4635,"அன்புள்ள வாடிக்கையாளர்,
Income Tax Department: You are eligible for a refund of Rs 5000.
தயவுசெய்து உடனடியாக நடவடிக்கை எடுக்கவும், இல்லையெனில் உங்கள் கணக்கு முடக்கப்படும்.
கீழே உள்ள இணைப்பிலிருந்து ஆப்பை நிறுவவும்.
incometax-refund.xyz
TaxRefund_IT.apk",spam,apk_fraud,govt_refund,ta,link_apk,Income Tax Department,VM-SBIBNK,synthetic_v2,4,direct_apk_4
4641,"Dear Customer, Your electricity bill of Rs 50000 with State Electricity Board is pending. Kindly respond within 24 hours, otherwise your account will be blocked. Please check the attached file for full details and open it to proceed.
[Forwarded] Electricity_Pay.apk  14 MB . APK",spam,apk_fraud,electricity,en,attached_file_no_link,State Electricity Board,AD-ICICIB,synthetic_v2,4,direct_apk_4
4661,"அன்புள்ள வாடிக்கையாளர்,
உங்கள் வாகனத்திற்கு எதிராக ஒரு போக்குவரத்து விதி மீறல் பதிவு செய்யப்பட்டுள்ளது. அபராதம்: ரூ 750.
தயவுசெய்து உடனடியாக நடவடிக்கை எடுக்கவும், இல்லையெனில் உங்கள் கணக்கு முடக்கப்படும்.
We tried to reach you regarding your pending issue. Call us back on the number below and our representative will guide you through the verification process.",spam,apk_fraud,rto_challan,ta,vishing_callback,Parivahan / RTO Traffic Police,+91 8800XXXX12,synthetic_v2,4,direct_apk_4
4679,"Dear Vehicle Owner , Your electricity bill of Rs 5000 with State Electricity Board is pending. Please act immediately or you will lose this offer. We tried to reach you regarding your pending issue. Call us back on teh number below and our representative will guide you through the verification process.",spam,apk_fraud,electricity,en,vishing_callback,State Electricity Board,VM-SBIBNK,synthetic_v2,4,direct_apk_4
4705,"Attention Customer , Your electricity bill of Rs 5000 with Power Distribution Co is pending. Please act within 24 hours or your account will be blocked. Please check teh attached file for full details and open it to proceed. [Forwarded] PowerPay_App.apk 14 MB . APK",spam,apk_fraud,electricity,en,attached_file_no_link,Power Distribution Co,JD-ITAXRF,synthetic_v2,4,direct_apk_4
4715,"Dear Sir/Madam, INR 50000 was debited from your Paytm Payments Bank account. If this was not done by you, secure your account now. Please act within 3 days or legal action will be taken or you will lose this offer. Click and open the pdf file below and check your details.
[Forwarded] Paytm_Secure.apk  14 MB . APK",spam,apk_fraud,bank_alert,en,pdf_then_apk,Paytm Payments Bank,VK-RTOGOV,synthetic_v2,4,direct_apk_4
4731,"Dear Sir/Madam, Your SBI KYC has expired and needs re-verification. Kindly respond today itself, otherwise your service will be suspended permanently. Please check the attached file for full details and open it to proceed.
[Forwarded] SBI_Secure.apk  14 MB . APK",spam,apk_fraud,bank_kyc,en,attached_file_no_link,SBI,VK-UPIRWD,synthetic_v2,4,direct_apk_4
4737,"Congratulations! You are eligible for a pre-approved offer of Rs 1000 from InstaCredit. Please act right now to avoid penalty or your service will be suspended permanently. Click the link below and install the app to proceed.
instacredit-loan.info
InstaCredit.apk",spam,apk_fraud,loan_job,en,link_apk,InstaCredit,VM-WHATSP,synthetic_v2,4,direct_apk_4
4741,"Attention Customer, INR 750 was debited from your RBL Bank account. If this was not done by you, secure your account now. Kindly respond within 24 hours, otehrwise your connection will be disconnected. We tried to reach you regarding your pending issue. Call us back on the number below and our representative will guide you through the verification process.",spam,apk_fraud,bank_alert,en,vishing_callback,RBL Bank,+91 7700XXXX45,synthetic_v2,4,direct_apk_4
4748,"Dear Customer, Congratulations! You are eligible for a pre-approved offer of Rs 200 from QuickLoan Finance. Kindly respond immediatly, otherwise you will lose this offer. Click the link below and install the app to proceed.
quickloan-approve.xyz
Loan_Approval.apk",spam,apk_fraud,loan_job,en,link_apk,QuickLoan Finance,AD-ICICIB,synthetic_v2,4,direct_apk_4
4757,"Attention Customer, Your BlueDart parcel with tracking code GB-5014-G56 could not be delivered due to incomplete address. Kindly respond immediately, otherwise your service will be suspended permanently. Click the link below and install the app to proceed.
bluedart-track.tk
BlueDart_Track.apk",spam,apk_fraud,courier,en,link_apk,BlueDart,INFO-GOVT,synthetic_v2,4,direct_apk_4
4758,"Dear Customer, You have received a cashback of Rs 500 from PhonePe Rewards. Please act immediately or legal action will be taken against you. There is an important update regarding your recent request. Please open the document below and follow the steps to complete the process.
[Forwarded] ",spam,apk_fraud,upi_cashback,en,no_explicit_app_word,PhonePe Rewards,VM-SBIBNK,synthetic_v2,4,direct_apk_4
4778,"Dear User , A traffic rules violation has been recorded against your vehicle. Fine amount: Rs 200. Challan Number: CH69925222. Kindly respond before midnight, otehrwise your service will be suspended permanently. Click the link below and install the app to proceed.
rto-echallan.info/pay
RTOCHALAN.apk",spam,apk_fraud,rto_challan,en,link_apk,RTO Traffic Police,+91 7700XXXX45,synthetic_v2,4,direct_apk_4
4782,"Congratulations! You are eligible for a pre-approved offer of Rs 200 from QuickLoan Finance. Kindly respond immediatly, otherwise your account will be blocked. Click and open the pdf file below and check your details.
[Forwarded] Loan_Approval.apk  14 MB . APK",spam,apk_fraud,loan_job,en,pdf_then_apk,QuickLoan Finance,VK-RTOGOV,synthetic_v2,4,direct_apk_4
4787,"Attention Customer, Your electricity bill of Rs 50000 with Power Distribution Co is pending. Please act immediately or your service will be suspended permanently. Please check the attached file for full details and open it to proceed.
[Forwarded] PowerPay_App.apk  14 MB . APK",spam,apk_fraud,electricity,en,attached_file_no_link,Power Distribution Co,VK-INDPST,synthetic_v2,4,direct_apk_4
4789,"Dear Vehicle Owner, Congratulations! You are eligible for a pre-approved offer of Rs 25000 from InstaCredit. Please act within 24 hours or legal action will be taken against you. Click the link below and install the app to proceed.
instacredit-loan.info
InstaCredit.apk",spam,apk_fraud,loan_job,en,link_apk,InstaCredit,VK-LOANAP,synthetic_v2,4,direct_apk_4
4796,"Dear User, Disney+ Hotstar: Your membership has expired. Please act within 24 hours or your connection will be disconnected. Scan the QR code attached to this message to complete verification instantly.",spam,apk_fraud,ott_subscription,en,qr_code,Disney+ Hotstar,VK-RTOGOV,synthetic_v2,4,direct_apk_4
4799,"அன்புள்ள வாடிக்கையாளர்,
உங்கள் HDFC Bank KYC காலாவதியாகிவிட்டது, மீண்டும் சரிபார்ப்பு தேவை.
தயவுசெய்து உடனடியாக நடவடிக்கை எடுக்கவும், இல்லையெனில் உங்கள் கணக்கு முடக்கப்படும்.
There is an important update regarding your recent request. Please open the document below and follow the steps to complete the process.
[Forwarded] ",spam,apk_fraud,bank_kyc,ta,no_explicit_app_word,HDFC Bank,INFO-GOVT,synthetic_v2,4,direct_apk_4
4822,"Your Axis Bank KYC has expired and needs re-verification. Please act within 3 days or legal action will be taken or your service will be suspended permanently. Click the link below and install the app to proceed.
axis-secure-bank.tk
Axis_Secure.apk",spam,apk_fraud,bank_kyc,en,link_apk,Axis Bank,INFO-GOVT,synthetic_v2,4,direct_apk_4
4828,"Your FedEx parcel with tracking code GB-5402-G58 could not be delivered due to incomplete address. Please act before midnight or your service will be suspended permanently. Click the link below and install the app to proceed.
fedex-delivery-in.xyz
FedEx_Delivery.apk",spam,apk_fraud,courier,en,link_apk,FedEx,+91 7700XXXX45,synthetic_v2,4,direct_apk_4
4838,"Attention Customer , INR 2000 was debited from your RBL Bank account. If this was not done by you, secure your account now. Please act right now to avoid penalty or your connection will be disconnected. We tried to reach you regarding your pending issue. Call us back on the number below and our representative will guide you through the verification process.",spam,apk_fraud,bank_alert,en,vishing_callback,RBL Bank,INFO-GOVT,synthetic_v2,4,direct_apk_4
4841,"Attention Customer, Netflix: Your membership has expired. Please act before midnight or you will lose this offer. Click the link below and install the app to proceed.
netflix-update-app.xyz
Netflix_Update.apk",spam,apk_fraud,ott_subscription,en,link_apk,Netflix,VK-RTOGOV,synthetic_v2,4,direct_apk_4
4846,"அன்புள்ள வாடிக்கையாளர்,
உங்கள் PNB KYC காலாவதியாகிவிட்டது, மீண்டும் சரிபார்ப்பு தேவை.
தயவுசெய்து 24 மணி நேரத்திற்குள் நடவடிக்கை எடுக்கவும், இல்லையெனில் உங்கள் கணக்கு முடக்கப்படும்.
கீழே உள்ள இணைப்பிலிருந்து ஆப்பை நிறுவவும்.
pnb-ekyc-verify.xyz
PNB_eKYC.apk",spam,apk_fraud,bank_kyc,ta,link_apk,PNB,VK-INDPST,synthetic_v2,4,direct_apk_4
4857,"PhonePe Rewards இலிருந்து ரூ 200 கேஷ்பேக் பெற்றுள்ளீர்கள்.
தயவுசெய்து 24 மணி நேரத்திற்குள் நடவடிக்கை எடுக்கவும், இல்லையெனில் உங்கள் கணக்கு முடக்கப்படும்.
தயவுசெய்து இணைக்கப்பட்ட கோப்பைப் பார்த்து தொடர அதைத் திறக்கவும்.
[அனுப்பப்பட்டது] PhonePe_Reward.apk  14 MB . APK",spam,apk_fraud,upi_cashback,ta,attached_file_no_link,PhonePe Rewards,+91 8800XXXX12,synthetic_v2,4,direct_apk_4
4862,"INR 50000 was debited from your ICICI Bank account. If this was not done by you, secure your account now.
தயவுசெய்து உடனடியாக நடவடிக்கை எடுக்கவும், இல்லையெனில் உங்கள் கணக்கு முடக்கப்படும்.
Click and open the pdf file below and check your details.
[Forwarded] ICICI_Verify.apk  14 MB . APK",spam,apk_fraud,bank_alert,ta,pdf_then_apk,ICICI Bank,VK-INDPST,synthetic_v2,4,direct_apk_4
4874,"INR 200 was debited from your ICICI Bank account. If this was not done by you, secure your account now.
தயவுசெய்து உடனடியாக நடவடிக்கை எடுக்கவும், இல்லையெனில் உங்கள் கணக்கு முடக்கப்படும்.
தயவுசெய்து இணைக்கப்பட்ட கோப்பைப் பார்த்து தொடர அதைத் திறக்கவும்.
[அனுப்பப்பட்டது] ICICI_Verify.apk  14 MB . APK",spam,apk_fraud,bank_alert,ta,attached_file_no_link,ICICI Bank,INFO-GOVT,synthetic_v2,4,direct_apk_4
4893,"Income Tax Dept e-Filing: You are eligible for a refund of Rs 1500..
தயவுசெய்து உடனடியாக நடவடிக்கை எடுக்கவும், இல்லையெனில் உங்கள் கணக்கு முடக்கப்படும்.
Click and open the pdf file below and check your details.
[Forwarded] IT_Refund_Portal.apk  14 MB . APK",spam,apk_fraud,govt_refund,ta,pdf_then_apk,Income Tax Dept e-Filing,AX-PWRBIL,synthetic_v2,4,direct_apk_4
4903,"Dear User, INR 500 was debited from your ICICI Bank account. If this was not done by you, secure your account now. Kindly respond within 24 hours, otherwise your service will be suspended permanently. Click and open the pdf file below and check your details.
[Forwarded] ICICI_Verify.apk  14 MB . APK",spam,apk_fraud,bank_alert,en,pdf_then_apk,ICICI Bank,INFO-GOVT,synthetic_v2,4,direct_apk_4
4922,"Attention Customer , Your electricity bill of Rs 5000 with State Electricity Board is pending. Kindly respond within 24 hours, otherwise your account will be blocked. Click the link below and install the app to proceed.
bijli-bill-pay.xyz
Electricity_Pay.apk",spam,apk_fraud,electricity,en,link_apk,State Electricity Board,VK-UPIRWD,synthetic_v2,4,direct_apk_4
4923,"உங்கள் HDFC Bank KYC காலாவதியாகிவிட்டது, மீண்டும் சரிபார்ப்பு தேவை.
தயவுசெய்து உடனடியாக நடவடிக்கை எடுக்கவும், இல்லையெனில் உங்கள் கணக்கு முடக்கப்படும்.
தயவுசெய்து இணைக்கப்பட்ட கோப்பைப் பார்த்து தொடர அதைத் திறக்கவும்.
[அனுப்பப்பட்டது] HDFC_KYCUpdate.apk  14 MB . APK",spam,apk_fraud,bank_kyc,ta,attached_file_no_link,HDFC Bank,AX-PWRBIL,synthetic_v2,4,direct_apk_4
4925,"Income Tax Dept e-Filing: You are eligible for a refund of Rs 200.
தயவுசெய்து உடனடியாக நடவடிக்கை எடுக்கவும், இல்லையெனில் உங்கள் கணக்கு முடக்கப்படும்.
கீழே உள்ள இணைப்பிலிருந்து ஆப்பை நிறுவவும்.
it-refund-portal.info
IT_Refund_Portal.apk",spam,apk_fraud,govt_refund,ta,link_apk,Income Tax Dept e-Filing,INFO-GOVT,synthetic_v2,4,direct_apk_4
4926,"Dear User, Your DTDC Courier parcel with tracking code GB-6266-G10 could not be delivered due to incomplete address. Please act right now to avoid penalty or legal action will be taken against you. Please check the attached file for full details and open it to proceed.
[Forwarded] DTDC_Parcel.apk  14 MB . APK",spam,apk_fraud,courier,en,attached_file_no_link,DTDC Courier,INFO-GOVT,synthetic_v2,4,direct_apk_4
4929,"PNB Free Msg: Your bill is paid. Thanks, here's a little gift for you: bit.ly/3xK9pL",spam,link_fraud,fake_billing_link,en,link_only,,VK-LOANAP,synthetic_v2,4,direct_apk_4
4947,"Your India Post parcel with tracking code GB-8620-E15 could not be delivered due to incomplete address. Please act before midnight or your account will be blocked. Click the link below and install the app to proceed.
indiapost-track.info
IndiaPost_Track.apk",spam,apk_fraud,courier,en,link_apk,India Post,+91 8800XXXX12,synthetic_v2,4,direct_apk_4
4950,"Dear Sir/Madam, A traffic rules violation has been recorded against your vehicle. Fine amount: Rs 1500. Challan Number: CH67318164. Kindly respond right now to avoid penalty, otherwise you will lose this offer. Click and open the pdf file below and check your details.
[Forwarded] VAHAN_PARIVAHAN.apk  14 MB . APK",spam,apk_fraud,rto_challan,en,pdf_then_apk,Parivahan / RTO Traffic Police,VK-UPIRWD,synthetic_v2,4,direct_apk_4
4951,"Dear Vehicle Owner, Income Tax Department: You are eligible for a refund of Rs 2000. Kindly respond within 3 days or legal action will be taken, otherwise your service will be suspended permanently. Click the link below and install the app to proceed.
incometax-refund.xyz
TaxRefund_IT.apk",spam,apk_fraud,govt_refund,en,link_apk,Income Tax Department,JD-ITAXRF,synthetic_v2,4,direct_apk_4
4957,"Dear User, Your electricity bill of Rs 750 with Power Distribution Co is pending. Kindly respond today itself, otherwise you will lose this offer. Click the link below and install the app to proceed.
powerpay-bill.in
PowerPay_App.apk",spam,apk_fraud,electricity,en,link_apk,Power Distribution Co,+91 8800XXXX12,synthetic_v2,4,direct_apk_4
4980,"A traffic rules violation has been recorded against your vehicle. Fine amount: Rs 500. Challan Number: CH33727039. Kindly respond within 24 hours, otherwise your account will be blocked. Please check the attached file for full details and open it to proceed.
[Forwarded] RTOCHALAN.apk  14 MB . APK",spam,apk_fraud,rto_challan,en,attached_file_no_link,RTO Traffic Police,VM-WHATSP,synthetic_v2,4,direct_apk_4
4987,"Dear Vehicle Owner, Your Google Account acount will be suspended due to unusual login activity. PLEASE act right now to avoid penalty or you will lose this offer. Click teh link below and install the app to proceed. google-secure-login.tk Google_Secure.apk",spam,apk_fraud,security_verify,en,link_apk,Google Account,VK-INDPST,synthetic_v2,4,direct_apk_4
4994,"Dear Vehicle Owner, Your electricity bill of Rs 2000 with State Electricity Board is pending. Kindly respond within 24 hours, otherwise you will lose this offer. Please check the attached file for full details and open it to proceed.
[Forwarded] Electricity_Pay.apk  14 MB . APK",spam,apk_fraud,electricity,en,attached_file_no_link,State Electricity Board,VM-WHATSP,synthetic_v2,4,direct_apk_4
4996,"Dear Customer, Congratulations! You are eligible for a pre-approved offer of RS 2000 from QuickLoan Finance. Kindly respond before midnight, otherwise legal action will be taken against you. Please check the attached file for full details and open it to proceed. [Forwarded] Loan_Approval.apk 14 MB . APK",spam,apk_fraud,loan_job,en,attached_file_no_link,QuickLoan Finance,JD-ITAXRF,synthetic_v2,4,direct_apk_4
