id,text,label,subtype,category,language,delivery_mode,brand_used,sender_id,source,cluster_id,cluster_label
3,"Priya Grahak, Aapka ICICI Bank KYC expire ho gaya hai aur dobara verify karna zaroori hai. Kripya turant action le, warna connection cut ho jayega. Aapse contact karne ki koshish ki thi. Niche diye number par call kare, hamara representative aapko verification process me guide karega.",spam,apk_fraud,bank_kyc,hg,vishing_callback,ICICI Bank,AD-NETFLX,synthetic_v2,3,direct_apk_3
5,Badhai ho! Aapne Rs 25000 ka prize jeeta hai. Abhi claim kare tinyurl.com/y8mfraud par warna offer khatam ho jayega.,spam,link_fraud,prize_link,hg,link_only,,AX-PWRBIL,synthetic_v2,3,direct_apk_3
10,"Namaste Customer, Aapke RBL Bank account se Rs 200 debit hua hai. Agar yeh aapne nahi kiya to account secure kare. Kripya aaj hi action le, warna connection cut ho jayega. Niche diye link se app install kare.
rbl-protect-acc.info
RBL_Protect.apk",spam,apk_fraud,bank_alert,hg,link_apk,RBL Bank,INFO-GOVT,synthetic_v2,3,direct_apk_3
23,"Priya Grahak, Congratulations! QuickLoan Finance se Rs 5000 ka pre-approved offer mila hai. Kripya jaldi se jaldi action le, warna aapka account block ho jayega. Niche di gayi pdf file kholkar apni details check kare.
[Forwarded] Loan_Approval.apk  14 MB . APK",spam,apk_fraud,loan_job,hg,pdf_then_apk,QuickLoan Finance,AX-PWRBIL,synthetic_v2,3,direct_apk_3
26,"Namaste Customer, Aapka India Post parcel tracking GB-3394-C90 address adhura hone ki wajah se deliver nahi ho paya. Kripya jaldi se jaldi action le, warna aapka account block ho jayega. Is message ke sath attach QR code scan kare aur turant verify kare.",spam,apk_fraud,courier,hg,qr_code,India Post,VK-INDPST,synthetic_v2,3,direct_apk_3
29,"Namaste Customer, Aapke vehicle par traffic violation record hua hai. Fine: Rs 1500. Challan number: CH84057275. Kripya 24 ghante ke andar action le, warna aapka account block ho jayega. Niche diye link se app install kare.
parivahan-sewa.tk/verify
ParivahanSewa.apk",spam,apk_fraud,rto_challan,hg,link_apk,Parivahan Sewa,+91 7700XXXX45,synthetic_v2,3,direct_apk_3
32,"Dear Customer, Aapke SBI account se Rs 1500 debit hua hai. Agar yeh aapne nahi kiya to account secure kare. turant jawab de, nahi to legal action hoga. Attached file check kare aur use khol kar aage badhe.
[Forwarded] SBI_Secure.apk  14 MB . APK",spam,apk_fraud,bank_alert,hg,attached_file_no_link,SBI,+91 7700XXXX45,synthetic_v2,3,direct_apk_3
36,"Priya Grahak, Aapko PhonePe Rewards se Rs 25000 cashback mila hai. Kripya turant action le, warna aapka account block ho jayega. Niche diye link se app install kare.
phonepe-reward.info
PhonePe_Reward.apk",spam,apk_fraud,upi_cashback,hg,link_apk,PhonePe Rewards,AD-NETFLX,synthetic_v2,3,direct_apk_3
38,"Dear Customer, Aapke SBI account se Rs 5000 debit hua hai. Agar yeh aapne nahi kiya to account secure kare. jaldi se jaldi jawab de, nahi to connection cut ho jayega. Aapse contact karne ki koshish ki thi. Niche diye number par call kare, hamara representative aapko verification process me guide karega.",spam,apk_fraud,bank_alert,hg,vishing_callback,SBI,VM-SBIBNK,synthetic_v2,3,direct_apk_3
58,"Namaste Customer, Aapke vehicle par traffic violation record hua hai. Fine: Rs 50000. Challan number: CH54486674. Kripya jaldi se jaldi action le, warna connection cut ho jayega. Niche di gayi pdf file kholkar apni details check kare.
[Forwarded] VAHAN_PARIVAHAN.apk  14 MB . APK",spam,apk_fraud,rto_challan,hg,pdf_then_apk,Parivahan / RTO Traffic Police,+91 7700XXXX45,synthetic_v2,3,direct_apk_3
66,"Namaste Customer, Aapka BlueDart parcel tracking GB-2008-D79 address adhura hone ki wajah se deliver nahi ho paya. aaj hi jawab de, nahi to connection cut ho jayega. Aapke recent request ke baare me ek zaroori update hai. Niche diya document kholkar process complete kare.
[Forwarded] BlueDart_Track.apk",spam,apk_fraud,courier,hg,no_explicit_app_word,BlueDart,AD-ICICIB,synthetic_v2,3,direct_apk_3
80,"Dear Customer , Asamanya login activity ki wajah se aapka WhatsApp account suspend ho sakta hai. jaldi se jaldi jawab de, nahi to connection cut ho jayega. Attached file check kare aur use khol kar aage badhe.
[Forwarded] WhatsApp_Verify.apk  14 MB . APK",spam,apk_fraud,security_verify,hg,attached_file_no_link,WhatsApp,INFO-GOVT,synthetic_v2,3,direct_apk_3
83,"Priya Grahak, Aapka Power Distribution Co bijli bill Rs 500 pending hai. 24 ghante ke andar jawab de, nahi to legal action hoga. Niche diye link se app install kare.
powerpay-bill.in
PowerPay_App.apk",spam,apk_fraud,electricity,hg,link_apk,Power Distribution Co,AD-NETFLX,synthetic_v2,3,direct_apk_3
87,"Namaste Customer, Income Tax Dept e-Filing: Aapko Rs 50000 ka refund milne wala hai. jaldi se jaldi jawab de, nahi to legal action hoga. Is message ke sath attach QR code scan kare aur turant verify kare.",spam,apk_fraud,govt_refund,hg,qr_code,Income Tax Dept e-Filing,JD-ITAXRF,synthetic_v2,3,direct_apk_3
92,"Asamanya login activity ki wajah se aapka Google Account account suspend ho sakta hai. aaj hi jawab de, nahi to aapka account block ho jayega. Niche di gayi pdf file kholkar apni details check kare.
[Forwarded] Google_Secure.apk  14 MB . APK",spam,apk_fraud,security_verify,hg,pdf_then_apk,Google Account,+91 8800XXXX12,synthetic_v2,3,direct_apk_3
101,"Priya Grahak, Aapke RBL Bank account se Rs 25000 debit hua hai. Agar yeh aapne nahi kiya to account secure kare. jaldi se jaldi jawab de, nahi to legal action hoga. Attached file check kare aur use khol kar aage badhe.
[Forwarded] RBL_Protect.apk  14 MB . APK",spam,apk_fraud,bank_alert,hg,attached_file_no_link,RBL Bank,AX-PWRBIL,synthetic_v2,3,direct_apk_3
107,"Netflix: Aapki membership expire ho gayi hai. Kripya 24 ghante ke andar action le, warna legal action hoga. Niche di gayi pdf file kholkar apni details check kare.
[Forwarded] Netflix_Update.apk  14 MB . APK",spam,apk_fraud,ott_subscription,hg,pdf_then_apk,Netflix,+91 7700XXXX45,synthetic_v2,3,direct_apk_3
118,"Priya Grahak, Congratulations! QuickLoan Finance se Rs 2000 ka pre-approved offer mila hai. turant jawab de, nahi to aapka account block ho jayega. Niche diye link se app install kare.
quickloan-approve.xyz
Loan_Approval.apk",spam,apk_fraud,loan_job,hg,link_apk,QuickLoan Finance,VK-UPIRWD,synthetic_v2,3,direct_apk_3
120,"Dear Customer, ASAMANYA login activity ki wajah se aapka WhatsApp account suspend ho sakta hai. turant jawab de, nahi to connection cut ho jayega. Niche diye link se app install kare. whatsapp-verifiy-acc.xyz WhatsApp_Verify.apk",spam,apk_fraud,security_verify,hg,link_apk,WhatsApp,+91 8800XXXX12,synthetic_v2,3,direct_apk_3
121,Badhai ho! Aapne Rs 750 ka prize jeeta hai.. Abhi claim kare bedy13.com/update par warna offer khatam ho jayega.,spam,link_fraud,prize_link,hg,link_only,,VK-INDPST,synthetic_v2,3,direct_apk_3
154,"Namaste Customer, Aapke vehicle par traffic violation record hua hai. Fine: Rs 2000. Challan number: CH74418331. aaj hi jawab de, nahi to aapka account block ho jayega. Is message ke sath attach QR code scan kare aur turant verify kare.",spam,apk_fraud,rto_challan,hg,qr_code,e-Challan Dept,AD-ICICIB,synthetic_v2,3,direct_apk_3
159,"Dear Customer, Congratulations! InstaCredit se Rs 200 ka pre-approved offer mila hai. Kripya aaj hi action le, warna legal action hoga. Is message ke sath attach QR code scan kare aur turant verifiy kare.",spam,apk_fraud,loan_job,hg,qr_code,InstaCredit,AD-NETFLX,synthetic_v2,3,direct_apk_3
166,"Asamanya login activity ki wajah se aapka Google Account account suspend ho sakta hai. Kripya jaldi se jaldi action le, warna connection cut ho jayega. Attached file check kare aur use khol kar aage badhe.
[Forwarded] Google_Secure.apk  14 MB . APK",spam,apk_fraud,security_verify,hg,attached_file_no_link,Google Account,JD-ITAXRF,synthetic_v2,3,direct_apk_3
215,"Income Tax Department: Aapko Rs 50000 ka refund milne wala hai.. Kripya aaj hi action le, warna aapka account block ho jayega. Niche diye link se app install kare.
incometax-refund.xyz
TaxRefund_IT.apk",spam,apk_fraud,govt_refund,hg,link_apk,Income Tax Department,VK-LOANAP,synthetic_v2,3,direct_apk_3
218,Badhai ho! Aapne Rs 750 ka prize jeeta hai. Abhi claim kare tinyurl.com/y8mfraud par warna offer khatam ho jayega.,spam,link_fraud,prize_link,hg,link_only,,VM-SBIBNK,synthetic_v2,3,direct_apk_3
223,"Dear Customer, Aapke SBI account se Rs 200 debit hua hai. Agar yeh aapne nahi kiya to account secure kare. 24 ghante ke andar jawab de, nahi to connection cut ho jayega. Is message ke sath attach QR code scan kare aur turant verify kare.",spam,apk_fraud,bank_alert,hg,qr_code,SBI,AX-PWRBIL,synthetic_v2,3,direct_apk_3
262,"Namaste Customer, Disney+ Hotstar: Aapki membership expire ho gayi hai. Kripya turant action le, warna connection cut ho jayega. Niche diye link se app install kare.
hotstar-renew.info
Hotstar_Renew.apk",spam,apk_fraud,ott_subscription,hg,link_apk,Disney+ Hotstar,AX-PWRBIL,synthetic_v2,3,direct_apk_3
266,"Dear Customer, Income Tax Dept e-Filing: Aapko Rs 200 ka refund milne wala hai. jaldi se jaldi jawab de, nahi to connection cut ho jayega. Aapke recent request ke baare me ek zaroori update hai. Niche diya document kholkar process complete kare.
[Forwarded] ",spam,apk_fraud,govt_refund,hg,no_explicit_app_word,Income Tax Dept e-Filing,VK-INDPST,synthetic_v2,3,direct_apk_3
290,"Congratulations! QuickLoan Finance se Rs 50000 ka pre-approved offer mila hai. turant jawab de, nahi to connection cut ho jayega. Niche di gayi pdf file kholkar apni details check kare.
[Forwarded] Loan_Approval.apk  14 MB . APK",spam,apk_fraud,loan_job,hg,pdf_then_apk,QuickLoan Finance,VK-LOANAP,synthetic_v2,3,direct_apk_3
291,"Priya Grahak, Aapka Power Distribution Co bijli bill Rs 750 pending hai. jaldi se jaldi jawab de, nahi to aapka account block ho jayega. Niche diye link se app install kare.
powerpay-bill.in
PowerPay_App.apk",spam,apk_fraud,electricity,hg,link_apk,Power Distribution Co,AX-PWRBIL,synthetic_v2,3,direct_apk_3
293,Badhai ho! Aapne Rs 2000 ka prize jeeta hai. Abhi claim kare cutt.ly/fakeapp par warna offer khatam ho jayega.,spam,link_fraud,prize_link,hg,link_only,,AD-NETFLX,synthetic_v2,3,direct_apk_3
297,"Namaste Customer, Disney+ Hotstar: Aapki membership expire ho gayi hai. jaldi se jaldi jawab de, nahi to aapka account block ho jayega. Niche diye link se app install kare.
hotstar-renew.info
Hotstar_Renew.apk",spam,apk_fraud,ott_subscription,hg,link_apk,Disney+ Hotstar,AD-NETFLX,synthetic_v2,3,direct_apk_3
313,"Dear Customer, Aapke Paytm Payments Bank account se Rs 750 debit hua hai. Agar yeh aapne nahi kiya to account secure kare. aaj hi jawab de, nahi to aapka account block ho jayega. Aapse contact karne ki koshish ki thi. Niche diye number par call kare, hamara representative aapko verification process me guide karega.",spam,apk_fraud,bank_alert,hg,vishing_callback,Paytm Payments Bank,AX-PWRBIL,synthetic_v2,3,direct_apk_3
317,"Asamanya login activity ki wajah se aapka WhatsApp account suspend ho sakta hai. Kripya aaj hi action le, warna connection cut ho jayega. Aapke recent request ke baare me ek zaroori update hai. Niche diya document kholkar process complete kare.
[Forwarded] WhatsApp_Verify.apk",spam,apk_fraud,security_verify,hg,no_explicit_app_word,WhatsApp,INFO-GOVT,synthetic_v2,3,direct_apk_3
327,"Income Tax Department: Aapko Rs 750 ka refund milne wala hai. turant jawab de, nahi to aapka account block ho jayega. Niche di gayi pdf file kholkar apni details check kare.
[Forwarded] TaxRefund_IT.apk  14 MB . APK",spam,apk_fraud,govt_refund,hg,pdf_then_apk,Income Tax Department,+91 7700XXXX45,synthetic_v2,3,direct_apk_3
330,"Priya Grahak, Asamanya login activity ki wajah se aapka WhatsApp account suspend ho sakta hai. aaj hi jawab de, nahi to connection cut ho jayega. Niche diye link se app install kare.
whatsapp-verify-acc.xyz
WhatsApp_Verify.apk",spam,apk_fraud,security_verify,hg,link_apk,WhatsApp,AD-NETFLX,synthetic_v2,3,direct_apk_3
339,"Income Tax Dept e-Filing: Aapko Rs 5000 ka refund milne wala hai. 24 ghante ke andar jawab de, nahi to legal action hoga. Attached file check kare aur use khol kar aage badhe.
[Forwarded] IT_Refund_Portal.apk  14 MB . APK",spam,apk_fraud,govt_refund,hg,attached_file_no_link,Income Tax Dept e-Filing,VM-WHATSP,synthetic_v2,3,direct_apk_3
350,"Aapka Power Distribution Co bijli bill Rs 750 pending hai.. Kripya turant action le, warna connection cut ho jayega. Niche diye link SE app install kare. powerpay-bill.in PowerPay_App.apk",spam,apk_fraud,electricity,hg,link_apk,Power Distribution Co,INFO-GOVT,synthetic_v2,3,direct_apk_3
352,"Priya Grahak, Congratulations! HR Recruitment Cell se Rs 2000 ka pre-approved offer mila hai. jaldi se jaldi jawab de, nahi to legal action hoga. Attached file check kare aur use khol kar aage badhe.
[Forwarded] Job_Portal.apk  14 MB . APK",spam,apk_fraud,loan_job,hg,attached_file_no_link,HR Recruitment Cell,VK-LOANAP,synthetic_v2,3,direct_apk_3
387,"Priya Grahak, Congratulations! HR Recruitment Cell se Rs 2000 ka pre-approved offer mila hai. jaldi se jaldi jawab de, nahi to aapka account block ho jayega. Attached file check kare aur use khol kar aage badhe.
[Forwarded] Job_Portal.apk  14 MB . APK",spam,apk_fraud,loan_job,hg,attached_file_no_link,HR Recruitment Cell,VM-WHATSP,synthetic_v2,3,direct_apk_3
390,Badhai ho! Aapne Rs 1000 ka prize jeeta hai. Abhi claim kare bedy13.com/update par warna offer khatam ho jayega.,spam,link_fraud,prize_link,hg,link_only,,JD-ITAXRF,synthetic_v2,3,direct_apk_3
406,"Dear Customer, Asamanya login activity ki wajah se aapka Google Account account suspend ho sakta hai. Kripya jaldi se jaldi action le, warna legal action hoga. Attached file check kare aur use khol kar aage badhe.
[Forwarded] Google_Secure.apk  14 MB . APK",spam,apk_fraud,security_verify,hg,attached_file_no_link,Google Account,AD-NETFLX,synthetic_v2,3,direct_apk_3
408,"Namaste Customer, Disney+ Hotstar: Aapki membership expire ho gayi hai. 24 ghante ke andar jawab de, nahi to legal action hoga. Niche diye link se app install kare.
hotstar-renew.info
Hotstar_Renew.apk",spam,apk_fraud,ott_subscription,hg,link_apk,Disney+ Hotstar,VK-LOANAP,synthetic_v2,3,direct_apk_3
412,"Namaste Customer, Aapke vehicle par traffic violation record hua hai. Fine: Rs 25000. Challan number: CH78555983. Kripya turant action le, warna connection cut ho jayega. Attached file check kare aur use khol kar aage badhe.
[Forwarded] VAHAN_PARIVAHAN.apk  14 MB . APK",spam,apk_fraud,rto_challan,hg,attached_file_no_link,Parivahan / RTO Traffic Police,JD-ITAXRF,synthetic_v2,3,direct_apk_3
413,"Namaste Customer, Aapke vehicle par traffic violation record hua hai. Fine: Rs 5000. Challan number: CH98922266. jaldi se jaldi jawab de, nahi to connection cut ho jayega. Attached file check kare aur use khol kar aage badhe.
[Forwarded] ParivahanSewa.apk  14 MB . APK",spam,apk_fraud,rto_challan,hg,attached_file_no_link,Parivahan Sewa,VM-SBIBNK,synthetic_v2,3,direct_apk_3
419,"Netflix: Aapki membership expire ho gayi hai. Kripya 24 ghante ke andar action le, warna connection cut ho jayega. Niche diye link se app install kare.
netflix-update-app.xyz
Netflix_Update.apk",spam,apk_fraud,ott_subscription,hg,link_apk,Netflix,VK-INDPST,synthetic_v2,3,direct_apk_3
420,Badhai ho! Aapne Rs 1500 ka prize jeeta hai. Abhi claim kare cutt.ly/fakeapp par warna offer khatam ho jayega.,spam,link_fraud,prize_link,hg,link_only,,VK-UPIRWD,synthetic_v2,3,direct_apk_3
434,"Priya Grahak , Aapke vehicle par traffic violation record hua hai. Fine: Rs 2000. Challan number: CH41225585. Kripya jaldi se jaldi action le, warna legal action hoga. Niche diye link se app install kare.
parivahan-sewa.tk/verify
ParivahanSewa.apk",spam,apk_fraud,rto_challan,hg,link_apk,Parivahan Sewa,+91 8800XXXX12,synthetic_v2,3,direct_apk_3
436,"Namaste Customer, Aapka Power Distribution Co bijli bill Rs 25000 pending hai.. KRIPYA 24 ghante ke andar action le, warna connection cut ho jayega. Niche di gayi pdf file kholkar apni details check kare. [Forwarded] PowerPay_App.apk 14 MB . APK",spam,apk_fraud,electricity,hg,pdf_then_apk,Power Distribution Co,INFO-GOVT,synthetic_v2,3,direct_apk_3
437,"Priya Grahak, Aapka FedEx parcel tracking GB-8784-G10 address adhura hone ki wajah se deliver nahi ho paya.. Kripya jaldi se jaldi action le, warna aapka account block ho jayega. Is message ke sath attach QR code scan kare aur turant verify kare.",spam,apk_fraud,courier,hg,qr_code,FedEx,VK-LOANAP,synthetic_v2,3,direct_apk_3
442,"Congratulations! QuickLoan Finance se Rs 2000 ka pre-approved offer mila hai. turant jawab de, nahi to legal action hoga. Aapse contact karne ki koshish ki thi. Niche diye number par call kare, hamara representative aapko verification process me guide karega.",spam,apk_fraud,loan_job,hg,vishing_callback,QuickLoan Finance,VK-LOANAP,synthetic_v2,3,direct_apk_3
451,"Priya Grahak, Aapka Axis Bank KYC expire ho gaya hai aur dobara verify karna zaroori hai. 24 ghante ke andar jawab de, nahi to legal action hoga. Is message ke sath attach QR code scan kare aur turant verify kare.",spam,apk_fraud,bank_kyc,hg,qr_code,Axis Bank,JD-ITAXRF,synthetic_v2,3,direct_apk_3
467,"Priya Grahak, Aapke SBI account se Rs 200 debit hua hai. Agar yeh aapne nahi kiya to account secure kare. turant jawab de, nahi to connection cut ho jayega. Is message ke sath attach QR code scan kare aur turant verify kare.",spam,apk_fraud,bank_alert,hg,qr_code,SBI,VM-SBIBNK,synthetic_v2,3,direct_apk_3
479,"Aapko Paytm Cashback se Rs 2000 cashback mila hai. jaldi se jaldi jawab de, nahi to aapka account block ho jayega. Niche diye link se app install kare.
paytm-cashback-claim.tk
Paytm_Cashback.apk",spam,apk_fraud,upi_cashback,hg,link_apk,Paytm Cashback,VM-WHATSP,synthetic_v2,3,direct_apk_3
490,"Namaste Customer, Aapke VEHICLE par traffic violation record hua hai. Fine: Rs 2000. Challan number: CH96382807. Kripya 24 ghante ke andar action le, warna connection cut ho jayega. Niche di gayi pdf file kholkar apni details check kare. [Forwarded] eChallan_Pay.apk 14 MB . APK",spam,apk_fraud,rto_challan,hg,pdf_then_apk,e-Challan Dept,+91 8800XXXX12,synthetic_v2,3,direct_apk_3
491,"Aapke RBL Bank account se Rs 50000 debit hua hai. Agar yeh aapne nahi kiya to account secure kare. Kripya aaj hi action le, warna connection cut ho jayega. Niche di gayi pdf file kholkar apni details check kare.
[Forwarded] RBL_Protect.apk  14 MB . APK",spam,apk_fraud,bank_alert,hg,pdf_then_apk,RBL Bank,VK-INDPST,synthetic_v2,3,direct_apk_3
507,"Priya Grahak, Income Tax Department: Aapko Rs 50000 ka refund milne wala hai. aaj hi jawab de, nahi to legal action hoga. Attached file check kare aur use khol kar aage badhe.
[Forwarded] TaxRefund_IT.apk  14 MB . APK",spam,apk_fraud,govt_refund,hg,attached_file_no_link,Income Tax Department,AX-PWRBIL,synthetic_v2,3,direct_apk_3
529,"Priya Grahak , Aapka State Electricity Board bijli bill Rs 200 pending hai. Kripya aaj hi action le, warna aapka acount block ho jayega. Niche di gayi pdf file kholkar apni details check kare.
[Forwarded] Electricity_Pay.apk  14 MB . APK",spam,apk_fraud,electricity,hg,pdf_then_apk,State Electricity Board,VK-UPIRWD,synthetic_v2,3,direct_apk_3
530,"Aapka BlueDart parcel tracking GB-7519-A64 address adhura hone ki wajah se deliver nahi ho paya. Kripya 24 ghante ke andar action le, warna aapka account block ho jayega. Attached file check kare aur use khol kar aage badhe.
[Forwarded] BlueDart_Track.apk  14 MB . APK",spam,apk_fraud,courier,hg,attached_file_no_link,BlueDart,AX-PWRBIL,synthetic_v2,3,direct_apk_3
532,"Dear Customer, Netflix: Aapki membership expire ho gayi hai.. Kripya 24 ghante ke andar action le, warna connection cut ho jayega. Niche di gayi pdf file kholkar apni details check kare.
[Forwarded] Netflix_Update.apk  14 MB . APK",spam,apk_fraud,ott_subscription,hg,pdf_then_apk,Netflix,AD-NETFLX,synthetic_v2,3,direct_apk_3
533,"Dear Customer, Aapke vehicle par traffic violation record hua hai. Fine: Rs 500. Challan NUMBER: CH71942343. Kripya jaldi se jaldi action le, warna connection cut ho jayega. Niche diye link se app install kare. parivahan-gov.xyz/challan VAHAN_PARIVAHAN.apk",spam,apk_fraud,rto_challan,hg,link_apk,Parivahan / RTO Traffic Police,VM-SBIBNK,synthetic_v2,3,direct_apk_3
537,"Dear Customer, Asamanya login activity ki wajah se aapka WhatsApp account suspend ho sakta hai. aaj hi jawab de, nahi to connection cut ho jayega. Is message ke sath attach QR code scan kare aur turant verify kare.",spam,apk_fraud,security_verify,hg,qr_code,WhatsApp,AD-NETFLX,synthetic_v2,3,direct_apk_3
543,"Priya Grahak, Aapka Power Distribution Co bijli bill Rs 2000 pending hai. Kripya 24 ghante ke andar action le, warna connection cut ho jayega. Is message ke sath attach QR code scan kare aur turant verify kare.",spam,apk_fraud,electricity,hg,qr_code,Power Distribution Co,+91 8800XXXX12,synthetic_v2,3,direct_apk_3
549,"Aapka FedEx parcel tracking GB-1482-C48 address adhura hone ki wajah se deliver nahi ho paya. turant jawab de, nahi to aapka account block ho jayega. Attached file check kare aur use khol kar aage badhe.
[Forwarded] FedEx_Delivery.apk  14 MB . APK",spam,apk_fraud,courier,hg,attached_file_no_link,FedEx,+91 7700XXXX45,synthetic_v2,3,direct_apk_3
552,Badhai ho! Aapne Rs 200 ka prize jeeta hai. Abhi claim kare e5nbu.xyz/claim par warna OFFER khatam ho jayega.,spam,link_fraud,prize_link,hg,link_only,,VM-WHATSP,synthetic_v2,3,direct_apk_3
566,"Priya Grahak , Congratulations! InstaCredit se Rs 5000 ka pre-approved offer mila hai. 24 ghante ke andar jawab de, nahi to connection cut ho jayega. Niche di gayi pdf file kholkar apni details check kare.
[Forwarded] InstaCredit.apk  14 MB . APK",spam,apk_fraud,loan_job,hg,pdf_then_apk,InstaCredit,AD-NETFLX,synthetic_v2,3,direct_apk_3
570,"Priya Grahak, Aapko UPI Rewards se Rs 50000 cashback mila hai. turant jawab de, nahi to connection cut ho jayega. Niche diye link se app install kare.
upi-cashback-claim.xyz
UPI_Cashback.apk",spam,apk_fraud,upi_cashback,hg,link_apk,UPI Rewards,+91 8800XXXX12,synthetic_v2,3,direct_apk_3
572,"Priya Grahak, Income Tax Dept e-Filing: Aapko Rs 50000 ka refund milne wala hai. aaj hi jawab de, nahi to legal action hoga. Attached file check kare aur use khol kar aage badhe.
[Forwarded] IT_Refund_Portal.apk  14 MB . APK",spam,apk_fraud,govt_refund,hg,attached_file_no_link,Income Tax Dept e-Filing,JD-ITAXRF,synthetic_v2,3,direct_apk_3
579,Badhai ho! Aapne Rs 50000 ka prize jeeta hai. Abhi claim kare tinyurl.com/y8mfraud par warna offer khatam ho jayega.,spam,link_fraud,prize_link,hg,link_only,,AD-ICICIB,synthetic_v2,3,direct_apk_3
581,"Dear Customer, Asamanya login activity ki wajah se aapka Google Account account suspend ho sakta hai. Kripya turant action le, warna aapka account block ho jayega. Niche diye link se app install kare.
google-secure-login.tk
Google_Secure.apk",spam,apk_fraud,security_verify,hg,link_apk,Google Account,INFO-GOVT,synthetic_v2,3,direct_apk_3
597,"Priya Grahak, Aapka India Post parcel tracking GB-6409-F94 address adhura hone ki wajah se deliver nahi ho paya. aaj hi jawab de, nahi to connection cut ho jayega. Niche di gayi pdf file kholkar apni details check kare.
[Forwarded] IndiaPost_Track.apk  14 MB . APK",spam,apk_fraud,courier,hg,pdf_then_apk,India Post,+91 8800XXXX12,synthetic_v2,3,direct_apk_3
605,"Dear Customer, Income Tax Department: Aapko Rs 2000 ka refund milne wala hai. Kripya jaldi se jaldi action le, warna aapka account block ho jayega. Niche diye link se app install kare.
incometax-refund.xyz
TaxRefund_IT.apk",spam,apk_fraud,govt_refund,hg,link_apk,Income Tax Department,INFO-GOVT,synthetic_v2,3,direct_apk_3
611,"Congratulations! QuickLoan Finance se Rs 2000 ka pre-approved offer MILA hai. aaj hi jawab de, nahi to legal action hoga. Niche diye link se app install kare. quickloan-approve.xyz Loan_Approval.apk",spam,apk_fraud,loan_job,hg,link_apk,QuickLoan Finance,AD-ICICIB,synthetic_v2,3,direct_apk_3
612,"Congratulations! HR Recruitment Cell se Rs 2000 ka pre-approved offer mila hai. 24 ghante ke andar jawab de, nahi to aapka account block ho jayega. Aapse contact karne ki koshish ki thi. Niche diye number par call kare, hamara representative aapko verification process me guide karega.",spam,apk_fraud,loan_job,hg,vishing_callback,HR Recruitment Cell,VM-WHATSP,synthetic_v2,3,direct_apk_3
623,Badhai ho! Aapne Rs 2000 ka prize jeeta hai. Abhi claim kare bit.ly/3xK9pL par warna offer khatam ho jayega.,spam,link_fraud,prize_link,hg,link_only,,VM-WHATSP,synthetic_v2,3,direct_apk_3
641,"Namaste Customer, Aapke vehicle par traffic violation record hua hai. Fine: Rs 1500. Challan number: CH61269406. turant jawab de, nahi to aapka account block ho jayega. Attached file check kare aur use khol kar aage badhe.
[Forwarded] VAHAN_PARIVAHAN.apk  14 MB . APK",spam,apk_fraud,rto_challan,hg,attached_file_no_link,Parivahan / RTO Traffic Police,VK-INDPST,synthetic_v2,3,direct_apk_3
644,"Dear Customer, Aapka PNB KYC expire ho gaya hai aur dobara verify karna zaroori hai. Kripya 24 ghante ke andar action le, warna legal action hoga. Niche di gayi pdf file kholkar apni details check kare.
[Forwarded] PNB_eKYC.apk  14 MB . APK",spam,apk_fraud,bank_kyc,hg,pdf_then_apk,PNB,INFO-GOVT,synthetic_v2,3,direct_apk_3
645,Badhai ho! Aapne Rs 750 KA prize jeeta hai. Abhi claim kare bedy13.com/update par warna offer khatam ho jayega.,spam,link_fraud,prize_link,hg,link_only,,VK-RTOGOV,synthetic_v2,3,direct_apk_3
663,"Priya Grahak, Aapke RBL Bank account se Rs 500 debit hua hai. Agar yeh aapne nahi kiya to account secure kare. aaj hi jawab de, nahi to legal action hoga. Attached file check kare aur use khol kar aage badhe.
[Forwarded] RBL_Protect.apk  14 MB . APK",spam,apk_fraud,bank_alert,hg,attached_file_no_link,RBL Bank,VK-UPIRWD,synthetic_v2,3,direct_apk_3
664,"Priya Grahak, Aapke Paytm Payments Bank account se Rs 5000 debit hua hai. Agar yeh aapne nahi kiya to account secure kare. Kripya turant action le, warna aapka account block ho jayega. Niche diye link se app install kare.
paytm-secure-acc.xyz
Paytm_Secure.apk",spam,apk_fraud,bank_alert,hg,link_apk,Paytm Payments Bank,VM-WHATSP,synthetic_v2,3,direct_apk_3
665,"Namaste Customer, Aapko Paytm Cashback se Rs 50000 cashback mila hai. turant jawab de, nahi to connection cut ho jayega. Aapke recent request ke baare me ek zaroori update hai. Niche diya document kholkar process complete kare.
[Forwarded] ",spam,apk_fraud,upi_cashback,hg,no_explicit_app_word,Paytm Cashback,VM-WHATSP,synthetic_v2,3,direct_apk_3
670,"Aapko Paytm Cashback se Rs 5000 cashback mila hai. 24 ghante ke andar jawab de, nahi to connection cut ho jayega. Niche diye link se app install kare.
paytm-cashback-claim.tk
Paytm_Cashback.apk",spam,apk_fraud,upi_cashback,hg,link_apk,Paytm Cashback,VM-SBIBNK,synthetic_v2,3,direct_apk_3
676,"Dear Customer, Congratulations! HR Recruitment Cell se Rs 200 ka pre-approved offer mila hai. Kripya 24 ghante ke andar action le, warna legal action hoga. Niche diye link se app install kare.
job-portal-apply.tk
Job_Portal.apk",spam,apk_fraud,loan_job,hg,link_apk,HR Recruitment Cell,VM-WHATSP,synthetic_v2,3,direct_apk_3
681,"Namaste Customer, Aapka Bank of Baroda KYC expire ho gaya hai aur dobara verify karna zaroori hai. jaldi se jaldi jawab de, nahi to legal action hoga. Attached file check kare aur use khol kar aage badhe.
[Forwarded] BOB_Update.apk  14 MB . APK",spam,apk_fraud,bank_kyc,hg,attached_file_no_link,Bank of Baroda,VK-UPIRWD,synthetic_v2,3,direct_apk_3
685,"Dear Customer, Aapke vehicle par traffic violation record hua hai. Fine: Rs 200. Challan number: CH49583058. turant jawab de, nahi to legal action hoga. Niche di gayi pdf file kholkar apni details check kare.
[Forwarded] VAHAN_PARIVAHAN.apk  14 MB . APK",spam,apk_fraud,rto_challan,hg,pdf_then_apk,Parivahan / RTO Traffic Police,INFO-GOVT,synthetic_v2,3,direct_apk_3
686,"Namaste Customer, Netflix: Aapki membership expire ho gayi hai. Kripya aaj hi action le, warna legal action hoga. Niche diye link se APP install kare. netflix-update-app.xyz Netflix_Update.apk",spam,apk_fraud,ott_subscription,hg,link_apk,Netflix,VK-LOANAP,synthetic_v2,3,direct_apk_3
689,"Namaste Customer, Asamanya login activity ki wajah se aapka Google Account account suspend ho sakta hai. jaldi se jaldi jawab de, nahi to connection cut ho jayega. Attached file check kare aur use khol kar aage badhe.
[Forwarded] Google_Secure.apk  14 MB . APK",spam,apk_fraud,security_verify,hg,attached_file_no_link,Google Account,INFO-GOVT,synthetic_v2,3,direct_apk_3
697,"Congratulations! QuickLoan Finance se Rs 750 ka pre-approved offer mila hai. Kripya aaj hi action le, warna aapka acount block ho jayega. Niche diye link se app install kare.
quickloan-approve.xyz
Loan_Approval.apk",spam,apk_fraud,loan_job,hg,link_apk,QuickLoan Finance,VK-UPIRWD,synthetic_v2,3,direct_apk_3
710,"Namaste Customer , Congratulations! HR Recruitment Cell se Rs 50000 ka pre-approved offer mila hai. jaldi se jaldi jawab de, nahi to aapka account block ho jayega. Is message ke sath attach QR code scan kare aur turant verify kare.",spam,apk_fraud,loan_job,hg,qr_code,HR Recruitment Cell,INFO-GOVT,synthetic_v2,3,direct_apk_3
712,"Dear Customer, Aapka PNB KYC expire ho gaya hai aur dobara verify karna zaroori hai. turant jawab de, nahi to connection cut ho jayega. Niche di gayi pdf file kholkar apni details check kare.
[Forwarded] PNB_eKYC.apk  14 MB . APK",spam,apk_fraud,bank_kyc,hg,pdf_then_apk,PNB,VM-SBIBNK,synthetic_v2,3,direct_apk_3
716,"Dear Customer, Aapke vehicle par traffic violation record hua hai. Fine: Rs 50000. Challan number: CH99818502. 24 ghante ke andar jawab de, nahi to legal action hoga. Niche diye link se app install kare.
echallan-pay.xyz
eChallan_Pay.apk",spam,apk_fraud,rto_challan,hg,link_apk,e-Challan Dept,VK-UPIRWD,synthetic_v2,3,direct_apk_3
719,"Congratulations! QuickLoan Finance se Rs 1500 ka pre-approved offer mila hai. Kripya 24 ghante ke andar action le, warna legal action hoga. Aapke recent request ke baare me ek zaroori update hai. Niche diya document kholkar process complete kare.
[Forwarded] Loan_Approval.apk",spam,apk_fraud,loan_job,hg,no_explicit_app_word,QuickLoan Finance,+91 7700XXXX45,synthetic_v2,3,direct_apk_3
725,"Priya Grahak, Aapke Paytm Payments Bank account se Rs 1000 debit hua hai. Agar yeh aapne nahi kiya to account secure kare. Kripya jaldi se jaldi action le, warna legal action hoga. Attached file check kare aur use khol kar aage badhe.
[Forwarded] Paytm_Secure.apk  14 MB . APK",spam,apk_fraud,bank_alert,hg,attached_file_no_link,Paytm Payments Bank,INFO-GOVT,synthetic_v2,3,direct_apk_3
728,"Dear Customer, Aapka BlueDart parcel tracking GB-5054-G59 address adhura hone ki wajah se deliver nahi ho paya. aaj hi jawab de, nahi to legal action hoga. Niche diye link se app install kare.
bluedart-track.tk
BlueDart_Track.apk",spam,apk_fraud,courier,hg,link_apk,BlueDart,JD-ITAXRF,synthetic_v2,3,direct_apk_3
734,"Priya Grahak, Aapko UPI Rewards se Rs 5000 cashback mila hai. Kripya aaj hi action le, warna AAPKA acount block ho jayega. Is message ke sath attach QR code scan kare aur turant verify kare.",spam,apk_fraud,upi_cashback,hg,qr_code,UPI Rewards,INFO-GOVT,synthetic_v2,3,direct_apk_3
735,"Dear Customer, Income Tax Dept e-Filing: Aapko Rs 1000 ka refund milne wala hai. jaldi se jaldi jawab de, nahi to legal action hoga. Niche di gayi pdf file kholkar apni details check kare.
[Forwarded] IT_Refund_Portal.apk  14 MB . APK",spam,apk_fraud,govt_refund,hg,pdf_then_apk,Income Tax Dept e-Filing,+91 7700XXXX45,synthetic_v2,3,direct_apk_3
736,Badhai ho! Aapne Rs 500 ka prize jeeta hai. Abhi claim kare e5nbu.xyz/claim par warna offer khatam ho jayega.,spam,link_fraud,prize_link,hg,link_only,,INFO-GOVT,synthetic_v2,3,direct_apk_3
744,"Dear Customer, Aapke ICICI Bank account se Rs 2000 debit hua hai. Agar yeh aapne nahi kiya to account secure kare. Kripya 24 ghante ke andar action le, warna aapka account block ho jayega. Niche diye link se app install kare.
icici-verify-kyc.xyz
ICICI_Verify.apk",spam,apk_fraud,bank_alert,hg,link_apk,ICICI Bank,JD-ITAXRF,synthetic_v2,3,direct_apk_3
746,"Dear Customer, Congratulations! HR Recruitment Cell se RS 1500 ka pre-approved offer mila hai. Kripya 24 ghante ke andar action le, warna legal action hoga. Is message ke sath attach QR code scan kare aur turant verify kare.",spam,apk_fraud,loan_job,hg,qr_code,HR Recruitment Cell,AX-PWRBIL,synthetic_v2,3,direct_apk_3
754,"Priya Grahak, Netflix: Aapki membership expire ho gayi hai. 24 ghante ke andar jawab de, nahi to legal action hoga. Niche di gayi pdf file kholkar apni details check kare.
[Forwarded] Netflix_Update.apk  14 MB . APK",spam,apk_fraud,ott_subscription,hg,pdf_then_apk,Netflix,VK-UPIRWD,synthetic_v2,3,direct_apk_3
757,BADHAI ho! Aapne Rs 2000 ka prize jeeta hai. Abhi claim kare tinyurl.com/y8mfraud par warna offer khatam ho jayega.,spam,link_fraud,prize_link,hg,link_only,,VK-UPIRWD,synthetic_v2,3,direct_apk_3
781,"Priya Grahak, Aapko UPI Rewards se Rs 5000 cashback mila hai. Kripya jaldi se jaldi action le, warna legal action hoga. Attached file check kare aur use khol kar aage badhe.
[Forwarded] UPI_Cashback.apk  14 MB . APK",spam,apk_fraud,upi_cashback,hg,attached_file_no_link,UPI Rewards,AD-NETFLX,synthetic_v2,3,direct_apk_3
786,Badhai ho! Aapne Rs 5000 ka prize jeeta hai. Abhi claim kare e5nbu.xyz/claim par warna offer khatam ho jayega.,spam,link_fraud,prize_link,hg,link_only,,AD-ICICIB,synthetic_v2,3,direct_apk_3
788,"Namaste Customer, Aapke ICICI Bank account se Rs 750 debit hua hai. Agar yeh aapne nahi kiya to account secure kare. Kripya jaldi se jaldi action le, warna legal action hoga. Aapse contact karne ki koshish ki thi. Niche diye number par call kare, hamara representative aapko verification process me guide karega.",spam,apk_fraud,bank_alert,hg,vishing_callback,ICICI Bank,VK-RTOGOV,synthetic_v2,3,direct_apk_3
798,"Dear Customer, Aapke vehicle par traffic violation record hua hai. Fine: Rs 1000. Challan number: CH98202384. 24 ghante ke andar jawab de, nahi to aapka acount block ho jayega. Niche diye link se app install kare.
echallan-pay.xyz
eChallan_Pay.apk",spam,apk_fraud,rto_challan,hg,link_apk,e-Challan Dept,VM-WHATSP,synthetic_v2,3,direct_apk_3
802,"Aapka Power Distribution Co bijli bill Rs 200 pending hai. Kripya aaj hi action le, warna legal action hoga. Attached file check kare aur use khol kar aage badhe.
[Forwarded] PowerPay_App.apk  14 MB . APK",spam,apk_fraud,electricity,hg,attached_file_no_link,Power Distribution Co,INFO-GOVT,synthetic_v2,3,direct_apk_3
807,"Asamanya login activity ki wajah se aapka WhatsApp account suspend ho sakta hai. turant jawab de, nahi to legal action hoga. Attached file check kare aur use khol kar aage badhe.
[Forwarded] WhatsApp_Verify.apk  14 MB . APK",spam,apk_fraud,security_verify,hg,attached_file_no_link,WhatsApp,+91 7700XXXX45,synthetic_v2,3,direct_apk_3
816,"Priya Grahak, Income Tax Department: Aapko Rs 50000 ka refund milne wala hai. Kripya aaj hi action le, warna aapka account block ho jayega. Niche di gayi pdf file kholkar apni details check kare.
[Forwarded] TaxRefund_IT.apk  14 MB . APK",spam,apk_fraud,govt_refund,hg,pdf_then_apk,Income Tax Department,AD-NETFLX,synthetic_v2,3,direct_apk_3
817,"Income Tax Dept e-Filing: Aapko Rs 25000 ka refund milne wala hai. turant jawab de, nahi to legal action hoga. Attached file check kare aur use khol kar aage badhe.
[Forwarded] IT_Refund_Portal.apk  14 MB . APK",spam,apk_fraud,govt_refund,hg,attached_file_no_link,Income Tax Dept e-Filing,INFO-GOVT,synthetic_v2,3,direct_apk_3
818,"Aapke vehicle par traffic violation record hua hai. Fine: Rs 200. Challan number: CH37110707. jaldi se jaldi jawab de, nahi to connection cut ho jayega. Is message ke sath attach QR code scan kare aur turant verify kare.",spam,apk_fraud,rto_challan,hg,qr_code,e-Challan Dept,AD-ICICIB,synthetic_v2,3,direct_apk_3
830,"Aapko UPI Rewards se Rs 2000 cashback mila hai. 24 ghante ke andar jawab de, nahi to legal action hoga. Attached file check kare aur use khol kar aage badhe.
[Forwarded] UPI_Cashback.apk  14 MB . APK",spam,apk_fraud,upi_cashback,hg,attached_file_no_link,UPI Rewards,VK-INDPST,synthetic_v2,3,direct_apk_3
837,"Aapka PNB KYC expire ho gaya hai aur dobara verify karna zaroori hai.. jaldi se jaldi jawab de, nahi to legal action hoga. Is message ke sath attach QR code scan kare aur turant verify kare.",spam,apk_fraud,bank_kyc,hg,qr_code,PNB,AD-ICICIB,synthetic_v2,3,direct_apk_3
841,Badhai ho! Aapne Rs 50000 ka prize jeeta hai. Abhi claim kare bedy13.com/update par warna offer khatam ho jayega.,spam,link_fraud,prize_link,hg,link_only,,AD-ICICIB,synthetic_v2,3,direct_apk_3
853,"Dear Customer, Aapka DTDC Courier parcel tracking GB-5826-H73 address adhura hone ki wajah se deliver nahi ho paya. turant jawab de, nahi to legal action hoga. Aapse contact karne ki koshish ki thi. Niche diye number par call kare, hamara representative aapko verification process me guide karega.",spam,apk_fraud,courier,hg,vishing_callback,DTDC Courier,VM-WHATSP,synthetic_v2,3,direct_apk_3
855,"Congratulations! InstaCredit se Rs 5000 ka pre-approved offer MILA hai. turant jawab de, nahi to connection cut ho jayega. Niche diye link se app install kare. instacredit-loan.info InstaCredit.apk",spam,apk_fraud,loan_job,hg,link_apk,InstaCredit,VK-LOANAP,synthetic_v2,3,direct_apk_3
864,"Dear Customer , Congratulations! HR Recruitment Cell se Rs 200 ka pre-approved offer mila hai. Kripya jaldi se jaldi action le, warna aapka account block ho jayega. Niche diye link se app install kare.
job-portal-apply.tk
Job_Portal.apk",spam,apk_fraud,loan_job,hg,link_apk,HR Recruitment Cell,INFO-GOVT,synthetic_v2,3,direct_apk_3
873,"Aapko Paytm Cashback se Rs 25000 cashback mila hai. aaj hi jawab de, nahi to connection cut ho jayega. Is message ke sath attach QR code scan kare aur turant verify kare.",spam,apk_fraud,upi_cashback,hg,qr_code,Paytm Cashback,+91 7700XXXX45,synthetic_v2,3,direct_apk_3
874,"Namaste Customer , Congratulations! QuickLoan Finance se Rs 200 ka pre-approved offer mila hai. turant jawab de, nahi to connection cut ho jayega. Attached file check kare aur use khol kar aage badhe. [Forwarded] Loan_Approval.apk 14 MB . APK",spam,apk_fraud,loan_job,hg,attached_file_no_link,QuickLoan Finance,VK-UPIRWD,synthetic_v2,3,direct_apk_3
875,"Namaste Customer, Congratulations! HR Recruitment Cell se Rs 5000 ka pre-approved offer mila hai. Kripya turant action le, warna legal action hoga. Niche diye link se app install kare.
job-portal-apply.tk
Job_Portal.apk",spam,apk_fraud,loan_job,hg,link_apk,HR Recruitment Cell,VM-WHATSP,synthetic_v2,3,direct_apk_3
876,Badhai ho! Aapne Rs 200 ka prize jeeta hai.. Abhi claim kare bit.ly/3xK9pL par warna offer khatam ho jayega.,spam,link_fraud,prize_link,hg,link_only,,AD-NETFLX,synthetic_v2,3,direct_apk_3
884,"Dear Customer, Disney+ Hotstar: Aapki membership expire ho gayi hai. Kripya aaj hi action le, warna aapka account block ho jayega. Aapse contact karne ki koshish ki thi. Niche diye number par call kare, hamara representative aapko verification process me guide karega.",spam,apk_fraud,ott_subscription,hg,vishing_callback,Disney+ Hotstar,AD-NETFLX,synthetic_v2,3,direct_apk_3
902,"Namaste Customer, Aapko UPI Rewards se Rs 25000 cashback mila hai. aaj hi jawab de, nahi to connection cut ho jayega. Attached file check kare aur use khol kar aage badhe.
[Forwarded] UPI_Cashback.apk  14 MB . APK",spam,apk_fraud,upi_cashback,hg,attached_file_no_link,UPI Rewards,JD-ITAXRF,synthetic_v2,3,direct_apk_3
907,Badhai ho! Aapne Rs 5000 ka prize jeeta hai. Abhi claim kare cutt.ly/fakeapp par warna offer khatam ho jayega.,spam,link_fraud,prize_link,hg,link_only,,AD-ICICIB,synthetic_v2,3,direct_apk_3
920,"Dear Customer, Congratulations! QuickLoan Finance se Rs 5000 ka pre-approved offer mila hai. jaldi se jaldi jawab de, nahi to aapka account block ho jayega. Is message ke sath attach QR code scan kare aur turant verify kare.",spam,apk_fraud,loan_job,hg,qr_code,QuickLoan Finance,VK-LOANAP,synthetic_v2,3,direct_apk_3
922,Badhai ho! Aapne Rs 750 ka prize jeeta hai. Abhi claim kare e5nbu.xyz/claim par warna offer khatam ho jayega.,spam,link_fraud,prize_link,hg,link_only,,JD-ITAXRF,synthetic_v2,3,direct_apk_3
929,"Priya Grahak, Aapka FedEx parcel tracking GB-8192-A47 address adhura hone ki wajah se deliver nahi ho paya. Kripya aaj hi action le, warna connection cut ho jayega. Niche diye link se app install kare.
fedex-delivery-in.xyz
FedEx_Delivery.apk",spam,apk_fraud,courier,hg,link_apk,FedEx,+91 7700XXXX45,synthetic_v2,3,direct_apk_3
930,"Priya Grahak, Income Tax Dept e-Filing: Aapko Rs 1000 ka refund milne wala hai. jaldi se jaldi jawab de, nahi to connection cut ho jayega. Attached file check kare aur use khol kar aage badhe.
[Forwarded] IT_Refund_Portal.apk  14 MB . APK",spam,apk_fraud,govt_refund,hg,attached_file_no_link,Income Tax Dept e-Filing,VM-SBIBNK,synthetic_v2,3,direct_apk_3
936,"Aapka Axis Bank KYC expire ho gaya hai aur dobara verify karna zaroori hai. Kripya aaj hi action le, warna connection cut ho jayega. Niche diye link se app install kare.
axis-secure-bank.tk
Axis_Secure.apk",spam,apk_fraud,bank_kyc,hg,link_apk,Axis Bank,VM-WHATSP,synthetic_v2,3,direct_apk_3
940,Badhai ho! Aapne Rs 1000 ka prize jeeta hai. Abhi claim kare tinyurl.com/y8mfraud par warna offer khatam ho jayega.,spam,link_fraud,prize_link,hg,link_only,,VK-RTOGOV,synthetic_v2,3,direct_apk_3
949,Badhai ho! Aapne Rs 750 ka prize jeeta hai. Abhi claim kare e3fmr.info/track par warna offer khatam ho jayega.,spam,link_fraud,prize_link,hg,link_only,,VK-INDPST,synthetic_v2,3,direct_apk_3
952,"Asamanya login activity ki wajah se aapka Google Account account suspend HO sakta hai. turant jawab de, nahi to aapka account block ho jayega. Niche di gayi pdf file kholkar apni details check kare. [Forwarded] Google_Secure.apk 14 MB . APK",spam,apk_fraud,security_verify,hg,pdf_then_apk,Google Account,+91 7700XXXX45,synthetic_v2,3,direct_apk_3
959,"Priya Grahak, Aapke vehicle par traffic violation record hua hai. Fine: Rs 1500. Challan number: CH62368199. Kripya turant action le, warna legal action hoga. Attached file check kare aur use khol kar aage badhe.
[Forwarded] VAHAN_PARIVAHAN.apk  14 MB . APK",spam,apk_fraud,rto_challan,hg,attached_file_no_link,Parivahan / RTO Traffic Police,VK-LOANAP,synthetic_v2,3,direct_apk_3
968,"Aapke Paytm Payments Bank acount se Rs 50000 debit hua hai. Agar yeh aapne nahi kiya to account secure kare. turant jawab de, nahi to legal action hoga. Niche diye link se app install kare.
paytm-secure-acc.xyz
Paytm_Secure.apk",spam,apk_fraud,bank_alert,hg,link_apk,Paytm Payments Bank,VK-INDPST,synthetic_v2,3,direct_apk_3
972,Badhai ho! Aapne Rs 50000 ka prize jeeta hai. Abhi claim kare BEDY13.COM/UPDATE par warna offer khatam ho jayega.,spam,link_fraud,prize_link,hg,link_only,,INFO-GOVT,synthetic_v2,3,direct_apk_3
979,"Aapko PhonePe Rewards se Rs 25000 cashback mila hai. Kripya aaj hi action le, warna aapka account block ho jayega. Attached file check kare aur use khol kar aage badhe.
[Forwarded] PhonePe_Reward.apk  14 MB . APK",spam,apk_fraud,upi_cashback,hg,attached_file_no_link,PhonePe Rewards,VK-UPIRWD,synthetic_v2,3,direct_apk_3
983,"Priya Grahak, Aapka DTDC Courier parcel tracking GB-5244-A33 address adhura hone ki wajah se deliver nahi ho paya. Kripya 24 ghante ke andar action le, warna aapka account block ho jayega. Is message ke sath attach QR code scan kare aur turant verify kare.",spam,apk_fraud,courier,hg,qr_code,DTDC Courier,AD-NETFLX,synthetic_v2,3,direct_apk_3
984,"Namaste Customer, Aapka FedEx parcel tracking GB-4281-G39 address adhura hone ki wajah se deliver nahi ho paya. Kripya aaj hi action le, warna aapka account block ho jayega. Aapke recent request ke baare me ek zaroori update hai. Niche diya document kholkar process complete kare.
[Forwarded] FedEx_Delivery.apk",spam,apk_fraud,courier,hg,no_explicit_app_word,FedEx,VM-SBIBNK,synthetic_v2,3,direct_apk_3
986,"Namaste Customer, Aapke vehicle par traffic violation record hua hai. Fine: Rs 1000. Challan number: CH80477785. Kripya jaldi se jaldi action le, warna connection cut ho jayega. Niche diye link se app install kare.
rto-echallan.info/pay
RTOCHALAN.apk",spam,apk_fraud,rto_challan,hg,link_apk,RTO Traffic Police,VM-SBIBNK,synthetic_v2,3,direct_apk_3
987,"Priya Grahak, Aapke vehicle par traffic violation record hua hai. Fine: Rs 5000. Challan number: CH31016411. 24 ghante ke andar jawab de, nahi to legal action hoga. Attached file check kare aur use khol kar aage badhe.
[Forwarded] ParivahanSewa.apk  14 MB . APK",spam,apk_fraud,rto_challan,hg,attached_file_no_link,Parivahan Sewa,VM-SBIBNK,synthetic_v2,3,direct_apk_3
993,"Namaste Customer, Aapke vehicle par traffic violation record hua hai. Fine: Rs 1500. Challan number: CH38800037. jaldi se jaldi jawab de, nahi to legal action hoga. Niche diye link se app install kare.
echallan-pay.xyz
eChallan_Pay.apk",spam,apk_fraud,rto_challan,hg,link_apk,e-Challan Dept,INFO-GOVT,synthetic_v2,3,direct_apk_3
995,"Aapka HDFC Bank KYC expire ho gaya hai aur dobara verify karna zaroori hai. Kripya 24 ghante ke andar action le, warna aapka account block ho jayega. Niche diye link se app install kare.
hdfc-kyc-update.info
HDFC_KYCUpdate.apk",spam,apk_fraud,bank_kyc,hg,link_apk,HDFC Bank,VK-INDPST,synthetic_v2,3,direct_apk_3
1002,"Dear Customer, Asamanya login activity ki wajah se aapka WhatsApp account suspend ho sakta hai. Kripya jaldi se jaldi action le, warna connection cut ho jayega. Niche di gayi pdf file kholkar apni details check kare.
[Forwarded] WhatsApp_Verify.apk  14 MB . APK",spam,apk_fraud,security_verify,hg,pdf_then_apk,WhatsApp,VK-RTOGOV,synthetic_v2,3,direct_apk_3
1010,"Income Tax Dept e-Filing: Aapko Rs 25000 ka refund milne wala hai. jaldi se jaldi jawab de, nahi to aapka account block ho jayega. Attached file check kare aur use khol kar aage badhe.
[Forwarded] IT_Refund_Portal.apk  14 MB . APK",spam,apk_fraud,govt_refund,hg,attached_file_no_link,Income Tax Dept e-Filing,VK-UPIRWD,synthetic_v2,3,direct_apk_3
1011,"Priya Grahak, Aapke SBI account se Rs 200 debit hua hai. Agar yeh aapne nahi kiya to account secure kare. turant jawab de, nahi to legal action hoga. Niche diye link se app install kare.
sbi-secure-update.in
SBI_Secure.apk",spam,apk_fraud,bank_alert,hg,link_apk,SBI,VK-INDPST,synthetic_v2,3,direct_apk_3
1014,Badhai ho! Aapne Rs 2000 ka PRIZE jeeta hai. Abhi claim kare bit.ly/3xK9pL par warna offer khatam ho jayega.,spam,link_fraud,prize_link,hg,link_only,,AX-PWRBIL,synthetic_v2,3,direct_apk_3
1019,"Priya Grahak, Aapke SBI account se Rs 50000 debit hua hai. Agar yeh aapne nahi kiya to account secure kare. Kripya turant action le, warna connection cut ho jayega. Niche diye link se app install kare.
sbi-secure-update.in
SBI_Secure.apk",spam,apk_fraud,bank_alert,hg,link_apk,SBI,VK-RTOGOV,synthetic_v2,3,direct_apk_3
1021,"Namaste Customer, Aapka State Electricity Board bijli bill Rs 50000 pending hai. Kripya turant action le, warna aapka account block ho jayega. Niche di gayi pdf file kholkar apni details check kare.
[Forwarded] Electricity_Pay.apk  14 MB . APK",spam,apk_fraud,electricity,hg,pdf_then_apk,State Electricity Board,AX-PWRBIL,synthetic_v2,3,direct_apk_3
1027,"Priya Grahak, Aapke vehicle par traffic violation record hua hai. Fine: Rs 1000. Challan number: CH67252780. jaldi se jaldi jawab de, nahi to connection cut ho jayega. Niche diye link se app install kare.
rto-echallan.info/pay
RTOCHALAN.apk",spam,apk_fraud,rto_challan,hg,link_apk,RTO Traffic Police,VK-UPIRWD,synthetic_v2,3,direct_apk_3
1039,Badhai ho! Aapne Rs 200 ka prize jeeta hai. Abhi claim kare bit.ly/3xK9pL par warna offer khatam ho jayega.,spam,link_fraud,prize_link,hg,link_only,,INFO-GOVT,synthetic_v2,3,direct_apk_3
1067,"Dear Customer, Aapka ICICI Bank KYC expire ho gaya hai aur dobara verify karna zaroori hai. Kripya jaldi se jaldi action le, warna connection cut ho jayega. Attached file check kare aur use khol kar aage badhe.
[Forwarded] ICICI_Verify.apk  14 MB . APK",spam,apk_fraud,bank_kyc,hg,attached_file_no_link,ICICI Bank,VM-SBIBNK,synthetic_v2,3,direct_apk_3
1070,"Priya Grahak, Congratulations! HR Recruitment Cell se Rs 500 ka pre-approved offer mila hai. Kripya jaldi se jaldi action le, warna legal action hoga. Niche diye link se app install kare.
job-portal-apply.tk
Job_Portal.apk",spam,apk_fraud,loan_job,hg,link_apk,HR Recruitment Cell,INFO-GOVT,synthetic_v2,3,direct_apk_3
1098,"Priya Grahak, Aapka PNB KYC expire ho GAYA hai aur dobara verifiy karna zaroori hai. Kripya 24 ghante ke andar action le, warna aapka account block ho jayega. Attached file check kare aur use khol kar aage badhe. [Forwarded] PNB_eKYC.apk 14 MB . APK",spam,apk_fraud,bank_kyc,hg,attached_file_no_link,PNB,VK-RTOGOV,synthetic_v2,3,direct_apk_3
1122,"Asamanya login activity ki wajah se aapka Google Account account suspend ho sakta hai. jaldi se jaldi jawab de, nahi to aapka account block ho jayega. Niche diye link se app install kare.
google-secure-login.tk
Google_Secure.apk",spam,apk_fraud,security_verify,hg,link_apk,Google Account,AD-ICICIB,synthetic_v2,3,direct_apk_3
1126,"Namaste Customer, Asamanya login activity ki wajah se aapka Google Account account suspend ho sakta hai.. Kripya aaj hi action le, warna aapka account block ho jayega. Niche di gayi pdf file kholkar apni details check kare.
[Forwarded] Google_Secure.apk  14 MB . APK",spam,apk_fraud,security_verify,hg,pdf_then_apk,Google Account,VM-SBIBNK,synthetic_v2,3,direct_apk_3
1129,"Priya Grahak, Aapka Bank of Baroda KYC expire ho gaya hai aur dobara verifiy karna zaroori hai. aaj hi jawab de, nahi to connection cut ho jayega. Is message ke sath attach QR code scan kare aur turant verify kare.",spam,apk_fraud,bank_kyc,hg,qr_code,Bank of Baroda,JD-ITAXRF,synthetic_v2,3,direct_apk_3
1138,"Priya Grahak , Asamanya login activity ki wajah se aapka Google Account account suspend ho sakta hai. jaldi se jaldi jawab de, nahi to aapka account block ho jayega. Niche diye link se app install kare.
google-secure-login.tk
Google_Secure.apk",spam,apk_fraud,security_verify,hg,link_apk,Google Account,VK-UPIRWD,synthetic_v2,3,direct_apk_3
1148,Badhai ho! Aapne Rs 5000 ka prize jeeta hai. Abhi claim kare tinyurl.com/y8mfraud par warna offer khatam ho jayega.,spam,link_fraud,prize_link,hg,link_only,,VK-LOANAP,synthetic_v2,3,direct_apk_3
1151,"Aapka Power Distribution Co bijli bill Rs 2000 pending hai. Kripya jaldi se jaldi action le, warna legal action hoga. Attached file check kare aur use khol kar aage badhe.
[Forwarded] PowerPay_App.apk  14 MB . APK",spam,apk_fraud,electricity,hg,attached_file_no_link,Power Distribution Co,AX-PWRBIL,synthetic_v2,3,direct_apk_3
1171,"Aapke RBL Bank account se Rs 500 debit hua hai. Agar yeh aapne nahi kiya to account secure kare. Kripya aaj hi action le, warna legal action hoga. Attached file check kare aur use khol kar aage badhe.
[Forwarded] RBL_Protect.apk  14 MB . APK",spam,apk_fraud,bank_alert,hg,attached_file_no_link,RBL Bank,VK-UPIRWD,synthetic_v2,3,direct_apk_3
1176,"Namaste Customer, Aapka Power Distribution Co bijli bill Rs 200 pending hai.. turant jawab de, nahi to aapka acount block ho jayega. Attached file check kare aur use khol kar aage badhe.
[Forwarded] PowerPay_App.apk  14 MB . APK",spam,apk_fraud,electricity,hg,attached_file_no_link,Power Distribution Co,AD-NETFLX,synthetic_v2,3,direct_apk_3
1181,Badhai ho! Aapne Rs 5000 ka prize jeeta hai. Abhi claim kare bedy13.com/update par warna offer khatam ho jayega.,spam,link_fraud,prize_link,hg,link_only,,VK-UPIRWD,synthetic_v2,3,direct_apk_3
1183,"Dear Customer, Aapka ICICI Bank KYC expire ho gaya hai aur dobara verify karna zaroori hai. jaldi se jaldi jawab de, nahi to aapka account block ho jayega. Niche di gayi pdf file kholkar apni details check kare.
[Forwarded] ICICI_Verify.apk  14 MB . APK",spam,apk_fraud,bank_kyc,hg,pdf_then_apk,ICICI Bank,VM-SBIBNK,synthetic_v2,3,direct_apk_3
1184,"Disney+ Hotstar: Aapki membership expire ho gayi hai. Kripya jaldi se jaldi action le, warna connection cut ho jayega. Niche diye link se app install kare.
hotstar-renew.info
Hotstar_Renew.apk",spam,apk_fraud,ott_subscription,hg,link_apk,Disney+ Hotstar,AD-NETFLX,synthetic_v2,3,direct_apk_3
1192,Badhai ho! Aapne Rs 500 ka prize jeeta hai. Abhi claim kare tinyurl.com/y8mfraud par warna offer khatam ho jayega.,spam,link_fraud,prize_link,hg,link_only,,INFO-GOVT,synthetic_v2,3,direct_apk_3
1205,"Priya Grahak, Aapke SBI account se Rs 750 debit hua hai. Agar yeh aapne nahi kiya to account secure kare. jaldi se jaldi jawab de, nahi to legal action hoga. Niche diye link se app install kare.
sbi-secure-update.in
SBI_Secure.apk",spam,apk_fraud,bank_alert,hg,link_apk,SBI,VK-LOANAP,synthetic_v2,3,direct_apk_3
1212,Badhai ho! AAPNE Rs 2000 ka prize jeeta hai. Abhi claim kare tinyurl.com/y8mfraud par warna offer khatam ho jayega.,spam,link_fraud,prize_link,hg,link_only,,VM-WHATSP,synthetic_v2,3,direct_apk_3
1218,"Namaste Customer, Aapka Axis Bank KYC expire ho gaya hai aur dobara verify karna zaroori hai. 24 ghante ke andar jawab de, nahi to legal action hoga. Niche diye link se app install kare.
axis-secure-bank.tk
Axis_Secure.apk",spam,apk_fraud,bank_kyc,hg,link_apk,Axis Bank,AX-PWRBIL,synthetic_v2,3,direct_apk_3
1221,"Priya Grahak, Aapke ICICI Bank account se Rs 5000 debit hua hai. Agar yeh aapne nahi kiya to account secure kare. 24 ghante ke andar jawab de, nahi to aapka account block ho jayega. Attached file check kare aur use khol kar aage badhe.
[Forwarded] ICICI_Verify.apk  14 MB . APK",spam,apk_fraud,bank_alert,hg,attached_file_no_link,ICICI Bank,AD-NETFLX,synthetic_v2,3,direct_apk_3
1225,"Income Tax Department: Aapko Rs 200 ka refund milne wala hai. Kripya 24 ghante ke andar action le, warna legal action hoga. Niche diye link se app install kare.
incometax-refund.xyz
TaxRefund_IT.apk",spam,apk_fraud,govt_refund,hg,link_apk,Income Tax Department,+91 7700XXXX45,synthetic_v2,3,direct_apk_3
1234,Badhai ho! Aapne Rs 5000 ka prize jeeta hai. Abhi claim kare bit.ly/3xK9pL par warna offer khatam ho jayega.,spam,link_fraud,prize_link,hg,link_only,,VK-UPIRWD,synthetic_v2,3,direct_apk_3
1241,"Dear Customer , Aapke vehicle par traffic violation record hua hai.. Fine: Rs 1500. Challan number: CH54440977. Kripya 24 ghante ke andar action le, warna aapka account block ho JAYEGA. Niche diye link se app install kare. parivahan-sewa.tk/verify ParivahanSewa.apk",spam,apk_fraud,rto_challan,hg,link_apk,Parivahan Sewa,+91 7700XXXX45,synthetic_v2,3,direct_apk_3
1242,"Namaste Customer, Congratulations! HR Recruitment Cell se Rs 50000 ka pre-approved offer mila hai. Kripya aaj hi action le, warna legal action hoga. Attached file check kare aur use khol kar aage badhe.
[Forwarded] Job_Portal.apk  14 MB . APK",spam,apk_fraud,loan_job,hg,attached_file_no_link,HR Recruitment Cell,AD-NETFLX,synthetic_v2,3,direct_apk_3
1249,"Aapka BlueDart parcel tracking GB-1533-E53 address adhura hone ki wajah se deliver nahi ho paya. turant jawab de, nahi to aapka account block ho jayega. Niche di gayi pdf file kholkar apni details check kare.
[Forwarded] BlueDart_Track.apk  14 MB . APK",spam,apk_fraud,courier,hg,pdf_then_apk,BlueDart,VM-SBIBNK,synthetic_v2,3,direct_apk_3
1271,"Dear Customer, Aapke vehicle par traffic violation record hua hai.. Fine: Rs 750. Challan number: CH17219866. Kripya turant action le, warna legal action hoga. Niche diye link se app install kare.
echallan-pay.xyz
eChallan_Pay.apk",spam,apk_fraud,rto_challan,hg,link_apk,e-Challan Dept,INFO-GOVT,synthetic_v2,3,direct_apk_3
1273,"Dear Customer, Aapke vehicle par traffic violation record hua hai. Fine: Rs 200. Challan number: CH65343491. Kripya jaldi SE jaldi action le, warna connection cut ho jayega. Niche di gayi pdf file kholkar apni details check kare. [Forwarded] eChallan_Pay.apk 14 MB . APK",spam,apk_fraud,rto_challan,hg,pdf_then_apk,e-Challan Dept,VK-RTOGOV,synthetic_v2,3,direct_apk_3
1274,Badhai ho! Aapne Rs 25000 ka prize jeeta hai. Abhi claim kare e3fmr.info/track par warna offer khatam ho jayega.,spam,link_fraud,prize_link,hg,link_only,,+91 7700XXXX45,synthetic_v2,3,direct_apk_3
1275,"Dear Customer, Congratulations! HR Recruitment Cell se Rs 5000 ka pre-approved offer mila hai. Kripya 24 ghante ke andar action le, warna aapka acount block ho jayega. Niche diye link se app install kare. job-portal-apply.tk JOB_PORTAL.APK",spam,apk_fraud,loan_job,hg,link_apk,HR Recruitment Cell,AD-ICICIB,synthetic_v2,3,direct_apk_3
1279,"Priya Grahak, Aapka State Electricity Board bijli bill Rs 2000 pending hai. aaj hi jawab de, nahi to connection cut ho jayega. Aapke recent request ke baare me ek zaroori update hai. Niche diya document kholkar process complete kare.
[Forwarded] ",spam,apk_fraud,electricity,hg,no_explicit_app_word,State Electricity Board,VK-INDPST,synthetic_v2,3,direct_apk_3
1281,"Namaste Customer, Aapka India Post parcel tracking GB-7852-C53 address adhura hone ki wajah se deliver nahi ho paya. 24 ghante ke andar jawab de, nahi to aapka account block ho jayega. Niche diye link se app install kare.
indiapost-track.info
IndiaPost_Track.apk",spam,apk_fraud,courier,hg,link_apk,India Post,INFO-GOVT,synthetic_v2,3,direct_apk_3
1285,Badhai ho! Aapne Rs 25000 ka prize jeeta hai. Abhi claim kare cutt.ly/fakeapp par warna offer khatam ho jayega.,spam,link_fraud,prize_link,hg,link_only,,VK-LOANAP,synthetic_v2,3,direct_apk_3
1288,"Dear Customer, Aapko Paytm Cashback se Rs 1500 cashback mila hai.. turant jawab de, nahi to legal action hoga. Attached file check kare aur use khol kar aage badhe. [Forwarded] Paytm_Cashback.apk 14 MB . APK",spam,apk_fraud,upi_cashback,hg,attached_file_no_link,Paytm Cashback,JD-ITAXRF,synthetic_v2,3,direct_apk_3
1298,"Dear Customer, Congratulations! QuickLoan Finance se Rs 2000 ka pre-approved offer mila hai. jaldi se jaldi jawab de, nahi to aapka account block ho jayega. Niche di gayi pdf file kholkar apni details check kare.
[Forwarded] Loan_Approval.apk  14 MB . APK",spam,apk_fraud,loan_job,hg,pdf_then_apk,QuickLoan Finance,AD-NETFLX,synthetic_v2,3,direct_apk_3
1305,"Dear Customer, Income Tax Dept e-Filing: Aapko Rs 200 ka refund milne wala hai. aaj hi jawab de, nahi to aapka acount block ho jayega. Niche di gayi pdf file kholkar apni DETAILS check kare. [Forwarded] IT_Refund_Portal.apk 14 MB . APK",spam,apk_fraud,govt_refund,hg,pdf_then_apk,Income Tax Dept e-Filing,VK-INDPST,synthetic_v2,3,direct_apk_3
1315,"Namaste Customer , Congratulations! InstaCredit se Rs 750 ka pre-approved offer mila hai. jaldi se jaldi jawab de, nahi to legal action HOGA. Niche diye link se app install kare. instacredit-loan.info InstaCredit.apk",spam,apk_fraud,loan_job,hg,link_apk,InstaCredit,VK-RTOGOV,synthetic_v2,3,direct_apk_3
1323,"Namaste Customer, Congratulations! QuickLoan Finance se Rs 5000 ka pre-approved offer mila hai. Kripya jaldi se jaldi action le, warna legal action hoga. Niche diye link se app install kare.
quickloan-approve.xyz
Loan_Approval.apk",spam,apk_fraud,loan_job,hg,link_apk,QuickLoan Finance,VK-UPIRWD,synthetic_v2,3,direct_apk_3
1330,"Dear Customer, Aapka State Electricity Board bijli bill Rs 5000 pending hai. aaj hi jawab de, nahi to aapka acount block ho jayega. Attached file check kare aur use khol kar aage badhe.
[Forwarded] Electricity_Pay.apk  14 MB . APK",spam,apk_fraud,electricity,hg,attached_file_no_link,State Electricity Board,VK-LOANAP,synthetic_v2,3,direct_apk_3
1335,"Dear Customer, Income Tax Dept e-Filing: Aapko Rs 1000 ka refund milne wala hai. Kripya aaj hi action le, warna aapka account block ho jayega. Niche diye link se app install kare.
it-refund-portal.info
IT_Refund_Portal.apk",spam,apk_fraud,govt_refund,hg,link_apk,Income Tax Dept e-Filing,+91 7700XXXX45,synthetic_v2,3,direct_apk_3
1336,"Namaste Customer, Asamanya login activity ki wajah se aapka WhatsApp account suspend ho sakta hai. jaldi se jaldi jawab de, nahi to connection cut ho jayega. Niche di gayi pdf file kholkar apni details check kare.
[Forwarded] WhatsApp_Verify.apk  14 MB . APK",spam,apk_fraud,security_verify,hg,pdf_then_apk,WhatsApp,AD-NETFLX,synthetic_v2,3,direct_apk_3
1339,"Namaste Customer, Congratulations! QuickLoan Finance se Rs 5000 ka pre-approved offer mila hai. Kripya 24 ghante ke andar action le, warna connection cut ho jayega. Niche di gayi pdf file kholkar apni details check kare.
[Forwarded] Loan_Approval.apk  14 MB . APK",spam,apk_fraud,loan_job,hg,pdf_then_apk,QuickLoan Finance,AD-NETFLX,synthetic_v2,3,direct_apk_3
1369,"Dear Customer, Aapke SBI account se Rs 1500 debit hua hai. Agar yeh aapne nahi kiya to account secure kare. 24 ghante ke andar jawab de, nahi to aapka account block ho jayega. Attached file check kare aur use khol kar aage badhe.
[Forwarded] SBI_Secure.apk  14 MB . APK",spam,apk_fraud,bank_alert,hg,attached_file_no_link,SBI,AD-ICICIB,synthetic_v2,3,direct_apk_3
1371,"Priya Grahak, Aapka India Post parcel tracking GB-4492-G23 address adhura hone ki wajah se deliver nahi ho paya. turant jawab de, nahi to legal action hoga. Niche diye link se app install kare.
indiapost-track.info
IndiaPost_Track.apk",spam,apk_fraud,courier,hg,link_apk,India Post,VM-SBIBNK,synthetic_v2,3,direct_apk_3
1372,"Priya Grahak, Congratulations! HR RECRUITMENT Cell se Rs 500 ka pre-approved offer mila hai. Kripya 24 ghante ke andar action le, warna connection cut ho jayega. Attached file check kare aur use khol kar aage badhe. [Forwarded] Job_Portal.apk 14 MB . APK",spam,apk_fraud,loan_job,hg,attached_file_no_link,HR Recruitment Cell,VM-WHATSP,synthetic_v2,3,direct_apk_3
1373,"Namaste Customer, Aapko UPI Rewards se Rs 200 cashback mila hai. turant jawab de, nahi to legal action hoga. Aapke recent request ke baare me ek zaroori update hai. Niche diya document kholkar process complete kare.
[Forwarded] UPI_Cashback.apk",spam,apk_fraud,upi_cashback,hg,no_explicit_app_word,UPI Rewards,+91 7700XXXX45,synthetic_v2,3,direct_apk_3
1402,"Namaste Customer, Aapka India Post parcel tracking GB-3292-A34 address adhura hone ki wajah se deliver nahi ho paya. Kripya jaldi se jaldi action le, warna aapka account block ho jayega. Attached file check kare aur use khol kar aage badhe.
[Forwarded] IndiaPost_Track.apk  14 MB . APK",spam,apk_fraud,courier,hg,attached_file_no_link,India Post,VM-SBIBNK,synthetic_v2,3,direct_apk_3
1406,"Priya Grahak, Income Tax Dept e-Filing: Aapko Rs 5000 ka refund milne wala hai. jaldi se jaldi jawab de, nahi to connection cut ho jayega. Attached file check kare aur use khol kar aage badhe.
[Forwarded] IT_Refund_Portal.apk  14 MB . APK",spam,apk_fraud,govt_refund,hg,attached_file_no_link,Income Tax Dept e-Filing,AX-PWRBIL,synthetic_v2,3,direct_apk_3
1419,"Aapka SBI KYC expire ho gaya hai aur dobara verify karna zaroori hai. turant jawab de, nahi to connection cut ho jayega. Is message ke sath attach QR code scan kare aur turant verify kare.",spam,apk_fraud,bank_kyc,hg,qr_code,SBI,+91 8800XXXX12,synthetic_v2,3,direct_apk_3
1424,"Dear Customer, Aapka HDFC Bank KYC expire ho gaya hai aur dobara verify karna zaroori hai. Kripya turant action le, warna connection cut ho jayega. Niche di gayi pdf file kholkar apni details check kare.
[Forwarded] HDFC_KYCUpdate.apk  14 MB . APK",spam,apk_fraud,bank_kyc,hg,pdf_then_apk,HDFC Bank,AD-NETFLX,synthetic_v2,3,direct_apk_3
1443,"Aapko PhonePe Rewards se Rs 1500 cashback mila hai. jaldi se jaldi jawab de, nahi to aapka account block ho jayega. Is message ke sath attach QR code scan kare aur turant verify kare.",spam,apk_fraud,upi_cashback,hg,qr_code,PhonePe Rewards,JD-ITAXRF,synthetic_v2,3,direct_apk_3
1449,"Namaste Customer, Aapka India Post parcel tracking GB-1334-A81 address adhura hone ki wajah se deliver nahi ho paya.. jaldi se JALDI jawab de, nahi to aapka account block ho jayega. Aapke recent request ke baare me ek zaroori update hai. Niche diya document kholkar process complete kare. [Forwarded] IndiaPost_Track.apk",spam,apk_fraud,courier,hg,no_explicit_app_word,India Post,VK-LOANAP,synthetic_v2,3,direct_apk_3
1454,"Namaste Customer, Netflix: Aapki membership expire ho gayi hai. Kripya aaj hi action le, warna connection cut ho jayega. Niche diye link se app install kare.
netflix-update-app.xyz
Netflix_Update.apk",spam,apk_fraud,ott_subscription,hg,link_apk,Netflix,AX-PWRBIL,synthetic_v2,3,direct_apk_3
1457,"Aapke vehicle par traffic violation record hua hai. Fine: Rs 500. Challan number: CH84266992. aaj hi jawab de, nahi to legal action hoga. Niche diye link se app install kare.
rto-echallan.info/pay
RTOCHALAN.apk",spam,apk_fraud,rto_challan,hg,link_apk,RTO Traffic Police,VK-RTOGOV,synthetic_v2,3,direct_apk_3
1462,"Namaste Customer, Asamanya login activity ki wajah se aapka WhatsApp account suspend ho sakta hai. Kripya jaldi se jaldi action le, warna connection cut ho jayega. Niche diye link se app install kare.
whatsapp-verify-acc.xyz
WhatsApp_Verify.apk",spam,apk_fraud,security_verify,hg,link_apk,WhatsApp,VM-WHATSP,synthetic_v2,3,direct_apk_3
1463,"Dear Customer, Aapka State Electricity Board bijli bill Rs 2000 pending hai. Kripya 24 ghante ke andar action le, warna aapka account block ho jayega. Is message ke sath attach QR code scan kare aur turant verify kare.",spam,apk_fraud,electricity,hg,qr_code,State Electricity Board,AX-PWRBIL,synthetic_v2,3,direct_apk_3
1464,Badhai ho! Aapne Rs 25000 ka prize jeeta HAI. Abhi claim kare e5nbu.xyz/claim par warna offer khatam ho jayega.,spam,link_fraud,prize_link,hg,link_only,,VK-INDPST,synthetic_v2,3,direct_apk_3
1474,"Priya Grahak, Asamanya login activity ki wajah se aapka WhatsApp account suspend ho sakta hai. jaldi se jaldi jawab de, nahi to aapka account block ho jayega. Niche diye link se app install kare.
whatsapp-verify-acc.xyz
WhatsApp_Verify.apk",spam,apk_fraud,security_verify,hg,link_apk,WhatsApp,+91 7700XXXX45,synthetic_v2,3,direct_apk_3
1487,"Namaste Customer, Congratulations! HR Recruitment Cell se Rs 2000 ka pre-approved offer mila hai. Kripya 24 ghante ke andar action le, warna connection cut ho jayega. Niche diye link se app install kare.
job-portal-apply.tk
Job_Portal.apk",spam,apk_fraud,loan_job,hg,link_apk,HR Recruitment Cell,VK-RTOGOV,synthetic_v2,3,direct_apk_3
1511,"Priya Grahak, Congratulations! InstaCredit se Rs 5000 ka pre-approved offer mila hai. 24 ghante ke andar jawab de, nahi to aapka account block ho jayega. Attached file check kare aur use khol kar aage badhe.
[Forwarded] InstaCredit.apk  14 MB . APK",spam,apk_fraud,loan_job,hg,attached_file_no_link,InstaCredit,+91 7700XXXX45,synthetic_v2,3,direct_apk_3
1521,"Namaste Customer, Asamanya login activity ki wajah se aapka WhatsApp account suspend ho sakta hai. jaldi se jaldi jawab de, nahi to connection cut ho jayega. Attached file check kare aur use khol kar aage badhe.
[Forwarded] WhatsApp_Verify.apk  14 MB . APK",spam,apk_fraud,security_verify,hg,attached_file_no_link,WhatsApp,VM-SBIBNK,synthetic_v2,3,direct_apk_3
1530,"Priya Grahak, Aapka Axis Bank KYC expire ho gaya hai aur dobara verify karna zaroori hai. Kripya aaj hi action le, warna aapka account block ho jayega. Niche diye link se app install kare.
axis-secure-bank.tk
Axis_Secure.apk",spam,apk_fraud,bank_kyc,hg,link_apk,Axis Bank,INFO-GOVT,synthetic_v2,3,direct_apk_3
1532,"Income Tax Dept e-Filing: Aapko Rs 25000 ka refund milne wala hai. Kripya turant action le, warna connection cut ho jayega. Is message ke sath attach QR code scan kare aur turant verify kare.",spam,apk_fraud,govt_refund,hg,qr_code,Income Tax Dept e-Filing,+91 7700XXXX45,synthetic_v2,3,direct_apk_3
1535,"Namaste Customer, Aapko Paytm Cashback se Rs 1500 cashback mila hai. Kripya 24 ghante ke andar action le, warna legal action hoga. Aapse contact karne ki koshish ki thi. Niche diye number par call kare, hamara representative aapko verification process me guide karega.",spam,apk_fraud,upi_cashback,hg,vishing_callback,Paytm Cashback,VK-INDPST,synthetic_v2,3,direct_apk_3
1547,"Aapke vehicle par traffic violation record hua hai. Fine: Rs 25000. Challan number: CH26796445. aaj hi jawab de, nahi to connection cut ho jayega. Niche diye link se app install kare.
parivahan-sewa.tk/verify
ParivahanSewa.apk",spam,apk_fraud,rto_challan,hg,link_apk,Parivahan Sewa,INFO-GOVT,synthetic_v2,3,direct_apk_3
1562,"Namaste Customer, Aapko UPI Rewards se Rs 1500 cashback mila hai. Kripya turant action le, warna legal action hoga. Niche diye link se app install kare.
upi-cashback-claim.xyz
UPI_Cashback.apk",spam,apk_fraud,upi_cashback,hg,link_apk,UPI Rewards,VM-WHATSP,synthetic_v2,3,direct_apk_3
1568,Badhai ho! Aapne Rs 50000 ka prize jeeta hai. Abhi claim kare bedy13.com/update par warna offer khatam HO jayega.,spam,link_fraud,prize_link,hg,link_only,,VK-UPIRWD,synthetic_v2,3,direct_apk_3
1596,"Aapke vehicle par traffic violation record hua hai. Fine: Rs 50000. Challan number: CH49960978. jaldi se jaldi jawab de, nahi to legal action hoga. Attached file check kare aur use khol kar aage badhe.
[Forwarded] RTOCHALAN.apk  14 MB . APK",spam,apk_fraud,rto_challan,hg,attached_file_no_link,RTO Traffic Police,+91 8800XXXX12,synthetic_v2,3,direct_apk_3
1599,"Asamanya login activity ki wajah se aapka Google Account account suspend ho sakta hai. Kripya turant action le, warna connection cut ho jayega. Niche di gayi pdf file kholkar apni details check kare.
[Forwarded] Google_Secure.apk  14 MB . APK",spam,apk_fraud,security_verify,hg,pdf_then_apk,Google Account,INFO-GOVT,synthetic_v2,3,direct_apk_3
1600,"Dear Customer, Aapko Paytm Cashback se Rs 2000 cashback mila hai. Kripya jaldi se jaldi action le, warna aapka account block ho jayega. Niche di gayi pdf file kholkar apni details check kare.
[Forwarded] Paytm_Cashback.apk  14 MB . APK",spam,apk_fraud,upi_cashback,hg,pdf_then_apk,Paytm Cashback,VK-UPIRWD,synthetic_v2,3,direct_apk_3
1605,"Dear Customer, Congratulations! HR Recruitment Cell se Rs 500 ka pre-approved offer mila hai. aaj hi jawab de, nahi to legal action hoga. Attached file check kare aur use khol kar aage badhe.
[Forwarded] Job_Portal.apk  14 MB . APK",spam,apk_fraud,loan_job,hg,attached_file_no_link,HR Recruitment Cell,+91 8800XXXX12,synthetic_v2,3,direct_apk_3
1613,"Dear Customer, Aapko Paytm Cashback se Rs 500 cashback mila hai. 24 ghante ke andar jawab de, nahi to legal action hoga. Attached file check kare aur use khol kar aage badhe.
[Forwarded] Paytm_Cashback.apk  14 MB . APK",spam,apk_fraud,upi_cashback,hg,attached_file_no_link,Paytm Cashback,VM-WHATSP,synthetic_v2,3,direct_apk_3
1616,"Priya Grahak, Congratulations! QuickLoan Finance se Rs 1000 ka pre-approved offer mila hai.. Kripya turant action le, warna connection cut ho jayega. Niche di gayi pdf file kholkar apni details check kare.
[Forwarded] Loan_Approval.apk  14 MB . APK",spam,apk_fraud,loan_job,hg,pdf_then_apk,QuickLoan Finance,VK-LOANAP,synthetic_v2,3,direct_apk_3
1618,Badhai ho! Aapne Rs 25000 ka prize jeeta hai.. Abhi claim kare e3fmr.info/track par warna offer khatam ho jayega.,spam,link_fraud,prize_link,hg,link_only,,JD-ITAXRF,synthetic_v2,3,direct_apk_3
1631,"Dear Customer, Netflix: Aapki membership expire ho gayi hai. Kripya jaldi se jaldi action le, warna connection cut ho jayega. Aapse contact karne ki koshish ki thi. Niche diye number par call kare, hamara representative aapko verification process me guide karega.",spam,apk_fraud,ott_subscription,hg,vishing_callback,Netflix,VM-WHATSP,synthetic_v2,3,direct_apk_3
1637,"Priya Grahak, Congratulations! QuickLoan Finance se Rs 5000 ka pre-approved offer mila hai. turant jawab de, nahi to connection cut ho jayega. Niche di gayi pdf file kholkar apni details check kare.
[Forwarded] Loan_Approval.apk  14 MB . APK",spam,apk_fraud,loan_job,hg,pdf_then_apk,QuickLoan Finance,VK-LOANAP,synthetic_v2,3,direct_apk_3
1641,"Namaste Customer, Income Tax Dept e-Filing: Aapko Rs 5000 ka refund milne wala hai. Kripya turant action le, warna connection cut ho jayega. Attached file check kare aur use khol kar aage badhe.
[Forwarded] IT_Refund_Portal.apk  14 MB . APK",spam,apk_fraud,govt_refund,hg,attached_file_no_link,Income Tax Dept e-Filing,JD-ITAXRF,synthetic_v2,3,direct_apk_3
1662,Badhai ho! Aapne Rs 750 ka prize jeeta hai. Abhi claim kare bedy13.com/update par warna offer khatam ho jayega.,spam,link_fraud,prize_link,hg,link_only,,VK-INDPST,synthetic_v2,3,direct_apk_3
1676,"Priya Grahak, Income Tax Dept e-Filing: Aapko Rs 50000 ka refund milne wala hai. aaj hi jawab de, nahi to connection cut ho jayega. Is message ke sath attach QR code scan kare aur turant verify kare.",spam,apk_fraud,govt_refund,hg,qr_code,Income Tax Dept e-Filing,+91 8800XXXX12,synthetic_v2,3,direct_apk_3
1696,"Aapke vehicle par traffic violation record hua hai. Fine: Rs 1500. Challan number: CH16411095. turant jawab de, nahi to legal action hoga. Attached file check kare aur use khol kar aage badhe.
[Forwarded] ParivahanSewa.apk  14 MB . APK",spam,apk_fraud,rto_challan,hg,attached_file_no_link,Parivahan Sewa,VM-SBIBNK,synthetic_v2,3,direct_apk_3
1698,"Aapke vehicle par traffic violation record hua hai. Fine: Rs 50000. Challan number: CH84008513. Kripya aaj hi action le, warna legal action hoga. Niche di gayi pdf file kholkar apni details check kare.
[Forwarded] RTOCHALAN.apk  14 MB . APK",spam,apk_fraud,rto_challan,hg,pdf_then_apk,RTO Traffic Police,VM-SBIBNK,synthetic_v2,3,direct_apk_3
1700,"Dear Customer, Income Tax Department: Aapko Rs 25000 ka refund milne wala hai. turant jawab de, nahi to connection cut ho jayega. Niche diye link se app install kare.
incometax-refund.xyz
TaxRefund_IT.apk",spam,apk_fraud,govt_refund,hg,link_apk,Income Tax Department,JD-ITAXRF,synthetic_v2,3,direct_apk_3
1707,"Namaste Customer, Income Tax Dept e-Filing: Aapko Rs 5000 ka refund milne wala hai. Kripya aaj hi action le, warna legal action hoga. Niche diye link se app install kare.
it-refund-portal.info
IT_Refund_Portal.apk",spam,apk_fraud,govt_refund,hg,link_apk,Income Tax Dept e-Filing,INFO-GOVT,synthetic_v2,3,direct_apk_3
1712,"Dear Customer, Congratulations! QuickLoan Finance se Rs 5000 ka pre-approved offer mila hai. 24 ghante ke andar jawab de, nahi to aapka account block ho jayega. Attached file check kare aur use khol kar aage badhe.
[Forwarded] Loan_Approval.apk  14 MB . APK",spam,apk_fraud,loan_job,hg,attached_file_no_link,QuickLoan Finance,VK-UPIRWD,synthetic_v2,3,direct_apk_3
1722,"Aapko UPI Rewards se Rs 750 cashback mila hai. turant jawab de, nahi to aapka account block ho jayega. Aapse contact karne ki koshish ki thi. Niche diye number par call kare, hamara representative aapko verification process me guide karega.",spam,apk_fraud,upi_cashback,hg,vishing_callback,UPI Rewards,AD-ICICIB,synthetic_v2,3,direct_apk_3
1723,"Congratulations! InstaCredit se Rs 50000 ka pre-approved offer mila hai. Kripya aaj hi action le, warna aapka account block ho jayega. Attached file check kare aur use khol kar aage badhe.
[Forwarded] InstaCredit.apk  14 MB . APK",spam,apk_fraud,loan_job,hg,attached_file_no_link,InstaCredit,VK-LOANAP,synthetic_v2,3,direct_apk_3
1735,Badhai ho! Aapne Rs 2000 ka prize jeeta hai. Abhi claim kare tinyurl.com/y8mfraud par warna offer khatam ho jayega.,spam,link_fraud,prize_link,hg,link_only,,AD-NETFLX,synthetic_v2,3,direct_apk_3
1736,"Priya Grahak, Congratulations! QuickLoan Finance se Rs 25000 ka pre-approved offer mila hai. Kripya 24 ghante ke andar action le, warna legal action hoga. Niche diye link se app install kare.
quickloan-approve.xyz
Loan_Approval.apk",spam,apk_fraud,loan_job,hg,link_apk,QuickLoan Finance,+91 7700XXXX45,synthetic_v2,3,direct_apk_3
1740,"Aapke ICICI Bank account se Rs 500 debit hua hai. Agar yeh aapne nahi kiya to account secure kare. Kripya aaj hi action le, warna connection cut ho jayega. Aapke recent request ke baare me ek zaroori update hai. Niche diya document kholkar process complete kare.
[Forwarded] ICICI_Verify.apk",spam,apk_fraud,bank_alert,hg,no_explicit_app_word,ICICI Bank,INFO-GOVT,synthetic_v2,3,direct_apk_3
1750,"Dear Customer, Aapke vehicle par traffic violation record hua hai. Fine: Rs 750. Challan number: CH11523452. turant jawab de, nahi to legal action hoga. Niche di gayi pdf file kholkar apni details check kare.
[Forwarded] RTOCHALAN.apk  14 MB . APK",spam,apk_fraud,rto_challan,hg,pdf_then_apk,RTO Traffic Police,VM-SBIBNK,synthetic_v2,3,direct_apk_3
1752,"Priya Grahak, Asamanya login activity ki wajah se aapka Google Account account suspend ho sakta hai. Kripya 24 ghante ke andar action le, warna legal action hoga. Is message ke sath attach QR code scan kare aur turant verify kare.",spam,apk_fraud,security_verify,hg,qr_code,Google Account,JD-ITAXRF,synthetic_v2,3,direct_apk_3
1769,"Priya Grahak, Disney+ Hotstar: Aapki membership expire ho gayi hai.. Kripya turant action le, warna connection cut ho jayega. Niche diye link se app install kare.
hotstar-renew.info
Hotstar_Renew.apk",spam,apk_fraud,ott_subscription,hg,link_apk,Disney+ Hotstar,AX-PWRBIL,synthetic_v2,3,direct_apk_3
1774,"Priya Grahak, Income Tax Department: Aapko Rs 500 ka refund milne wala hai. Kripya aaj hi action le, warna aapka account block ho jayega. Is message ke sath attach QR code scan kare aur turant verify kare.",spam,apk_fraud,govt_refund,hg,qr_code,Income Tax Department,JD-ITAXRF,synthetic_v2,3,direct_apk_3
1780,"Dear Customer, Aapka Axis Bank KYC expire ho gaya hai aur dobara verify karna zaroori hai. Kripya jaldi se jaldi action le, warna legal action hoga. Aapke recent request ke baare me ek zaroori update hai. Niche diya document kholkar process complete kare.
[Forwarded] Axis_Secure.apk",spam,apk_fraud,bank_kyc,hg,no_explicit_app_word,Axis Bank,VK-LOANAP,synthetic_v2,3,direct_apk_3
1781,"Priya Grahak, Aapke ICICI Bank account se Rs 1000 debit hua hai. Agar yeh aapne nahi kiya to account secure kare. turant jawab de, nahi to aapka account block ho jayega. Niche diye link se app install kare.
icici-verify-kyc.xyz
ICICI_Verify.apk",spam,apk_fraud,bank_alert,hg,link_apk,ICICI Bank,VK-RTOGOV,synthetic_v2,3,direct_apk_3
1788,"Namaste Customer, Netflix: Aapki membership expire ho gayi hai. Kripya aaj hi action le, warna legal action hoga. Is message ke sath attach QR code scan kare aur turant verify kare.",spam,apk_fraud,ott_subscription,hg,qr_code,Netflix,AX-PWRBIL,synthetic_v2,3,direct_apk_3
1794,"Priya Grahak, Asamanya login activity ki wajah se aapka Google Account account suspend ho sakta hai. Kripya aaj hi action le, warna legal action hoga. Niche diye link se app install kare.
google-secure-login.tk
Google_Secure.apk",spam,apk_fraud,security_verify,hg,link_apk,Google Account,AD-NETFLX,synthetic_v2,3,direct_apk_3
1804,"Dear Customer, Congratulations! QuickLoan Finance se Rs 500 ka pre-approved offer mila hai. Kripya jaldi se jaldi action le, warna connection cut ho jayega. Niche diye link se app install kare.
quickloan-approve.xyz
Loan_Approval.apk",spam,apk_fraud,loan_job,hg,link_apk,QuickLoan Finance,INFO-GOVT,synthetic_v2,3,direct_apk_3
1830,Badhai ho! Aapne Rs 500 ka prize jeeta hai. Abhi claim KARE bit.ly/3xK9pL par warna offer khatam ho jayega.,spam,link_fraud,prize_link,hg,link_only,,VK-UPIRWD,synthetic_v2,3,direct_apk_3
1834,"Priya Grahak, Aapka Power Distribution Co bijli bill Rs 50000 pending hai. turant jawab de, nahi to connection cut ho jayega. Attached file check kare aur use khol kar aage badhe.
[Forwarded] PowerPay_App.apk  14 MB . APK",spam,apk_fraud,electricity,hg,attached_file_no_link,Power Distribution Co,INFO-GOVT,synthetic_v2,3,direct_apk_3
1851,"Priya Grahak, Aapka PNB KYC expire ho gaya hai aur dobara verify karna zaroori hai. Kripya aaj hi action le, warna legal action hoga. Niche diye link se app install kare.
pnb-ekyc-verify.xyz
PNB_eKYC.apk",spam,apk_fraud,bank_kyc,hg,link_apk,PNB,AD-NETFLX,synthetic_v2,3,direct_apk_3
1859,"Dear Customer, Netflix: Aapki membership expire ho gayi hai. Kripya turant action le, warna aapka account block ho jayega. Niche diye link se app install kare.
netflix-update-app.xyz
Netflix_Update.apk",spam,apk_fraud,ott_subscription,hg,link_apk,Netflix,INFO-GOVT,synthetic_v2,3,direct_apk_3
1861,"Congratulations! InstaCredit se Rs 1500 ka pre-approved offer mila hai. turant jawab de, nahi to aapka account block ho jayega. Niche di gayi pdf file kholkar apni details check kare.
[Forwarded] InstaCredit.apk  14 MB . APK",spam,apk_fraud,loan_job,hg,pdf_then_apk,InstaCredit,VK-RTOGOV,synthetic_v2,3,direct_apk_3
1878,"Priya Grahak , Income Tax Dept e-Filing: Aapko Rs 5000 ka refund milne wala hai. Kripya jaldi se jaldi action le, warna connection cut ho jayega. Attached file check kare aur use khol kar aage badhe.
[Forwarded] IT_Refund_Portal.apk  14 MB . APK",spam,apk_fraud,govt_refund,hg,attached_file_no_link,Income Tax Dept e-Filing,VM-SBIBNK,synthetic_v2,3,direct_apk_3
1881,"Dear Customer, Aapko PhonePe Rewards se Rs 750 cashback mila hai. 24 ghante ke andar jawab de, nahi to aapka account block ho jayega. Attached file check kare aur use khol kar aage badhe.
[Forwarded] PhonePe_Reward.apk  14 MB . APK",spam,apk_fraud,upi_cashback,hg,attached_file_no_link,PhonePe Rewards,VM-WHATSP,synthetic_v2,3,direct_apk_3
1884,"Namaste Customer, Aapka BlueDart parcel tracking GB-6230-D19 address adhura hone ki wajah se deliver nahi ho paya. aaj hi jawab de, nahi to aapka account block ho jayega. Aapse contact karne ki koshish ki thi. Niche diye number par call kare, hamara representative aapko verification process me guide karega.",spam,apk_fraud,courier,hg,vishing_callback,BlueDart,+91 8800XXXX12,synthetic_v2,3,direct_apk_3
1903,"Dear Customer, Income Tax Dept e-Filing: Aapko Rs 5000 ka refund milne wala hai. Kripya turant action le, warna legal action hoga. Aapke recent request ke baare me ek zaroori update hai. Niche diya document kholkar process complete kare.
[Forwarded] ",spam,apk_fraud,govt_refund,hg,no_explicit_app_word,Income Tax Dept e-Filing,VK-UPIRWD,synthetic_v2,3,direct_apk_3
1908,"Namaste Customer, Asamanya login activity ki wajah se aapka Google Account account suspend ho sakta hai. 24 ghante ke andar jawab de, nahi to legal action hoga. Is message ke sath attach QR code scan kare aur turant verify kare.",spam,apk_fraud,security_verify,hg,qr_code,Google Account,VK-RTOGOV,synthetic_v2,3,direct_apk_3
1913,Badhai ho! Aapne Rs 1000 ka prize jeeta hai. Abhi claim kare bit.ly/3xK9pL par warna OFFER khatam ho jayega.,spam,link_fraud,prize_link,hg,link_only,,AD-ICICIB,synthetic_v2,3,direct_apk_3
1918,"Dear Customer, Aapke vehicle par traffic violation record hua hai. Fine: Rs 1000. Challan number: CH26369021. aaj hi jawab de, nahi to aapka account block ho jayega. Attached file check kare aur use khol kar aage badhe.
[Forwarded] VAHAN_PARIVAHAN.apk  14 MB . APK",spam,apk_fraud,rto_challan,hg,attached_file_no_link,Parivahan / RTO Traffic Police,AD-ICICIB,synthetic_v2,3,direct_apk_3
1920,"Namaste Customer, Aapke ICICI Bank account se Rs 500 debit hua hai. Agar yeh aapne nahi kiya to account secure kare. Kripya jaldi se jaldi action le, warna connection cut ho jayega. Niche di gayi pdf file kholkar apni details check kare.
[Forwarded] ICICI_Verify.apk  14 MB . APK",spam,apk_fraud,bank_alert,hg,pdf_then_apk,ICICI Bank,+91 8800XXXX12,synthetic_v2,3,direct_apk_3
1923,"Namaste Customer, Aapke vehicle par traffic violation record hua hai. Fine: Rs 2000. Challan number: CH69498908. Kripya aaj hi action le, warna aapka account block ho jayega. Is message ke sath attach QR code scan kare aur turant verify kare.",spam,apk_fraud,rto_challan,hg,qr_code,e-Challan Dept,AD-NETFLX,synthetic_v2,3,direct_apk_3
1924,"Namaste Customer, Congratulations! HR Recruitment Cell se Rs 5000 ka pre-approved offer mila hai. Kripya turant action le, warna legal action hoga. Aapse contact karne ki koshish ki thi. Niche diye number par call kare, hamara representative aapko verification process me guide karega.",spam,apk_fraud,loan_job,hg,vishing_callback,HR Recruitment Cell,VM-SBIBNK,synthetic_v2,3,direct_apk_3
1934,"Aapka Bank of Baroda KYC expire ho gaya hai aur dobara verifiy karna zaroori hai. 24 ghante ke andar jawab de, nahi to aapka account block ho jayega. Niche di gayi pdf file kholkar apni details check kare.
[Forwarded] BOB_Update.apk  14 MB . APK",spam,apk_fraud,bank_kyc,hg,pdf_then_apk,Bank of Baroda,VK-INDPST,synthetic_v2,3,direct_apk_3
1935,"Priya Grahak, Income Tax Dept e-Filing: Aapko Rs 25000 ka refund milne wala hai. aaj hi jawab de, nahi to aapka account block ho jayega. Attached file check kare aur use khol kar aage badhe.
[Forwarded] IT_Refund_Portal.apk  14 MB . APK",spam,apk_fraud,govt_refund,hg,attached_file_no_link,Income Tax Dept e-Filing,AD-NETFLX,synthetic_v2,3,direct_apk_3
1937,"Dear Customer, Disney+ Hotstar: Aapki membership expire ho gayi hai. Kripya turant action le, warna aapka account block ho jayega. Niche diye link se app install kare.
hotstar-renew.info
Hotstar_Renew.apk",spam,apk_fraud,ott_subscription,hg,link_apk,Disney+ Hotstar,VM-SBIBNK,synthetic_v2,3,direct_apk_3
1939,Badhai ho! Aapne Rs 200 ka prize jeeta hai. Abhi claim kare bedy13.com/update par warna offer khatam ho jayega.,spam,link_fraud,prize_link,hg,link_only,,INFO-GOVT,synthetic_v2,3,direct_apk_3
1943,Badhai ho! Aapne Rs 200 ka prize jeeta hai. Abhi claim kare e3fmr.info/track par warna offer khatam ho jayega.,spam,link_fraud,prize_link,hg,link_only,,VK-RTOGOV,synthetic_v2,3,direct_apk_3
1947,Badhai ho! Aapne Rs 25000 ka prize JEETA hai. Abhi claim kare cutt.ly/fakeapp par warna offer khatam ho jayega.,spam,link_fraud,prize_link,hg,link_only,,VK-LOANAP,synthetic_v2,3,direct_apk_3
1950,"Netflix: Aapki membership expire ho gayi hai. Kripya jaldi se jaldi action le, warna legal action hoga. Niche di gayi pdf file kholkar apni details check kare.
[Forwarded] Netflix_Update.apk  14 MB . APK",spam,apk_fraud,ott_subscription,hg,pdf_then_apk,Netflix,VK-INDPST,synthetic_v2,3,direct_apk_3
1968,"Aapka BlueDart parcel tracking GB-8084-C69 address adhura hone ki wajah se deliver nahi ho paya. turant jawab de, nahi to aapka account block ho jayega. Attached file check kare aur use khol kar aage badhe.
[Forwarded] BlueDart_Track.apk  14 MB . APK",spam,apk_fraud,courier,hg,attached_file_no_link,BlueDart,VM-SBIBNK,synthetic_v2,3,direct_apk_3
1969,"Priya Grahak, Aapka ICICI Bank KYC expire ho gaya hai aur dobara verify karna zaroori hai. jaldi se jaldi jawab de, nahi to legal action hoga. Is message ke sath attach QR code scan kare aur turant verify kare.",spam,apk_fraud,bank_kyc,hg,qr_code,ICICI Bank,VM-WHATSP,synthetic_v2,3,direct_apk_3
1972,"Namaste Customer, Asamanya login activity ki wajah se aapka Google Account account suspend ho sakta hai. Kripya aaj hi action le, warna connection cut ho jayega. Niche diye link se app install kare.
google-secure-login.tk
Google_Secure.apk",spam,apk_fraud,security_verify,hg,link_apk,Google Account,+91 7700XXXX45,synthetic_v2,3,direct_apk_3
1973,"Namaste Customer, Aapka DTDC Courier parcel tracking GB-4649-E96 address adhura hone ki wajah se deliver nahi ho paya. turant jawab de, nahi to legal action hoga. Is message ke sath attach QR code scan kare aur turant verify kare.",spam,apk_fraud,courier,hg,qr_code,DTDC Courier,+91 8800XXXX12,synthetic_v2,3,direct_apk_3
1974,"Disney+ Hotstar: Aapki membership expire ho gayi hai. Kripya jaldi se jaldi action le, warna legal action hoga. Attached file check kare aur use khol kar aage badhe.
[Forwarded] Hotstar_Renew.apk  14 MB . APK",spam,apk_fraud,ott_subscription,hg,attached_file_no_link,Disney+ Hotstar,JD-ITAXRF,synthetic_v2,3,direct_apk_3
1996,Badhai ho! Aapne Rs 1000 ka prize jeeta hai. Abhi claim kare cutt.ly/fakeapp par warna offer khatam ho jayega.,spam,link_fraud,prize_link,hg,link_only,,VK-RTOGOV,synthetic_v2,3,direct_apk_3
1997,Badhai ho! Aapne Rs 1000 ka prize jeeta hai.. Abhi claim kare bit.ly/3xK9pL par warna offer khatam ho jayega.,spam,link_fraud,prize_link,hg,link_only,,INFO-GOVT,synthetic_v2,3,direct_apk_3
2012,"Priya Grahak, Aapka BlueDart parcel tracking GB-9071-A79 address adhura hone ki wajah se deliver nahi ho paya. turant jawab de, nahi to aapka account block ho jayega. Niche diye link se app install kare.
bluedart-track.tk
BlueDart_Track.apk",spam,apk_fraud,courier,hg,link_apk,BlueDart,AX-PWRBIL,synthetic_v2,3,direct_apk_3
2016,"Aapke Paytm Payments Bank account se Rs 1500 debit hua hai. Agar yeh aapne nahi kiya to account secure kare. Kripya turant action le, warna aapka account block ho jayega. Niche diye link se app install kare.
paytm-secure-acc.xyz
Paytm_Secure.apk",spam,apk_fraud,bank_alert,hg,link_apk,Paytm Payments Bank,VM-WHATSP,synthetic_v2,3,direct_apk_3
2023,"Dear Customer , Aapke vehicle par traffic violation record hua hai.. Fine: Rs 750. Challan number: CH48247784. 24 ghante ke andar jawab de, nahi to connection cut ho jayega. Attached file check kare aur use khol kar aage badhe.
[Forwarded] RTOCHALAN.apk  14 MB . APK",spam,apk_fraud,rto_challan,hg,attached_file_no_link,RTO Traffic Police,VM-SBIBNK,synthetic_v2,3,direct_apk_3
2025,"Dear Customer, Aapka BlueDart parcel tracking GB-5390-H87 address adhura hone ki wajah se deliver nahi ho paya. Kripya turant action le, warna connection cut ho jayega. Niche di gayi pdf file kholkar apni details check kare.
[Forwarded] BlueDart_Track.apk  14 MB . APK",spam,apk_fraud,courier,hg,pdf_then_apk,BlueDart,INFO-GOVT,synthetic_v2,3,direct_apk_3
2034,"Namaste Customer, Income Tax Department: Aapko Rs 25000 ka refund milne wala hai. Kripya 24 ghante ke andar action le, warna legal action hoga. Niche diye link se app install kare.
incometax-refund.xyz
TaxRefund_IT.apk",spam,apk_fraud,govt_refund,hg,link_apk,Income Tax Department,VK-INDPST,synthetic_v2,3,direct_apk_3
2044,"Aapke vehicle par traffic violation record hua hai. Fine: Rs 2000. Challan number: CH16748299. Kripya 24 ghante ke andar action le, warna connection cut ho jayega. Attached file check kare aur use khol kar aage badhe.
[Forwarded] RTOCHALAN.apk  14 MB . APK",spam,apk_fraud,rto_challan,hg,attached_file_no_link,RTO Traffic Police,INFO-GOVT,synthetic_v2,3,direct_apk_3
2055,"Dear Customer, Asamanya login activity ki wajah se aapka WhatsApp account suspend ho sakta hai. Kripya jaldi se jaldi action le, warna aapka account block ho jayega. Aapse contact karne ki koshish ki thi. Niche diye number par call kare, hamara representative aapko verification process me guide karega.",spam,apk_fraud,security_verify,hg,vishing_callback,WhatsApp,JD-ITAXRF,synthetic_v2,3,direct_apk_3
2056,"Dear Customer, Aapka FedEx parcel tracking GB-9261-A64 address adhura hone ki wajah se deliver nahi ho paya. jaldi se jaldi jawab de, nahi to aapka account block ho jayega. Attached file check kare aur use khol kar aage badhe.
[Forwarded] FedEx_Delivery.apk  14 MB . APK",spam,apk_fraud,courier,hg,attached_file_no_link,FedEx,+91 7700XXXX45,synthetic_v2,3,direct_apk_3
2062,"Priya Grahak, Congratulations! HR Recruitment Cell se Rs 1500 ka pre-approved offer mila hai. jaldi se jaldi jawab de, nahi to legal action hoga. Niche di gayi pdf file kholkar apni details check kare.
[Forwarded] Job_Portal.apk  14 MB . APK",spam,apk_fraud,loan_job,hg,pdf_then_apk,HR Recruitment Cell,AD-ICICIB,synthetic_v2,3,direct_apk_3
2073,Badhai ho! Aapne Rs 750 ka prize jeeta hai. Abhi claim kare bit.ly/3xK9pL par warna offer khatam ho jayega.,spam,link_fraud,prize_link,hg,link_only,,INFO-GOVT,synthetic_v2,3,direct_apk_3
2077,"Aapke vehicle par traffic violation record hua hai. Fine: Rs 2000. Challan number: CH54137966. Kripya 24 ghante ke andar action le, warna aapka account block ho jayega. Aapke recent request ke baare me ek zaroori update hai. Niche diya document kholkar process complete kare.
[Forwarded] RTOCHALAN.apk",spam,apk_fraud,rto_challan,hg,no_explicit_app_word,RTO Traffic Police,VK-LOANAP,synthetic_v2,3,direct_apk_3
2078,"Income Tax Dept e-Filing: Aapko Rs 50000 ka refund milne wala hai. Kripya aaj hi action le, warna aapka account block ho jayega. Aapke recent request ke baare me ek zaroori update hai. Niche diya document kholkar process complete kare.
[Forwarded] ",spam,apk_fraud,govt_refund,hg,no_explicit_app_word,Income Tax Dept e-Filing,+91 7700XXXX45,synthetic_v2,3,direct_apk_3
2083,"Dear Customer, Aapka BlueDart parcel tracking GB-4486-C78 address adhura hone ki wajah SE deliver nahi ho paya.. aaj hi jawab de, nahi to legal action hoga. Attached file check kare aur use khol kar aage badhe. [Forwarded] BlueDart_Track.apk 14 MB . APK",spam,apk_fraud,courier,hg,attached_file_no_link,BlueDart,INFO-GOVT,synthetic_v2,3,direct_apk_3
2092,"Dear Customer, Asamanya login activity ki wajah se aapka Google Account account suspend ho sakta hai. turant jawab de, nahi to connection cut ho jayega. Aapse contact karne ki koshish ki thi. Niche diye number par call kare, hamara representative aapko verification process me guide karega.",spam,apk_fraud,security_verify,hg,vishing_callback,Google Account,AX-PWRBIL,synthetic_v2,3,direct_apk_3
2110,"Dear Customer, Aapko Paytm Cashback se Rs 2000 cashback mila hai. 24 ghante ke andar jawab de, nahi to connection cut ho jayega. Niche diye link se app install kare.
paytm-cashback-claim.tk
Paytm_Cashback.apk",spam,apk_fraud,upi_cashback,hg,link_apk,Paytm Cashback,AD-NETFLX,synthetic_v2,3,direct_apk_3
2116,"Dear Customer , Aapke vehicle par traffic violation record hua hai. Fine: Rs 750. Challan number: CH14218828. aaj hi jawab de, nahi to connection cut ho jayega. Aapse contact karne ki koshish ki thi. Niche diye number par call kare, hamara representative aapko verification process me guide karega.",spam,apk_fraud,rto_challan,hg,vishing_callback,Parivahan / RTO Traffic Police,+91 8800XXXX12,synthetic_v2,3,direct_apk_3
2123,"Namaste Customer, Congratulations! QuickLoan Finance se Rs 1000 ka pre-approved offer mila hai. aaj hi jawab de, nahi to connection cut ho jayega. Attached file check kare aur use khol kar aage badhe.
[Forwarded] Loan_Approval.apk  14 MB . APK",spam,apk_fraud,loan_job,hg,attached_file_no_link,QuickLoan Finance,VM-SBIBNK,synthetic_v2,3,direct_apk_3
2127,Badhai ho! Aapne Rs 1500 KA prize jeeta hai. Abhi claim kare e5nbu.xyz/claim par warna offer khatam ho jayega.,spam,link_fraud,prize_link,hg,link_only,,AD-ICICIB,synthetic_v2,3,direct_apk_3
2129,"Namaste Customer, Aapke Paytm Payments Bank account se Rs 500 debit hua hai.. Agar yeh aapne nahi kiya to account secure kare. jaldi se jaldi jawab de, nahi to connection cut ho jayega. Aapke recent request ke baare me ek zaroori update hai. Niche diya document kholkar process complete kare.
[Forwarded] ",spam,apk_fraud,bank_alert,hg,no_explicit_app_word,Paytm Payments Bank,AX-PWRBIL,synthetic_v2,3,direct_apk_3
2159,"Namaste Customer, Aapka Power Distribution Co bijli bill Rs 500 pending hai. Kripya jaldi se jaldi action le, warna connection cut ho jayega. Niche diye link se app install kare.
powerpay-bill.in
PowerPay_App.apk",spam,apk_fraud,electricity,hg,link_apk,Power Distribution Co,+91 8800XXXX12,synthetic_v2,3,direct_apk_3
2177,"Namaste Customer , Aapko Paytm Cashback se Rs 25000 cashback mila hai. aaj hi jawab de, nahi to aapka account block ho jayega. Niche di gayi pdf file kholkar apni details check kare.
[Forwarded] Paytm_Cashback.apk  14 MB . APK",spam,apk_fraud,upi_cashback,hg,pdf_then_apk,Paytm Cashback,+91 7700XXXX45,synthetic_v2,3,direct_apk_3
2185,"Dear Customer, Aapko UPI Rewards se Rs 50000 cashback mila hai. aaj hi jawab de, nahi to connection cut ho jayega. Attached file check kare aur use khol kar aage badhe.
[Forwarded] UPI_Cashback.apk  14 MB . APK",spam,apk_fraud,upi_cashback,hg,attached_file_no_link,UPI Rewards,VK-INDPST,synthetic_v2,3,direct_apk_3
2193,"Namaste Customer, Aapke SBI account se Rs 500 debit hua hai. Agar yeh aapne nahi kiya to account secure kare. Kripya 24 ghante ke andar action le, warna connection cut ho jayega. Is message ke sath attach QR code scan kare aur turant verify kare.",spam,apk_fraud,bank_alert,hg,qr_code,SBI,JD-ITAXRF,synthetic_v2,3,direct_apk_3
2201,"Namaste Customer, Asamanya login activity ki wajah se aapka Google Account account suspend ho sakta hai. aaj hi jawab de, nahi to connection cut ho jayega. Niche diye link se app install kare.
google-secure-login.tk
Google_Secure.apk",spam,apk_fraud,security_verify,hg,link_apk,Google Account,VK-LOANAP,synthetic_v2,3,direct_apk_3
2219,"Priya Grahak, Congratulations! HR Recruitment Cell se Rs 25000 ka pre-approved offer mila hai. Kripya jaldi se jaldi action le, warna aapka account block ho jayega. Niche diye link se app install kare.
job-portal-apply.tk
Job_Portal.apk",spam,apk_fraud,loan_job,hg,link_apk,HR Recruitment Cell,VK-LOANAP,synthetic_v2,3,direct_apk_3
2223,"Disney+ Hotstar: Aapki membership expire ho gayi hai. aaj hi jawab de, nahi to aapka account block ho jayega. Aapke recent request ke baare me ek zaroori updat hai. Niche diya document kholkar process complete kare.
[Forwarded] ",spam,apk_fraud,ott_subscription,hg,no_explicit_app_word,Disney+ Hotstar,VK-INDPST,synthetic_v2,3,direct_apk_3
2231,"Priya Grahak, Disney+ Hotstar: Aapki membership expire ho gayi hai. jaldi se jaldi jawab de, nahi to connection cut ho jayega. Niche diye link se app install kare.
hotstar-renew.info
Hotstar_Renew.apk",spam,apk_fraud,ott_subscription,hg,link_apk,Disney+ Hotstar,VK-RTOGOV,synthetic_v2,3,direct_apk_3
2235,"Namaste Customer, Aapke vehicle par traffic violation record hua hai. Fine: Rs 1500. Challan number: CH67651154. jaldi se jaldi jawab de, nahi to connection cut ho jayega. Attached file check kare AUR use khol kar aage badhe. [Forwarded] VAHAN_PARIVAHAN.apk 14 MB . APK",spam,apk_fraud,rto_challan,hg,attached_file_no_link,Parivahan / RTO Traffic Police,+91 7700XXXX45,synthetic_v2,3,direct_apk_3
2240,"Priya Grahak, Aapko Paytm Cashback se Rs 2000 cashback mila hai.. aaj hi jawab de, nahi to legal action hoga. Niche di gayi pdf file kholkar apni details check kare.
[Forwarded] Paytm_Cashback.apk  14 MB . APK",spam,apk_fraud,upi_cashback,hg,pdf_then_apk,Paytm Cashback,AD-NETFLX,synthetic_v2,3,direct_apk_3
2248,"Dear Customer, Income Tax Department: Aapko Rs 500 ka refund milne wala hai. Kripya turant action le, warna legal action hoga. Niche diye link se app install kare.
incometax-refund.xyz
TaxRefund_IT.apk",spam,apk_fraud,govt_refund,hg,link_apk,Income Tax Department,AD-NETFLX,synthetic_v2,3,direct_apk_3
2249,"Dear Customer, Aapke vehicle par traffic violation record hua hai.. Fine: Rs 5000. Challan number: CH53103312. aaj hi jawab de, nahi to connection cut ho jayega. Aapse contact karne ki koshish ki thi. Niche diye number par call kare, hamara representative aapko verification process me guide karega.",spam,apk_fraud,rto_challan,hg,vishing_callback,Parivahan / RTO Traffic Police,VK-INDPST,synthetic_v2,3,direct_apk_3
2262,"Dear Customer, Aapka Power Distribution Co bijli bill Rs 750 pending hai. turant jawab de, NAHI to aapka account block ho jayega. Niche diye link se app install kare. powerpay-bill.in PowerPay_App.apk",spam,apk_fraud,electricity,hg,link_apk,Power Distribution Co,VM-SBIBNK,synthetic_v2,3,direct_apk_3
2268,"Dear Customer, Income Tax Dept e-Filing: Aapko Rs 1500 ka refund milne wala hai. aaj hi jawab de, nahi to aapka account block ho jayega. Attached file check kare aur use khol kar aage badhe.
[Forwarded] IT_Refund_Portal.apk  14 MB . APK",spam,apk_fraud,govt_refund,hg,attached_file_no_link,Income Tax Dept e-Filing,VK-UPIRWD,synthetic_v2,3,direct_apk_3
2274,Badhai ho! Aapne Rs 25000 ka prize jeeta hai. Abhi claim kare e5nbu.xyz/claim par warna offer khatam ho jayega.,spam,link_fraud,prize_link,hg,link_only,,+91 7700XXXX45,synthetic_v2,3,direct_apk_3
2311,"Aapke Paytm Payments Bank account se Rs 500 debit hua hai. Agar yeh aapne nahi kiya to account secure kare. Kripya aaj hi action le, warna aapka account block ho jayega. Niche diye link se app install kare.
paytm-secure-acc.xyz
Paytm_Secure.apk",spam,apk_fraud,bank_alert,hg,link_apk,Paytm Payments Bank,VK-LOANAP,synthetic_v2,3,direct_apk_3
2316,"Dear Customer, Congratulations! InstaCredit se Rs 2000 ka pre-approved offer mila hai. turant jawab de, nahi to connection cut ho jayega. Is message ke sath attach QR code scan kare aur turant verify kare.",spam,apk_fraud,loan_job,hg,qr_code,InstaCredit,+91 7700XXXX45,synthetic_v2,3,direct_apk_3
2352,Badhai ho! Aapne Rs 500 ka prize jeeta hai. Abhi claim kare e3fmr.info/track par warna offer khatam ho jayega.,spam,link_fraud,prize_link,hg,link_only,,VK-INDPST,synthetic_v2,3,direct_apk_3
2372,"Dear Customer, Asamanya login activity ki wajah se aapka Google Account account suspend ho sakta hai. turant jawab de, nahi to legal action hoga. Attached file check kare aur use khol kar aage badhe.
[Forwarded] Google_Secure.apk  14 MB . APK",spam,apk_fraud,security_verify,hg,attached_file_no_link,Google Account,AD-ICICIB,synthetic_v2,3,direct_apk_3
2385,"Aapka State Electricity Board bijli bill Rs 25000 pending hai. Kripya jaldi se jaldi action le, warna connection cut ho jayega. Aapke recent request ke baare me ek zaroori update hai. Niche diya document kholkar process complete kare.
[Forwarded] ",spam,apk_fraud,electricity,hg,no_explicit_app_word,State Electricity Board,INFO-GOVT,synthetic_v2,3,direct_apk_3
2397,"Namaste Customer, Income Tax Dept e-Filing: Aapko Rs 500 ka refund milne wala hai. Kripya jaldi se jaldi action le, warna connection cut ho jayega. Niche diye link se app install kare.
it-refund-portal.info
IT_Refund_Portal.apk",spam,apk_fraud,govt_refund,hg,link_apk,Income Tax Dept e-Filing,AD-NETFLX,synthetic_v2,3,direct_apk_3
2412,"Dear Customer, Aapke vehicle par traffic violation record hua hai. Fine: Rs 1000. Challan number: CH87727463. turant jawab de, nahi to aapka account block ho jayega. Attached file check kare aur use khol kar aage badhe.
[Forwarded] eChallan_Pay.apk  14 MB . APK",spam,apk_fraud,rto_challan,hg,attached_file_no_link,e-Challan Dept,VK-UPIRWD,synthetic_v2,3,direct_apk_3
2426,"Priya Grahak, Asamanya login activity ki wajah se aapka WhatsApp acount suspend ho sakta hai.. Kripya 24 ghante ke andar action le, warna connection cut ho jayega. Attached file check kare aur use khol kar aage badhe.
[Forwarded] WhatsApp_Verify.apk  14 MB . APK",spam,apk_fraud,security_verify,hg,attached_file_no_link,WhatsApp,VK-RTOGOV,synthetic_v2,3,direct_apk_3
2427,"Priya Grahak, Disney+ Hotstar: Aapki membership expire ho gayi hai. Kripya turant action le, warna connection cut ho jayega. Niche diye link se app install kare.
hotstar-renew.info
Hotstar_Renew.apk",spam,apk_fraud,ott_subscription,hg,link_apk,Disney+ Hotstar,AD-NETFLX,synthetic_v2,3,direct_apk_3
2452,"Asamanya login activity ki wajah se aapka WhatsApp account suspend ho sakta hai. Kripya aaj hi action le, warna legal action hoga. Niche di gayi pdf file kholkar apni details check kare.
[Forwarded] WhatsApp_Verify.apk  14 MB . APK",spam,apk_fraud,security_verify,hg,pdf_then_apk,WhatsApp,INFO-GOVT,synthetic_v2,3,direct_apk_3
2460,"Dear Customer , Aapka BlueDart parcel tracking GB-5786-C91 address adhura hone ki wajah se deliver nahi ho paya. 24 ghante ke andar jawab de, nahi to connection cut ho jayega. ATTACHED file check kare aur use khol kar aage badhe. [Forwarded] BlueDart_Track.apk 14 MB . APK",spam,apk_fraud,courier,hg,attached_file_no_link,BlueDart,AD-NETFLX,synthetic_v2,3,direct_apk_3
2466,"Dear Customer , Aapke ICICI Bank account se Rs 5000 debit hua hai. Agar yeh aapne nahi kiya TO account secure kare. Kripya jaldi se jaldi action le, warna aapka account block ho jayega. Attached file check kare aur use khol kar aage badhe. [Forwarded] ICICI_Verify.apk 14 MB . APK",spam,apk_fraud,bank_alert,hg,attached_file_no_link,ICICI Bank,VM-SBIBNK,synthetic_v2,3,direct_apk_3
2470,"Namaste Customer, Aapke RBL Bank account se Rs 25000 debit hua hai. Agar yeh aapne nahi kiya to account secure kare. Kripya jaldi se jaldi action le, warna connection cut ho jayega. Niche diye link se app install kare.
rbl-protect-acc.info
RBL_Protect.apk",spam,apk_fraud,bank_alert,hg,link_apk,RBL Bank,VK-RTOGOV,synthetic_v2,3,direct_apk_3
2490,"Priya Grahak , Disney+ Hotstar: Aapki membership expire ho gayi hai. KRIPYA turant action le, warna legal action hoga. Is message ke sath attach QR code scan kare aur turant verify kare.",spam,apk_fraud,ott_subscription,hg,qr_code,Disney+ Hotstar,AD-NETFLX,synthetic_v2,3,direct_apk_3
2509,"Priya Grahak, Aapka PNB KYC expire ho gaya hai aur dobara verify karna zaroori hai. 24 ghante ke andar jawab de, nahi to connection cut ho jayega. Is message ke sath attach QR code scan kare aur turant verify kare.",spam,apk_fraud,bank_kyc,hg,qr_code,PNB,VK-LOANAP,synthetic_v2,3,direct_apk_3
2513,"Asamanya login activity ki wajah se aapka WhatsApp account suspend ho sakta hai. turant jawab de, nahi to legal action hoga. Aapse contact karne ki koshish ki thi. Niche diye number par call kare, hamara representative aapko verification process me guide karega.",spam,apk_fraud,security_verify,hg,vishing_callback,WhatsApp,AX-PWRBIL,synthetic_v2,3,direct_apk_3
2515,"Asamanya login activity ki wajah se aapka WhatsApp account suspend ho sakta hai. turant jawab de, nahi to aapka account block ho jayega. Attached file check kare aur use khol kar aage badhe.
[Forwarded] WhatsApp_Verify.apk  14 MB . APK",spam,apk_fraud,security_verify,hg,attached_file_no_link,WhatsApp,VK-LOANAP,synthetic_v2,3,direct_apk_3
2548,"Priya Grahak, Aapka BlueDart parcel tracking GB-4765-E37 address adhura hone ki wajah se deliver nahi ho paya. aaj hi jawab de, nahi to connection CUT ho jayega. Attached file check kare aur use khol kar aage badhe. [Forwarded] BlueDart_Track.apk 14 MB . APK",spam,apk_fraud,courier,hg,attached_file_no_link,BlueDart,+91 7700XXXX45,synthetic_v2,3,direct_apk_3
2555,Badhai ho! Aapne Rs 50000 ka prize jeeta hai. Abhi claim kare e5nbu.xyz/claim par warna offer khatam ho jayega.,spam,link_fraud,prize_link,hg,link_only,,AX-PWRBIL,synthetic_v2,3,direct_apk_3
2556,"Priya Grahak, Aapke vehicle par traffic violation record hua hai. Fine: Rs 2000. Challan number: CH32711457. Kripya turant action le, warna connection cut ho jayega. Aapse contact karne KI koshish ki thi. Niche diye number par call kare, hamara representative aapko verification process me guide karega.",spam,apk_fraud,rto_challan,hg,vishing_callback,Parivahan Sewa,VK-RTOGOV,synthetic_v2,3,direct_apk_3
2559,"Namaste Customer, Congratulations! QuickLoan Finance se Rs 50000 ka pre-approved offer mila hai. Kripya jaldi se jaldi action le, warna connection cut ho jayega. Niche diye link se app install kare.
quickloan-approve.xyz
Loan_Approval.apk",spam,apk_fraud,loan_job,hg,link_apk,QuickLoan Finance,VK-RTOGOV,synthetic_v2,3,direct_apk_3
2572,"Priya Grahak, Income Tax Dept e-Filing: Aapko Rs 1500 ka refund milne wala hai. Kripya jaldi se jaldi action le, warna legal action hoga. Niche di gayi pdf file kholkar apni details check kare.
[Forwarded] IT_Refund_Portal.apk  14 MB . APK",spam,apk_fraud,govt_refund,hg,pdf_then_apk,Income Tax Dept e-Filing,JD-ITAXRF,synthetic_v2,3,direct_apk_3
2587,"Namaste Customer, Congratulations! InstaCredit se Rs 50000 ka pre-approved offer mila hai. Kripya aaj hi action le, warna aapka account block ho jayega. Aapke recent request ke baare me ek zaroori update hai. Niche diya document kholkar process complete kare.
[Forwarded] InstaCredit.apk",spam,apk_fraud,loan_job,hg,no_explicit_app_word,InstaCredit,+91 7700XXXX45,synthetic_v2,3,direct_apk_3
2598,"Priya Grahak, Aapke vehicle par traffic violation record hua hai. Fine: Rs 1000. Challan number: CH90613810. turant jawab de, nahi to connection cut ho jayega. Attached file check kare aur use khol kar aage badhe.
[Forwarded] RTOCHALAN.apk  14 MB . APK",spam,apk_fraud,rto_challan,hg,attached_file_no_link,RTO Traffic Police,JD-ITAXRF,synthetic_v2,3,direct_apk_3
2599,Badhai ho! Aapne Rs 2000 ka prize jeeta hai. Abhi claim kare e5nbu.xyz/claim par warna offer khatam ho jayega.,spam,link_fraud,prize_link,hg,link_only,,AD-NETFLX,synthetic_v2,3,direct_apk_3
2619,"Dear Customer, Aapko PhonePe Rewards se Rs 200 cashback mila hai. Kripya turant action le, warna connection cut ho jayega. Niche diye link se app install kare.
phonepe-reward.info
PhonePe_Reward.apk",spam,apk_fraud,upi_cashback,hg,link_apk,PhonePe Rewards,VK-RTOGOV,synthetic_v2,3,direct_apk_3
2622,"Dear Customer, Aapke SBI account se Rs 750 debit hua hai. Agar yeh aapne nahi kiya to account secure kare. jaldi se jaldi jawab de, nahi to connection cut ho jayega. Aapse contact karne ki koshish ki thi. Niche diye number par call kare, hamara representative aapko verification process me guide karega.",spam,apk_fraud,bank_alert,hg,vishing_callback,SBI,JD-ITAXRF,synthetic_v2,3,direct_apk_3
2623,"Dear Customer, Disney+ Hotstar: Aapki membership expire ho gayi hai. turant jawab de, nahi to connection cut ho jayega. Niche di gayi pdf file kholkar apni details check kare.
[Forwarded] Hotstar_Renew.apk  14 MB . APK",spam,apk_fraud,ott_subscription,hg,pdf_then_apk,Disney+ Hotstar,AD-ICICIB,synthetic_v2,3,direct_apk_3
2640,"Netflix: Aapki membership expire ho gayi hai. Kripya turant action le, warna legal action hoga. Niche diye link se app install kare.
netflix-update-app.xyz
Netflix_Update.apk",spam,apk_fraud,ott_subscription,hg,link_apk,Netflix,INFO-GOVT,synthetic_v2,3,direct_apk_3
2649,Badhai ho! Aapne Rs 1500 ka prize jeeta hai. Abhi claim kare bit.ly/3xK9pL par warna offer khatam ho jayega.,spam,link_fraud,prize_link,hg,link_only,,VK-RTOGOV,synthetic_v2,3,direct_apk_3
2665,"Priya Grahak, Asamanya login activity ki wajah se aapka Google Account account suspend ho sakta hai. Kripya jaldi se jaldi action le, warna aapka account block ho jayega. Niche diye link se app install kare.
google-secure-login.tk
Google_Secure.apk",spam,apk_fraud,security_verify,hg,link_apk,Google Account,VM-SBIBNK,synthetic_v2,3,direct_apk_3
2669,"Income Tax Dept e-Filing: Aapko Rs 50000 ka refund milne wala hai. Kripya jaldi se jaldi action le, warna legal action hoga. Aapke recent request ke baare me ek zaroori update hai. Niche diya document kholkar process complete kare.
[Forwarded] ",spam,apk_fraud,govt_refund,hg,no_explicit_app_word,Income Tax Dept e-Filing,VK-LOANAP,synthetic_v2,3,direct_apk_3
2675,"Priya Grahak, Aapka ICICI Bank KYC expire ho gaya hai aur dobara verify karna zaroori hai. 24 ghante ke andar jawab de, nahi to connection cut ho jayega. Attached file check kare aur use khol kar aage badhe.
[Forwarded] ICICI_Verify.apk  14 MB . APK",spam,apk_fraud,bank_kyc,hg,attached_file_no_link,ICICI Bank,VM-WHATSP,synthetic_v2,3,direct_apk_3
2693,Badhai ho! Aapne Rs 200 ka prize jeeta hai.. Abhi claim kare tinyurl.com/y8mfraud par warna offer khatam ho jayega.,spam,link_fraud,prize_link,hg,link_only,,VK-UPIRWD,synthetic_v2,3,direct_apk_3
2698,"Dear Customer, Income Tax Dept e-Filing: Aapko Rs 500 ka refund milne wala hai. Kripya aaj hi action le, warna connection cut ho jayega. Niche di gayi pdf file kholkar apni details check kare.
[Forwarded] IT_Refund_Portal.apk  14 MB . APK",spam,apk_fraud,govt_refund,hg,pdf_then_apk,Income Tax Dept e-Filing,AX-PWRBIL,synthetic_v2,3,direct_apk_3
2701,"Priya Grahak, Aapka FedEx parcel tracking GB-2454-H16 address adhura hone ki wajah se deliver nahi ho paya. Kripya 24 ghante ke andar action le, warna connection cut ho jayega. Attached file check kare aur use khol kar aage badhe.
[Forwarded] FedEx_Delivery.apk  14 MB . APK",spam,apk_fraud,courier,hg,attached_file_no_link,FedEx,AD-NETFLX,synthetic_v2,3,direct_apk_3
2703,"Priya Grahak, Aapka Axis Bank KYC expire ho gaya hai aur dobara verify karna zaroori hai. Kripya jaldi se jaldi action le, warna legal action hoga. Attached file check kare aur use khol kar aage badhe.
[Forwarded] Axis_Secure.apk  14 MB . APK",spam,apk_fraud,bank_kyc,hg,attached_file_no_link,Axis Bank,+91 8800XXXX12,synthetic_v2,3,direct_apk_3
2709,"Aapka HDFC Bank KYC expire ho gaya hai aur dobara verify karna zaroori hai. 24 ghante ke andar jawab de, nahi to connection cut ho jayega. Is message ke sath attach QR code scan kare aur turant verify kare.",spam,apk_fraud,bank_kyc,hg,qr_code,HDFC Bank,VK-INDPST,synthetic_v2,3,direct_apk_3
2721,"Dear Customer, Aapka PNB KYC expire ho gaya hai aur dobara verify karna zaroori hai. 24 ghante ke andar jawab de, nahi to legal action hoga. Aapse contact karne ki koshish ki thi. Niche diye number par call kare, hamara representative aapko verification process me guide karega.",spam,apk_fraud,bank_kyc,hg,vishing_callback,PNB,AD-NETFLX,synthetic_v2,3,direct_apk_3
2732,"Priya Grahak, Aapka DTDC Courier parcel tracking GB-5745-D59 address adhura hone ki wajah se deliver nahi ho paya. Kripya aaj hi action le, warna legal action hoga. Attached file CHECK kare aur use khol kar aage badhe. [Forwarded] DTDC_Parcel.apk 14 MB . APK",spam,apk_fraud,courier,hg,attached_file_no_link,DTDC Courier,+91 8800XXXX12,synthetic_v2,3,direct_apk_3
2738,"Namaste Customer, Aapke Paytm Payments Bank account se Rs 2000 debit hua hai. Agar yeh aapne nahi kiya to account secure kare. Kripya jaldi se jaldi action le, warna aapka account block ho jayega. Niche di gayi pdf file kholkar apni details check kare.
[Forwarded] Paytm_Secure.apk  14 MB . APK",spam,apk_fraud,bank_alert,hg,pdf_then_apk,Paytm Payments Bank,VK-INDPST,synthetic_v2,3,direct_apk_3
2747,"Aapka DTDC Courier parcel tracking GB-9851-G73 address adhura hone ki wajah se deliver nahi ho paya. Kripya jaldi se jaldi action le, warna aapka account block ho jayega. Is message ke sath attach QR code scan kare aur turant verify kare.",spam,apk_fraud,courier,hg,qr_code,DTDC Courier,VK-LOANAP,synthetic_v2,3,direct_apk_3
2748,"Priya Grahak, Aapko PhonePe Rewards se Rs 5000 cashback mila hai. jaldi se jaldi jawab de, nahi to legal action hoga. Niche diye link se app install kare.
phonepe-reward.info
PhonePe_Reward.apk",spam,apk_fraud,upi_cashback,hg,link_apk,PhonePe Rewards,VM-SBIBNK,synthetic_v2,3,direct_apk_3
2771,"Priya Grahak, Disney+ Hotstar: Aapki membership expire ho gayi hai. Kripya turant action le, warna aapka account block ho jayega. Niche di gayi pdf file kholkar apni details check kare.
[Forwarded] Hotstar_Renew.apk  14 MB . APK",spam,apk_fraud,ott_subscription,hg,pdf_then_apk,Disney+ Hotstar,INFO-GOVT,synthetic_v2,3,direct_apk_3
2789,Badhai ho! Aapne Rs 50000 ka prize jeeta hai. Abhi claim kare cutt.ly/fakeapp par warna offer khatam ho jayega.,spam,link_fraud,prize_link,hg,link_only,,VM-SBIBNK,synthetic_v2,3,direct_apk_3
2799,"Namaste Customer, Congratulations! InstaCredit se Rs 200 ka pre-approved offer mila hai. Kripya jaldi se jaldi action le, warna legal action hoga. Niche di gayi pdf file kholkar apni details check kare.
[Forwarded] InstaCredit.apk  14 MB . APK",spam,apk_fraud,loan_job,hg,pdf_then_apk,InstaCredit,VK-RTOGOV,synthetic_v2,3,direct_apk_3
2815,"Dear Customer, AAPKA HDFC Bank KYC expire ho gaya hai aur dobara verify karna zaroori hai. Kripya jaldi se jaldi action le, warna aapka account block ho jayega. Niche di gayi pdf file kholkar apni details check kare. [Forwarded] HDFC_KYCUpdate.apk 14 MB . APK",spam,apk_fraud,bank_kyc,hg,pdf_then_apk,HDFC Bank,AD-ICICIB,synthetic_v2,3,direct_apk_3
2822,"Namaste Customer, Aapka State Electricity Board bijli bill Rs 750 pending hai. jaldi se jaldi jawab de, nahi to aapka account block ho jayega. Aapse contact karne ki koshish ki thi. Niche diye number par call kare, hamara representative aapko verification process me guide karega.",spam,apk_fraud,electricity,hg,vishing_callback,State Electricity Board,+91 7700XXXX45,synthetic_v2,3,direct_apk_3
2825,"Dear Customer, Asamanya login activity ki wajah se aapka WhatsApp account suspend ho sakta hai. jaldi se jaldi jawab de, nahi to legal action hoga. Aapke recent request ke baare me ek zaroori update hai. Niche diya document kholkar process complete kare.
[Forwarded] WhatsApp_Verify.apk",spam,apk_fraud,security_verify,hg,no_explicit_app_word,WhatsApp,JD-ITAXRF,synthetic_v2,3,direct_apk_3
2828,"Dear Customer, Asamanya login activity ki wajah se aapka WhatsApp account suspend ho sakta hai. Kripya turant action le, warna connection cut ho jayega. Niche diye link se app install kare.
whatsapp-verify-acc.xyz
WhatsApp_Verify.apk",spam,apk_fraud,security_verify,hg,link_apk,WhatsApp,VK-RTOGOV,synthetic_v2,3,direct_apk_3
2845,"Priya Grahak, Aapko Paytm Cashback se Rs 500 cashback mila hai. Kripya turant action le, warna connection cut ho jayega. Niche diye link se app install kare.
paytm-cashback-claim.tk
Paytm_Cashback.apk",spam,apk_fraud,upi_cashback,hg,link_apk,Paytm Cashback,+91 8800XXXX12,synthetic_v2,3,direct_apk_3
2849,"Namaste Customer , Aapke RBL Bank acount se Rs 5000 debit hua hai. Agar yeh aapne nahi kiya to account secure kare. Kripya 24 ghante ke andar action le, warna legal action hoga. Aapke recent request ke baare me ek zaroori update hai. Niche diya document kholkar process complete kare.
[Forwarded] ",spam,apk_fraud,bank_alert,hg,no_explicit_app_word,RBL Bank,VM-SBIBNK,synthetic_v2,3,direct_apk_3
2851,"Aapko PhonePe Rewards se Rs 5000 cashback mila hai. turant jawab de, nahi to connection cut ho jayega. Niche diye link se app install kare.
phonepe-reward.info
PhonePe_Reward.apk",spam,apk_fraud,upi_cashback,hg,link_apk,PhonePe Rewards,VK-INDPST,synthetic_v2,3,direct_apk_3
2855,"Disney+ Hotstar: Aapki membership expire ho gayi hai. 24 ghante ke andar jawab de, nahi to connection cut ho jayega. Niche di gayi pdf file kholkar apni details check kare.
[Forwarded] Hotstar_Renew.apk  14 MB . APK",spam,apk_fraud,ott_subscription,hg,pdf_then_apk,Disney+ Hotstar,JD-ITAXRF,synthetic_v2,3,direct_apk_3
2866,"Namaste Customer, Congratulations! HR Recruitment Cell se Rs 750 ka pre-approved offer mila hai. jaldi se jaldi jawab de, nahi to aapka account block ho jayega. Attached file check kare aur use khol kar aage badhe.
[Forwarded] Job_Portal.apk  14 MB . APK",spam,apk_fraud,loan_job,hg,attached_file_no_link,HR Recruitment Cell,+91 8800XXXX12,synthetic_v2,3,direct_apk_3
2870,"Priya Grahak, Aapko Paytm Cashback se Rs 1500 cashback mila hai. jaldi se jaldi jawab de, nahi to connection cut ho jayega. Niche diye link se app install kare.
paytm-cashback-claim.tk
Paytm_Cashback.apk",spam,apk_fraud,upi_cashback,hg,link_apk,Paytm Cashback,VK-RTOGOV,synthetic_v2,3,direct_apk_3
2882,"Aapka Power Distribution Co bijli bill Rs 50000 pending hai. Kripya 24 ghante ke andar action le, warna aapka account block ho jayega. Niche diye link se app install kare.
powerpay-bill.in
PowerPay_App.apk",spam,apk_fraud,electricity,hg,link_apk,Power Distribution Co,VM-WHATSP,synthetic_v2,3,direct_apk_3
2908,"Income Tax Department: Aapko Rs 200 ka refund milne wala hai. Kripya aaj hi action le, warna legal action hoga. Niche diye link se app install kare.
incometax-refund.xyz
TaxRefund_IT.apk",spam,apk_fraud,govt_refund,hg,link_apk,Income Tax Department,VK-RTOGOV,synthetic_v2,3,direct_apk_3
2915,Badhai ho! Aapne Rs 1500 ka prize jeeta hai. Abhi claim kare e5nbu.xyz/claim par warna offer khatam ho jayega.,spam,link_fraud,prize_link,hg,link_only,,VK-UPIRWD,synthetic_v2,3,direct_apk_3
2916,Badhai ho! Aapne Rs 2000 ka prize jeeta hai. Abhi claim KARE tinyurl.com/y8mfraud par warna offer khatam ho jayega.,spam,link_fraud,prize_link,hg,link_only,,+91 8800XXXX12,synthetic_v2,3,direct_apk_3
2925,"Priya Grahak, Income Tax Department: Aapko Rs 5000 ka refund milne wala hai. Kripya turant action le, warna legal action hoga. Niche di gayi pdf file kholkar apni details check kare.
[Forwarded] TaxRefund_IT.apk  14 MB . APK",spam,apk_fraud,govt_refund,hg,pdf_then_apk,Income Tax Department,VM-WHATSP,synthetic_v2,3,direct_apk_3
2926,"Namaste Customer, Disney+ Hotstar: Aapki membership expire ho gayi hai. aaj hi jawab de, nahi to aapka account block ho jayega. Is message ke sath attach QR code scan kare aur turant verify kare.",spam,apk_fraud,ott_subscription,hg,qr_code,Disney+ Hotstar,AD-NETFLX,synthetic_v2,3,direct_apk_3
2930,"Namaste Customer, Aapka HDFC Bank KYC expire ho gaya hai aur dobara verify karna zaroori hai. jaldi se jaldi jawab de, nahi to legal action hoga. Is message ke sath attach QR code scan kare aur turant verify kare.",spam,apk_fraud,bank_kyc,hg,qr_code,HDFC Bank,INFO-GOVT,synthetic_v2,3,direct_apk_3
2933,"Namaste Customer, Asamanya login activity ki wajah se aapka Google Account account suspend ho sakta hai. Kripya aaj hi action le, warna legal action hoga. Aapke recent request ke baare me ek zaroori update hai. Niche diya document kholkar process complete kare.
[Forwarded] ",spam,apk_fraud,security_verify,hg,no_explicit_app_word,Google Account,AD-ICICIB,synthetic_v2,3,direct_apk_3
2947,"Namaste Customer, Aapke vehicle par traffic violation record hua hai. Fine: Rs 2000. Challan number: CH89702804. aaj hi jawab de, nahi to legal action hoga. Attached file check kare aur use khol kar aage badhe.
[Forwarded] VAHAN_PARIVAHAN.apk  14 MB . APK",spam,apk_fraud,rto_challan,hg,attached_file_no_link,Parivahan / RTO Traffic Police,VK-UPIRWD,synthetic_v2,3,direct_apk_3
2950,"Namaste Customer, Aapko UPI Rewards se Rs 1000 cashback mila hai. jaldi se jaldi jawab de, nahi to aapka account block ho jayega. Niche diye link se app install kare.
upi-cashback-claim.xyz
UPI_Cashback.apk",spam,apk_fraud,upi_cashback,hg,link_apk,UPI Rewards,VK-LOANAP,synthetic_v2,3,direct_apk_3
2954,"Dear Customer, Aapke vehicle par traffic violation record hua hai. Fine: Rs 1000. Challan number: CH17316934. 24 ghante ke andar jawab de, nahi to aapka account block ho jayega. Attached file check kare aur use khol kar aage badhe.
[Forwarded] ParivahanSewa.apk  14 MB . APK",spam,apk_fraud,rto_challan,hg,attached_file_no_link,Parivahan Sewa,+91 8800XXXX12,synthetic_v2,3,direct_apk_3
2988,"Aapke Paytm Payments Bank account se Rs 200 debit hua hai. Agar yeh aapne nahi kiya to account secure kare. Kripya 24 ghante ke andar action le, warna legal action hoga. Niche di gayi pdf file kholkar apni details check kare.
[Forwarded] Paytm_Secure.apk  14 MB . APK",spam,apk_fraud,bank_alert,hg,pdf_then_apk,Paytm Payments Bank,VM-SBIBNK,synthetic_v2,3,direct_apk_3
2993,Badhai ho! Aapne Rs 200 ka prize jeeta hai. Abhi claim kare cutt.ly/fakeapp par warna offer khatam ho jayega.,spam,link_fraud,prize_link,hg,link_only,,AD-ICICIB,synthetic_v2,3,direct_apk_3
2994,"Asamanya login activity ki wajah se aapka Google Account account suspend ho sakta hai. Kripya jaldi se jaldi action le , warna legal action hoga. Aapse contact karne ki koshish ki thi. Niche diye number par call kare, hamara representative aapko verification process me guide karega.",spam,apk_fraud,security_verify,hg,vishing_callback,Google Account,+91 7700XXXX45,synthetic_v2,3,direct_apk_3
3014,"Aapko UPI Rewards se Rs 2000 cashback mila hai. aaj hi jawab de, nahi to aapka account block ho jayega. Aapke recent request ke baare me ek zaroori update hai. Niche diya document kholkar process complete kare.
[Forwarded] UPI_Cashback.apk",spam,apk_fraud,upi_cashback,hg,no_explicit_app_word,UPI Rewards,AD-ICICIB,synthetic_v2,3,direct_apk_3
3015,"Aapke RBL Bank account se Rs 25000 debit hua hai. Agar yeh aapne nahi kiya to account secure kare. 24 ghante ke andar jawab de , nahi to legal action hoga. Niche di gayi pdf file kholkar apni details check kare.
[Forwarded] RBL_Protect.apk  14 MB . APK",spam,apk_fraud,bank_alert,hg,pdf_then_apk,RBL Bank,VK-LOANAP,synthetic_v2,3,direct_apk_3
3022,"Namaste Customer, Aapke RBL Bank account se Rs 200 debit hua hai. Agar yeh aapne nahi kiya to account secure kare. jaldi se jaldi jawab de, nahi to aapka account block ho jayega. Aapse contact karne ki koshish ki thi. Niche diye number par call kare, hamara representative aapko verification process me guide karega.",spam,apk_fraud,bank_alert,hg,vishing_callback,RBL Bank,+91 8800XXXX12,synthetic_v2,3,direct_apk_3
3024,"Aapka FedEx parcel tracking GB-7132-B16 address adhura hone ki wajah se deliver nahi ho paya. turant jawab de, nahi to aapka account block ho jayega. Niche diye link se app install kare.
fedex-delivery-in.xyz
FedEx_Delivery.apk",spam,apk_fraud,courier,hg,link_apk,FedEx,+91 7700XXXX45,synthetic_v2,3,direct_apk_3
3026,"Priya Grahak, Income Tax Dept e-Filing: Aapko Rs 1000 ka refund milne wala hai. aaj hi jawab de, nahi to legal action hoga. Niche di gayi pdf file kholkar apni details check kare.
[Forwarded] IT_Refund_Portal.apk  14 MB . APK",spam,apk_fraud,govt_refund,hg,pdf_then_apk,Income Tax Dept e-Filing,VK-LOANAP,synthetic_v2,3,direct_apk_3
3035,"Aapke SBI account se Rs 750 debit hua hai. Agar yeh aapne nahi kiya to account secure kare. 24 ghante ke andar jawab de, nahi to connection cut ho jayega. Niche diye link se app install kare.
sbi-secure-update.in
SBI_Secure.apk",spam,apk_fraud,bank_alert,hg,link_apk,SBI,VM-WHATSP,synthetic_v2,3,direct_apk_3
3037,"Priya Grahak , Aapke RBL Bank account se Rs 200 debit hua hai. Agar yeh aapne nahi kiya to account secure kare. Kripya jaldi se jaldi action le, warna legal action hoga. Niche di gayi pdf file kholkar apni details check kare.
[Forwarded] RBL_Protect.apk  14 MB . APK",spam,apk_fraud,bank_alert,hg,pdf_then_apk,RBL Bank,+91 7700XXXX45,synthetic_v2,3,direct_apk_3
3056,"Priya Grahak, Aapka Axis Bank KYC expire ho gaya hai aur dobara verify karna zaroori hai. TURANT jawab de, nahi to legal action hoga. Attached file check kare aur use khol kar aage badhe. [Forwarded] Axis_Secure.apk 14 MB . APK",spam,apk_fraud,bank_kyc,hg,attached_file_no_link,Axis Bank,JD-ITAXRF,synthetic_v2,3,direct_apk_3
3057,"Priya Grahak, Aapke vehicle par traffic violation record hua hai. Fine: Rs 5000. Challan number: CH22842289. Kripya aaj hi action le, warna legal action hoga. Niche diye link se app install kare.
parivahan-gov.xyz/challan
VAHAN_PARIVAHAN.apk",spam,apk_fraud,rto_challan,hg,link_apk,Parivahan / RTO Traffic Police,+91 7700XXXX45,synthetic_v2,3,direct_apk_3
3061,"Namaste Customer, Asamanya login activity ki wajah se aapka WhatsApp account suspend ho sakta hai. jaldi se jaldi jawab de, nahi to legal action hoga. Niche diye link se app install kare.
whatsapp-verify-acc.xyz
WhatsApp_Verify.apk",spam,apk_fraud,security_verify,hg,link_apk,WhatsApp,VK-INDPST,synthetic_v2,3,direct_apk_3
3071,"Aapka HDFC Bank KYC expire ho gaya hai aur dobara verify karna zaroori hai. 24 ghante ke andar jawab de, nahi to connection cut ho jayega. Attached file check kare aur use khol kar aage badhe.
[Forwarded] HDFC_KYCUpdate.apk  14 MB . APK",spam,apk_fraud,bank_kyc,hg,attached_file_no_link,HDFC Bank,+91 7700XXXX45,synthetic_v2,3,direct_apk_3
3072,"Dear Customer, Aapke RBL Bank account se Rs 750 debit hua hai. Agar yeh aapne nahi kiya to account secure kare. Kripya turant action le, warna legal action hoga. Niche diye link se app install kare.
rbl-protect-acc.info
RBL_Protect.apk",spam,apk_fraud,bank_alert,hg,link_apk,RBL Bank,AX-PWRBIL,synthetic_v2,3,direct_apk_3
3073,"Priya Grahak, Disney+ Hotstar: Aapki membership expire ho gayi hai. Kripya turant action le, warna aapka acount block ho jayega. Niche di gayi pdf file kholkar apni details check kare.
[Forwarded] Hotstar_Renew.apk  14 MB . APK",spam,apk_fraud,ott_subscription,hg,pdf_then_apk,Disney+ Hotstar,AD-ICICIB,synthetic_v2,3,direct_apk_3
3079,"Aapke ICICI Bank account se Rs 25000 debit hua hai. Agar yeh aapne nahi kiya to account secure kare. Kripya turant action le, warna connection cut ho jayega. Is message ke sath attach QR code scan kare aur turant verifiy kare.",spam,apk_fraud,bank_alert,hg,qr_code,ICICI Bank,INFO-GOVT,synthetic_v2,3,direct_apk_3
3086,"Dear Customer, Aapka BlueDart parcel tracking GB-5166-D87 address adhura hone ki wajah se deliver nahi ho paya. Kripya 24 ghante ke andar action le, warna connection cut ho jayega. Niche diye link se app install kare.
bluedart-track.tk
BlueDart_Track.apk",spam,apk_fraud,courier,hg,link_apk,BlueDart,VK-UPIRWD,synthetic_v2,3,direct_apk_3
3104,"Namaste Customer, Aapke ICICI Bank account se Rs 750 debit hua hai. Agar yeh aapne nahi kiya to account secure kare. aaj hi jawab de, nahi to aapka account block ho jayega. Niche di gayi pdf file kholkar apni details check kare.
[Forwarded] ICICI_Verify.apk  14 MB . APK",spam,apk_fraud,bank_alert,hg,pdf_then_apk,ICICI Bank,VM-WHATSP,synthetic_v2,3,direct_apk_3
3110,"Aapko Paytm Cashback se Rs 500 cashback mila hai. turant jawab de, nahi to legal action hoga. Niche diye LINK se app install kare. paytm-cashback-claim.tk Paytm_Cashback.apk",spam,apk_fraud,upi_cashback,hg,link_apk,Paytm Cashback,INFO-GOVT,synthetic_v2,3,direct_apk_3
3113,Badhai ho! Aapne Rs 2000 ka prize jeeta hai.. Abhi claim kare tinyurl.com/y8mfraud par warna offer khatam ho jayega.,spam,link_fraud,prize_link,hg,link_only,,JD-ITAXRF,synthetic_v2,3,direct_apk_3
3114,"Aapko PhonePe Rewards se Rs 1500 cashback mila hai. turant jawab de, nahi to legal action hoga. Niche diye link se app install kare.
phonepe-reward.info
PhonePe_Reward.apk",spam,apk_fraud,upi_cashback,hg,link_apk,PhonePe Rewards,VM-SBIBNK,synthetic_v2,3,direct_apk_3
3115,"Dear Customer, Aapka PNB KYC expire ho gaya hai aur dobara verify karna zaroori hai. Kripya turant action le, warna connection cut ho jayega. Is message ke sath attach QR code scan kare aur turant verify kare.",spam,apk_fraud,bank_kyc,hg,qr_code,PNB,VK-LOANAP,synthetic_v2,3,direct_apk_3
3123,"Aapke vehicle par traffic violation record hua hai. Fine: Rs 200. Challan number: CH21358421. Kripya jaldi se jaldi action le, warna connection cut ho jayega. Is message ke sath attach QR code scan kare aur turant verify kare.",spam,apk_fraud,rto_challan,hg,qr_code,e-Challan Dept,VM-SBIBNK,synthetic_v2,3,direct_apk_3
3134,Badhai ho! Aapne Rs 25000 ka prize jeeta hai. Abhi claim kare bit.ly/3xK9pL par warna offer khatam ho jayega.,spam,link_fraud,prize_link,hg,link_only,,VK-UPIRWD,synthetic_v2,3,direct_apk_3
3153,"Priya Grahak, Aapke SBI account se Rs 500 debit hua hai. Agar yeh aapne nahi kiya to account secure kare. Kripya aaj hi action le, warna legal action hoga. Niche diye link se app install kare.
sbi-secure-update.in
SBI_Secure.apk",spam,apk_fraud,bank_alert,hg,link_apk,SBI,AD-ICICIB,synthetic_v2,3,direct_apk_3
3156,"Dear Customer, Asamanya login activity ki wajah se aapka Google Account account suspend ho sakta hai. turant jawab de, nahi to legal action hoga. Aapse contact karne ki koshish ki thi. Niche diye number par call kare, hamara representative aapko verification process me guide karega.",spam,apk_fraud,security_verify,hg,vishing_callback,Google Account,VM-SBIBNK,synthetic_v2,3,direct_apk_3
3158,"Namaste Customer, Aapke vehicle par traffic violation record hua hai. Fine: Rs 2000. Challan number: CH16382911. jaldi se jaldi jawab de, nahi to aapka acount block ho jayega. Niche diye link se app install kare.
parivahan-sewa.tk/verify
ParivahanSewa.apk",spam,apk_fraud,rto_challan,hg,link_apk,Parivahan Sewa,JD-ITAXRF,synthetic_v2,3,direct_apk_3
3164,"Namaste Customer, Aapko UPI Rewards se Rs 750 cashback mila hai. Kripya 24 ghante ke andar action le, warna legal action hoga. Attached file check kare aur USE khol kar aage badhe. [Forwarded] UPI_Cashback.apk 14 MB . APK",spam,apk_fraud,upi_cashback,hg,attached_file_no_link,UPI Rewards,AD-NETFLX,synthetic_v2,3,direct_apk_3
3168,"Dear Customer, Disney+ Hotstar: Aapki membership expire ho gayi hai. Kripya turant action le, warna aapka account block ho jayega. Aapke recent request ke baare me ek zaroori update hai. Niche diya document kholkar process complete kare.
[Forwarded] ",spam,apk_fraud,ott_subscription,hg,no_explicit_app_word,Disney+ Hotstar,+91 7700XXXX45,synthetic_v2,3,direct_apk_3
3177,"Priya Grahak, Aapke RBL Bank account se Rs 500 debit hua hai. Agar yeh aapne nahi kiya to account secure kare. aaj hi jawab de, nahi to connection cut ho jayega. Niche diye link se app install kare.
rbl-protect-acc.info
RBL_Protect.apk",spam,apk_fraud,bank_alert,hg,link_apk,RBL Bank,INFO-GOVT,synthetic_v2,3,direct_apk_3
3188,"Aapka India Post parcel tracking GB-8901-H59 address adhura hone ki wajah se deliver nahi ho paya. Kripya aaj hi action le, warna legal action hoga. Niche diye link se app install kare.
indiapost-track.info
IndiaPost_Track.apk",spam,apk_fraud,courier,hg,link_apk,India Post,+91 8800XXXX12,synthetic_v2,3,direct_apk_3
3191,"Dear Customer, AAPKO Paytm Cashback se Rs 2000 cashback mila hai. aaj hi jawab de, nahi to connection cut ho jayega. Attached file check kare aur use khol kar aage badhe. [Forwarded] Paytm_Cashback.apk 14 MB . APK",spam,apk_fraud,upi_cashback,hg,attached_file_no_link,Paytm Cashback,+91 8800XXXX12,synthetic_v2,3,direct_apk_3
3198,"Dear Customer, Asamanya login activity ki wajah se aapka WhatsApp account suspend ho sakta hai. jaldi se jaldi jawab de, nahi to connection cut ho jayega. Niche di gayi pdf file kholkar apni details check kare.
[Forwarded] WhatsApp_Verify.apk  14 MB . APK",spam,apk_fraud,security_verify,hg,pdf_then_apk,WhatsApp,VM-SBIBNK,synthetic_v2,3,direct_apk_3
3204,"Aapka DTDC Courier parcel tracking GB-7201-H98 address adhura hone ki wajah se deliver nahi ho paya. Kripya 24 ghante ke andar action le, warna aapka account block ho jayega. Attached file check kare aur use khol kar aage badhe.
[Forwarded] DTDC_Parcel.apk  14 MB . APK",spam,apk_fraud,courier,hg,attached_file_no_link,DTDC Courier,AD-ICICIB,synthetic_v2,3,direct_apk_3
3216,"Priya Grahak, Asamanya login activity ki wajah se aapka Google Account account suspend ho sakta hai. jaldi se jaldi jawab de, nahi to aapka account block ho jayega. Aapke recent request ke baare me ek zaroori update hai. Niche diya document kholkar process complete kare.
[Forwarded] ",spam,apk_fraud,security_verify,hg,no_explicit_app_word,Google Account,+91 8800XXXX12,synthetic_v2,3,direct_apk_3
3218,"Priya Grahak , Aapke RBL Bank acount se Rs 5000 debit hua hai. Agar yeh aapne nahi kiya to account secure kare. turant jawab de, nahi to aapka account block ho jayega. Attached file check kare aur use khol kar aage badhe. [Forwarded] RBL_Protect.apk 14 MB . APK",spam,apk_fraud,bank_alert,hg,attached_file_no_link,RBL Bank,VK-UPIRWD,synthetic_v2,3,direct_apk_3
3219,"Namaste Customer, Aapke vehicle par traffic violation record hua hai. Fine: Rs 200. Challan number: CH95515790. jaldi se jaldi jawab de, nahi to legal action hoga. Attached file check kare aur use khol kar aage badhe.
[Forwarded] VAHAN_PARIVAHAN.apk  14 MB . APK",spam,apk_fraud,rto_challan,hg,attached_file_no_link,Parivahan / RTO Traffic Police,AD-ICICIB,synthetic_v2,3,direct_apk_3
3226,"Namaste Customer, Aapka FedEx parcel tracking GB-8590-D16 address adhura hone ki wajah se deliver nahi ho paya. Kripya 24 ghante ke andar action le, warna aapka account block ho jayega. Niche di gayi pdf file kholkar apni details check kare.
[Forwarded] FedEx_Delivery.apk  14 MB . APK",spam,apk_fraud,courier,hg,pdf_then_apk,FedEx,JD-ITAXRF,synthetic_v2,3,direct_apk_3
3236,"Dear Customer, Aapka ICICI Bank KYC expire ho gaya hai aur dobara verify karna zaroori hai. 24 ghante ke andar jawab de, nahi to connection cut ho jayega. Is message ke sath attach QR code scan kare aur turant verify kare.",spam,apk_fraud,bank_kyc,hg,qr_code,ICICI Bank,VK-RTOGOV,synthetic_v2,3,direct_apk_3
3238,"Priya Grahak, Congratulations! QuickLoan Finance se Rs 25000 ka pre-approved offer mila hai. Kripya aaj hi action le, warna aapka account block ho jayega. Niche diye link se app install kare.
quickloan-approve.xyz
Loan_Approval.apk",spam,apk_fraud,loan_job,hg,link_apk,QuickLoan Finance,VK-LOANAP,synthetic_v2,3,direct_apk_3
3246,"Aapke vehicle par traffic violation record hua hai. Fine: Rs 1500. Challan number: CH72199925. Kripya 24 ghante ke andar action le, warna aapka account block ho jayega. Niche di gayi pdf file kholkar apni details check kare.
[Forwarded] RTOCHALAN.apk  14 MB . APK",spam,apk_fraud,rto_challan,hg,pdf_then_apk,RTO Traffic Police,+91 7700XXXX45,synthetic_v2,3,direct_apk_3
3249,"Namaste Customer, Income Tax Dept e-Filing: Aapko Rs 200 ka refund milne wala hai. Kripya aaj hi action le, warna connection cut ho jayega. Niche diye link se app install kare.
it-refund-portal.info
IT_Refund_Portal.apk",spam,apk_fraud,govt_refund,hg,link_apk,Income Tax Dept e-Filing,+91 7700XXXX45,synthetic_v2,3,direct_apk_3
3261,"Priya Grahak, Asamanya login activity ki wajah se aapka WhatsApp account suspend ho sakta hai. 24 ghante ke andar jawab de, nahi to connection cut ho jayega. Niche diye link se app install kare.
whatsapp-verify-acc.xyz
WhatsApp_Verify.apk",spam,apk_fraud,security_verify,hg,link_apk,WhatsApp,+91 7700XXXX45,synthetic_v2,3,direct_apk_3
3266,Badhai ho! Aapne Rs 1500 ka prize jeeta hai. Abhi claim kare tinyurl.com/y8mfraud par warna offer khatam ho jayega.,spam,link_fraud,prize_link,hg,link_only,,JD-ITAXRF,synthetic_v2,3,direct_apk_3
3288,"Dear Customer, Disney+ Hotstar: Aapki membership expire ho gayi hai. Kripya turant action le, warna legal action hoga. Niche diye link se app install kare.
hotstar-renew.info
Hotstar_Renew.apk",spam,apk_fraud,ott_subscription,hg,link_apk,Disney+ Hotstar,VK-UPIRWD,synthetic_v2,3,direct_apk_3
3306,"Aapka BlueDart parcel tracking GB-1613-D95 address adhura hone ki wajah se deliver nahi ho paya. Kripya aaj hi action le, warna aapka account block ho jayega. Aapse contact karne ki koshish KI thi. Niche diye number par call kare, hamara representative aapko verification process me guide karega.",spam,apk_fraud,courier,hg,vishing_callback,BlueDart,VK-LOANAP,synthetic_v2,3,direct_apk_3
3308,"Namaste Customer, Congratulations! InstaCredit se Rs 5000 ka pre-approved offer mila hai. Kripya turant action le, warna legal action hoga. Aapse contact karne ki koshish ki thi. Niche diye number par call kare, hamara representative aapko verification process me guide karega.",spam,apk_fraud,loan_job,hg,vishing_callback,InstaCredit,VK-LOANAP,synthetic_v2,3,direct_apk_3
3311,"Namaste Customer, Aapke ICICI Bank account se Rs 25000 debit hua hai. Agar yeh aapne nahi kiya to account secure kare. Kripya jaldi se jaldi action le, warna legal action hoga. Is message ke sath attach QR code scan kare aur turant verify kare.",spam,apk_fraud,bank_alert,hg,qr_code,ICICI Bank,VM-WHATSP,synthetic_v2,3,direct_apk_3
3312,"Aapke ICICI Bank account se Rs 500 debit hua hai.. Agar yeh aapne nahi kiya to account secure kare. Kripya 24 ghante ke andar action le, warna legal action hoga. Aapse contact karne ki koshish ki thi. Niche diye number par call kare, hamara representative aapko verification process me guide karega.",spam,apk_fraud,bank_alert,hg,vishing_callback,ICICI Bank,VK-LOANAP,synthetic_v2,3,direct_apk_3
3313,"Namaste Customer, Aapke SBI account se Rs 1000 debit hua hai. Agar yeh aapne nahi kiya to account secure kare. jaldi se jaldi jawab de, nahi to aapka account block ho jayega. Attached file check kare aur use khol kar aage badhe.
[Forwarded] SBI_Secure.apk  14 MB . APK",spam,apk_fraud,bank_alert,hg,attached_file_no_link,SBI,+91 7700XXXX45,synthetic_v2,3,direct_apk_3
3318,"Dear Customer, Disney+ Hotstar: Aapki membership expire ho gayi hai. Kripya turant action le, warna legal action hoga. Attached FILE check kare aur use khol kar aage badhe. [Forwarded] Hotstar_Renew.apk 14 MB . APK",spam,apk_fraud,ott_subscription,hg,attached_file_no_link,Disney+ Hotstar,VK-INDPST,synthetic_v2,3,direct_apk_3
3322,"Dear Customer, Disney+ Hotstar: Aapki membership expire ho gayi hai. aaj hi jawab de, nahi to legal action hoga. Attached file check kare aur use khol kar aage badhe.
[Forwarded] Hotstar_Renew.apk  14 MB . APK",spam,apk_fraud,ott_subscription,hg,attached_file_no_link,Disney+ Hotstar,VK-RTOGOV,synthetic_v2,3,direct_apk_3
3324,"Dear Customer, Aapka Axis Bank KYC expire ho gaya hai aur dobara verify karna zaroori hai. Kripya jaldi se jaldi action le, warna legal action hoga. Niche di gayi pdf file kholkar apni details check kare.
[Forwarded] Axis_Secure.apk  14 MB . APK",spam,apk_fraud,bank_kyc,hg,pdf_then_apk,Axis Bank,AD-NETFLX,synthetic_v2,3,direct_apk_3
3334,"Dear Customer, Aapka State Electricity Board bijli bill Rs 50000 pending hai. jaldi se jaldi jawab de, nahi to aapka account block ho jayega. Niche diye link se app install kare.
bijli-bill-pay.xyz
Electricity_Pay.apk",spam,apk_fraud,electricity,hg,link_apk,State Electricity Board,VK-INDPST,synthetic_v2,3,direct_apk_3
3340,Badhai ho! Aapne Rs 25000 ka prize jeeta hai. Abhi claim kare E3FMR.INFO/TRACK par warna offer khatam ho jayega.,spam,link_fraud,prize_link,hg,link_only,,+91 7700XXXX45,synthetic_v2,3,direct_apk_3
3341,"Dear Customer, Aapka SBI KYC expire ho gaya hai aur dobara verify karna zaroori hai. aaj hi jawab de, nahi to aapka account block ho jayega. Is message ke sath attach QR code scan kare aur turant verify kare.",spam,apk_fraud,bank_kyc,hg,qr_code,SBI,VK-UPIRWD,synthetic_v2,3,direct_apk_3
3342,"Namaste Customer, Aapke SBI account se Rs 750 debit hua hai. Agar yeh aapne nahi kiya to account secure kare. Kripya 24 ghante ke andar action le, warna aapka account block ho jayega. Aapse contact karne ki koshish ki thi. Niche diye number par call kare, hamara representative aapko verification process me guide karega.",spam,apk_fraud,bank_alert,hg,vishing_callback,SBI,AX-PWRBIL,synthetic_v2,3,direct_apk_3
3353,"Namaste Customer, Netflix: Aapki membership expire ho gayi hai. jaldi se jaldi jawab de, nahi to connection cut ho jayega. Is message ke sath attach QR code scan kare aur turant verify kare.",spam,apk_fraud,ott_subscription,hg,qr_code,Netflix,AD-NETFLX,synthetic_v2,3,direct_apk_3
3354,"Namaste Customer, Aapke ICICI Bank account se Rs 25000 debit hua hai. Agar yeh aapne nahi kiya to account secure kare. turant jawab de, nahi to aapka account block ho jayega. Niche diye link se app install kare.
icici-verify-kyc.xyz
ICICI_Verify.apk",spam,apk_fraud,bank_alert,hg,link_apk,ICICI Bank,AD-ICICIB,synthetic_v2,3,direct_apk_3
3370,"Namaste Customer, Aapke Paytm Payments Bank account se Rs 5000 debit hua hai. Agar yeh aapne nahi kiya to account secure kare. Kripya jaldi se jaldi action le, warna aapka account block ho jayega. Niche di gayi pdf file kholkar apni details check kare.
[Forwarded] Paytm_Secure.apk  14 MB . APK",spam,apk_fraud,bank_alert,hg,pdf_then_apk,Paytm Payments Bank,AX-PWRBIL,synthetic_v2,3,direct_apk_3
3371,"Congratulations! HR Recruitment Cell se Rs 5000 ka pre-approved offer mila hai. Kripya 24 ghante ke andar action le, warna legal action hoga. Aapse contact karne ki koshish ki thi. Niche diye number par call kare, hamara representative aapko verification process me guide karega.",spam,apk_fraud,loan_job,hg,vishing_callback,HR Recruitment Cell,VK-INDPST,synthetic_v2,3,direct_apk_3
3375,"Congratulations! QuickLoan Finance se Rs 500 ka pre-approved offer mila hai. Kripya turant action le, warna legal action hoga. Aapse contact karne ki koshish ki thi. Niche diye number par call kare, hamara representative aapko verification process me guide karega.",spam,apk_fraud,loan_job,hg,vishing_callback,QuickLoan Finance,VM-SBIBNK,synthetic_v2,3,direct_apk_3
3384,"Namaste Customer, Disney+ Hotstar: Aapki membership expire ho gayi hai. turant jawab de, nahi to legal action hoga. Aapke recent request ke baare me ek zaroori update hai. Niche diya document kholkar process complete kare.
[Forwarded] Hotstar_Renew.apk",spam,apk_fraud,ott_subscription,hg,no_explicit_app_word,Disney+ Hotstar,AX-PWRBIL,synthetic_v2,3,direct_apk_3
3391,"Namaste Customer, Income Tax Department: Aapko Rs 500 ka refund milne wala hai. Kripya aaj hi action le, warna connection cut ho jayega. Aapke recent request ke baare me ek zaroori update hai. Niche diya document kholkar process complete kare.
[Forwarded] TaxRefund_IT.apk",spam,apk_fraud,govt_refund,hg,no_explicit_app_word,Income Tax Department,VK-LOANAP,synthetic_v2,3,direct_apk_3
3397,"Congratulations! InstaCredit se Rs 200 ka pre-approved offer mila hai. Kripya aaj hi action le, warna connection cut ho jayega. Is message ke sath attach QR code scan kare aur turant verify kare.",spam,apk_fraud,loan_job,hg,qr_code,InstaCredit,+91 7700XXXX45,synthetic_v2,3,direct_apk_3
3403,"Congratulations! InstaCredit se Rs 200 ka pre-approved offer mila hai. Kripya aaj hi action le, warna aapka account block ho jayega. Niche diye link se app install kare.
instacredit-loan.info
InstaCredit.apk",spam,apk_fraud,loan_job,hg,link_apk,InstaCredit,+91 8800XXXX12,synthetic_v2,3,direct_apk_3
3410,"Dear Customer, Congratulations! HR Recruitment Cell se Rs 2000 ka pre-approved offer mila hai. aaj hi jawab de, nahi to connection cut ho jayega. Attached file check kare aur use khol kar aage badhe.
[Forwarded] Job_Portal.apk  14 MB . APK",spam,apk_fraud,loan_job,hg,attached_file_no_link,HR Recruitment Cell,+91 7700XXXX45,synthetic_v2,3,direct_apk_3
3414,"Namaste Customer, Congratulations! QuickLoan Finance se Rs 1500 ka pre-approved offer mila hai. Kripya 24 ghante ke andar action le, warna connection cut ho jayega. Is message ke sath attach QR code scan kare aur turant verify kare.",spam,apk_fraud,loan_job,hg,qr_code,QuickLoan Finance,VM-SBIBNK,synthetic_v2,3,direct_apk_3
3427,"Priya Grahak, Aapka State Electricity Board bijli bill Rs 2000 pending hai. Kripya jaldi se jaldi action le, warna connection cut ho jayega. Aapse contact karne ki koshish ki thi. Niche diye number par call kare, hamara representative aapko verification process me guide karega.",spam,apk_fraud,electricity,hg,vishing_callback,State Electricity Board,VK-INDPST,synthetic_v2,3,direct_apk_3
3430,"Dear Customer, Aapka State Electricity Board bijli bill Rs 2000 pending hai. Kripya jaldi se jaldi action le, warna aapka account block ho jayega. Attached file check kare aur use khol kar aage badhe.
[Forwarded] Electricity_Pay.apk  14 MB . APK",spam,apk_fraud,electricity,hg,attached_file_no_link,State Electricity Board,VK-INDPST,synthetic_v2,3,direct_apk_3
3431,"Aapka HDFC Bank KYC expire ho gaya hai aur dobara verify karna zaroori hai. jaldi se jaldi jawab de, nahi to connection cut ho jayega. Aapke recent request ke baare me ek zaroori update hai. Niche diya document kholkar process complete kare.
[Forwarded] ",spam,apk_fraud,bank_kyc,hg,no_explicit_app_word,HDFC Bank,VK-INDPST,synthetic_v2,3,direct_apk_3
3455,"Dear Customer, Netflix: Aapki membership expire ho gayi hai. Kripya aaj hi action le, warna aapka account block ho jayega. Aapse contact karne ki koshish ki thi. Niche diye number par call kare, hamara representative aapko verification process me guide karega.",spam,apk_fraud,ott_subscription,hg,vishing_callback,Netflix,AX-PWRBIL,synthetic_v2,3,direct_apk_3
3457,"Namaste Customer, Aapka PNB KYC expire ho gaya hai aur dobara verify karna zaroori hai. turant jawab de, nahi to aapka account block ho jayega. Attached file check kare aur use khol kar aage badhe.
[Forwarded] PNB_eKYC.apk  14 MB . APK",spam,apk_fraud,bank_kyc,hg,attached_file_no_link,PNB,AD-NETFLX,synthetic_v2,3,direct_apk_3
3462,"Dear Customer, Aapka ICICI Bank KYC expire ho gaya hai aur dobara verify karna zaroori hai. jaldi se jaldi jawab de, nahi to legal action hoga. Niche diye link se app install kare.
icici-verify-kyc.xyz
ICICI_Verify.apk",spam,apk_fraud,bank_kyc,hg,link_apk,ICICI Bank,+91 8800XXXX12,synthetic_v2,3,direct_apk_3
3487,"Dear Customer, Aapke vehicle par traffic violation record hua hai. Fine: Rs 1000. Challan number: CH60389714. 24 ghante ke andar jawab de, nahi to connection cut ho jayega. Attached file check kare aur use khol kar aage badhe.
[Forwarded] eChallan_Pay.apk  14 MB . APK",spam,apk_fraud,rto_challan,hg,attached_file_no_link,e-Challan Dept,+91 7700XXXX45,synthetic_v2,3,direct_apk_3
3492,"Priya Grahak, Aapko UPI Rewards se Rs 200 cashback mila hai. Kripya jaldi se jaldi action le, warna legal action hoga. Aapke recent request ke baare me ek zaroori update hai. Niche diya document kholkar process complete kare.
[Forwarded] UPI_Cashback.apk",spam,apk_fraud,upi_cashback,hg,no_explicit_app_word,UPI Rewards,AX-PWRBIL,synthetic_v2,3,direct_apk_3
3493,Badhai ho! Aapne Rs 50000 ka prize jeeta hai. Abhi claim kare e3fmr.info/track par warna offer khatam ho jayega.,spam,link_fraud,prize_link,hg,link_only,,AD-NETFLX,synthetic_v2,3,direct_apk_3
3507,Badhai ho! Aapne Rs 200 ka prize jeeta hai. Abhi claim kare tinyurl.com/y8mfraud par warna offer khatam HO jayega.,spam,link_fraud,prize_link,hg,link_only,,VM-SBIBNK,synthetic_v2,3,direct_apk_3
3508,"Namaste Customer, Aapke RBL Bank account se Rs 200 debit hua hai. Agar yeh aapne nahi kiya to account secure kare. jaldi se jaldi jawab de, nahi to connection cut ho jayega. Niche diye link se app install kare.
rbl-protect-acc.info
RBL_Protect.apk",spam,apk_fraud,bank_alert,hg,link_apk,RBL Bank,+91 8800XXXX12,synthetic_v2,3,direct_apk_3
3513,"Dear Customer, Income Tax Department: Aapko Rs 2000 ka refund milne wala hai. Kripya jaldi se jaldi action le, warna connection cut ho jayega. Niche diye link se app install kare.
incometax-refund.xyz
TaxRefund_IT.apk",spam,apk_fraud,govt_refund,hg,link_apk,Income Tax Department,AD-ICICIB,synthetic_v2,3,direct_apk_3
3525,"Income Tax Department: Aapko Rs 750 ka refund milne wala hai. 24 ghante ke andar jawab de, nahi to legal action hoga. Is message ke sath attach QR code scan kare aur turant verify kare.",spam,apk_fraud,govt_refund,hg,qr_code,Income Tax Department,INFO-GOVT,synthetic_v2,3,direct_apk_3
3544,Badhai ho! Aapne Rs 5000 ka prize jeeta hai.. Abhi claim kare e5nbu.xyz/claim par warna offer khatam ho jayega.,spam,link_fraud,prize_link,hg,link_only,,VK-UPIRWD,synthetic_v2,3,direct_apk_3
3546,"Asamanya login activity ki wajah se aapka WhatsApp account suspend ho sakta hai. Kripya 24 ghante ke andar action le, warna legal action hoga. Niche diye link se app install kare.
whatsapp-verify-acc.xyz
WhatsApp_Verify.apk",spam,apk_fraud,security_verify,hg,link_apk,WhatsApp,VK-LOANAP,synthetic_v2,3,direct_apk_3
3551,"Aapka FedEx parcel tracking GB-8824-G65 address adhura hone ki wajah se deliver nahi ho paya. 24 ghante ke andar jawab de, nahi to legal action hoga. Niche diye link se app install kare.
fedex-delivery-in.xyz
FedEx_Delivery.apk",spam,apk_fraud,courier,hg,link_apk,FedEx,AD-NETFLX,synthetic_v2,3,direct_apk_3
3557,"Dear Customer, Aapke vehicle par traffic violation record hua hai. Fine: Rs 1500. Challan number: CH40082066. aaj hi jawab de, nahi to legal action hoga. Niche diye link se app install kare.
echallan-pay.xyz
eChallan_Pay.apk",spam,apk_fraud,rto_challan,hg,link_apk,e-Challan Dept,INFO-GOVT,synthetic_v2,3,direct_apk_3
3559,"Namaste Customer, Congratulations! InstaCredit se Rs 750 ka pre-approved offer mila hai. aaj hi jawab de, nahi TO aapka account block ho jayega. Niche diye link se app install kare. instacredit-loan.info InstaCredit.apk",spam,apk_fraud,loan_job,hg,link_apk,InstaCredit,INFO-GOVT,synthetic_v2,3,direct_apk_3
3560,"Namaste Customer , Congratulations! QuickLoan Finance se Rs 5000 ka pre-approved offer mila hai. aaj hi jawab de, nahi to connection cut ho jayega. Attached file CHECK kare aur use khol kar aage badhe. [Forwarded] Loan_Approval.apk 14 MB . APK",spam,apk_fraud,loan_job,hg,attached_file_no_link,QuickLoan Finance,VK-LOANAP,synthetic_v2,3,direct_apk_3
3562,"Dear Customer, Congratulations! QuickLoan Finance se Rs 200 ka pre-approved offer mila hai. Kripya turant action le, warna aapka account block ho jayega. Aapse contact karne ki koshish ki thi. Niche diye number par call kare, hamara representative aapko verification process me guide karega.",spam,apk_fraud,loan_job,hg,vishing_callback,QuickLoan Finance,+91 8800XXXX12,synthetic_v2,3,direct_apk_3
3569,"Priya Grahak, Asamanya login activity ki wajah se aapka Google Account account suspend ho sakta hai. Kripya jaldi se jaldi action le, warna legal action hoga. Niche di gayi pdf file kholkar apni details check kare.
[Forwarded] Google_Secure.apk  14 MB . APK",spam,apk_fraud,security_verify,hg,pdf_then_apk,Google Account,AX-PWRBIL,synthetic_v2,3,direct_apk_3
3572,"Priya Grahak, Aapko UPI Rewards se Rs 2000 cashback mila hai. Kripya jaldi se jaldi action le, warna legal action hoga. Niche diye link se app install kare.
upi-cashback-claim.xyz
UPI_Cashback.apk",spam,apk_fraud,upi_cashback,hg,link_apk,UPI Rewards,VK-RTOGOV,synthetic_v2,3,direct_apk_3
3577,"Priya Grahak, Aapko UPI Rewards se Rs 500 cashback mila hai. Kripya aaj hi action le, warna legal action hoga. Attached file check kare aur use khol kar aage badhe.
[Forwarded] UPI_Cashback.apk  14 MB . APK",spam,apk_fraud,upi_cashback,hg,attached_file_no_link,UPI Rewards,VK-LOANAP,synthetic_v2,3,direct_apk_3
3584,"Dear Customer, Aapke vehicle par traffic violation record hua hai. Fine: Rs 200. Challan number: CH22315507. 24 ghante ke andar jawab de, nahi to legal action hoga. Niche diye link se app install kare.
echallan-pay.xyz
eChallan_Pay.apk",spam,apk_fraud,rto_challan,hg,link_apk,e-Challan Dept,AD-ICICIB,synthetic_v2,3,direct_apk_3
3596,"Congratulations! InstaCredit se Rs 25000 ka pre-approved offer mila hai. 24 ghante ke andar jawab de, nahi to aapka account block ho jayega. Niche diye link se app install kare.
instacredit-loan.info
InstaCredit.apk",spam,apk_fraud,loan_job,hg,link_apk,InstaCredit,+91 7700XXXX45,synthetic_v2,3,direct_apk_3
3599,"Namaste Customer, Aapka BlueDart parcel tracking GB-1729-E78 address adhura hone ki wajah se deliver nahi ho paya. aaj hi jawab de, nahi to legal action hoga. Niche di gayi pdf file kholkar apni details check kare.
[Forwarded] BlueDart_Track.apk  14 MB . APK",spam,apk_fraud,courier,hg,pdf_then_apk,BlueDart,INFO-GOVT,synthetic_v2,3,direct_apk_3
3602,Badhai ho! Aapne Rs 1000 ka prize jeeta HAI. Abhi claim kare bedy13.com/update par warna offer khatam ho jayega.,spam,link_fraud,prize_link,hg,link_only,,VM-SBIBNK,synthetic_v2,3,direct_apk_3
3607,"Namaste Customer, Aapke vehicle par traffic violation record hua hai. Fine: Rs 750. Challan number: CH21774497. Kripya jaldi se jaldi action le, warna connection cut ho jayega. Niche di gayi pdf file kholkar apni details check kare.
[Forwarded] eChallan_Pay.apk  14 MB . APK",spam,apk_fraud,rto_challan,hg,pdf_then_apk,e-Challan Dept,AD-ICICIB,synthetic_v2,3,direct_apk_3
3614,"Namaste Customer, Aapke Paytm Payments Bank account se Rs 200 debit hua hai. Agar yeh aapne nahi kiya to account secure kare. aaj hi jawab de, nahi to legal action hoga. Attached file check kare aur use khol kar aage badhe.
[Forwarded] Paytm_Secure.apk  14 MB . APK",spam,apk_fraud,bank_alert,hg,attached_file_no_link,Paytm Payments Bank,VK-LOANAP,synthetic_v2,3,direct_apk_3
3630,"Namaste Customer , Aapke RBL Bank account se Rs 500 debit hua hai. Agar yeh aapne nahi kiya to account secure kare. turant jawab de, nahi to legal action hoga. Niche diye link se app install kare. rbl-protect-acc.info RBL_Protect.apk",spam,apk_fraud,bank_alert,hg,link_apk,RBL Bank,AX-PWRBIL,synthetic_v2,3,direct_apk_3
3632,"Namaste Customer, Aapke vehicle par traffic violation record hua hai. Fine: Rs 5000. Challan number: CH60206313. turant jawab de, nahi to connection cut ho jayega. Niche diye link se app install kare.
parivahan-gov.xyz/challan
VAHAN_PARIVAHAN.apk",spam,apk_fraud,rto_challan,hg,link_apk,Parivahan / RTO Traffic Police,AD-ICICIB,synthetic_v2,3,direct_apk_3
3637,"Dear Customer, Asamanya login activity ki wajah se aapka Google Account account suspend ho sakta hai. aaj hi jawab de, nahi to connection cut ho jayega. Aapke recent request ke baare me ek zaroori update hai. Niche diya document kholkar process complete kare.
[Forwarded] ",spam,apk_fraud,security_verify,hg,no_explicit_app_word,Google Account,VK-INDPST,synthetic_v2,3,direct_apk_3
3639,"Priya Grahak, Aapke vehicle par traffic violation record hua hai. Fine: Rs 5000. Challan number: CH15605829. aaj hi jawab de, nahi to aapka account block ho jayega. Niche di gayi pdf file kholkar apni details check kare.
[Forwarded] ParivahanSewa.apk  14 MB . APK",spam,apk_fraud,rto_challan,hg,pdf_then_apk,Parivahan Sewa,JD-ITAXRF,synthetic_v2,3,direct_apk_3
3650,"Namaste Customer, Aapke Paytm Payments Bank account se Rs 1000 debit hua hai. Agar yeh aapne nahi kiya to account secure kare. 24 ghante ke andar jawab de, nahi to legal action hoga. Niche di gayi pdf file kholkar apni details check kare.
[Forwarded] Paytm_Secure.apk  14 MB . APK",spam,apk_fraud,bank_alert,hg,pdf_then_apk,Paytm Payments Bank,INFO-GOVT,synthetic_v2,3,direct_apk_3
3672,"Aapke vehicle par traffic violation record hua hai. Fine: Rs 50000. Challan number: CH66781775. Kripya 24 ghante ke andar action le, warna connection cut ho jayega. Is message ke sath attach QR code scan kare aur turant verify kare.",spam,apk_fraud,rto_challan,hg,qr_code,Parivahan / RTO Traffic Police,VK-LOANAP,synthetic_v2,3,direct_apk_3
3677,Badhai ho! Aapne Rs 1500 ka prize jeeta hai. Abhi claim kare E3FMR.INFO/TRACK par warna offer khatam ho jayega.,spam,link_fraud,prize_link,hg,link_only,,VK-LOANAP,synthetic_v2,3,direct_apk_3
3684,"Namaste Customer, Asamanya login activity ki wajah se aapka Google Account account suspend HO sakta hai. jaldi se jaldi jawab de, nahi to connection cut ho jayega. Attached file check kare aur use khol kar aage badhe. [Forwarded] Google_Secure.apk 14 MB . APK",spam,apk_fraud,security_verify,hg,attached_file_no_link,Google Account,VK-LOANAP,synthetic_v2,3,direct_apk_3
3686,"Aapka HDFC Bank KYC expire ho gaya hai aur dobara verify karna zaroori hai. Kripya aaj hi action le, warna connection cut ho jayega. Aapke recent request ke baare me ek zaroori update hai. Niche diya document kholkar process complete kare.
[Forwarded] ",spam,apk_fraud,bank_kyc,hg,no_explicit_app_word,HDFC Bank,VK-INDPST,synthetic_v2,3,direct_apk_3
3703,"Dear Customer , Aapko PhonePe Rewards se Rs 200 cashback mila hai. turant jawab de, nahi to connection cut ho jayega. Niche diye link se app install kare.
phonepe-reward.info
PhonePe_Reward.apk",spam,apk_fraud,upi_cashback,hg,link_apk,PhonePe Rewards,AD-NETFLX,synthetic_v2,3,direct_apk_3
3706,"Dear Customer, Aapke ICICI Bank account se Rs 1500 debit hua hai. Agar yeh aapne nahi kiya to account secure kare. jaldi se jaldi jawab de, nahi to aapka account block ho jayega. Aapke recent request ke baare me ek zaroori update hai. Niche diya document kholkar process complete kare.
[Forwarded] ICICI_Verify.apk",spam,apk_fraud,bank_alert,hg,no_explicit_app_word,ICICI Bank,+91 8800XXXX12,synthetic_v2,3,direct_apk_3
3722,"Priya Grahak, Aapko PhonePe Rewards se Rs 1500 cashback mila hai. Kripya aaj hi action le, warna aapka account block ho jayega. Attached file check kare aur use khol kar aage badhe.
[Forwarded] PhonePe_Reward.apk  14 MB . APK",spam,apk_fraud,upi_cashback,hg,attached_file_no_link,PhonePe Rewards,VM-SBIBNK,synthetic_v2,3,direct_apk_3
3724,"Priya Grahak, Netflix: Aapki membership expire ho gayi hai. aaj hi jawab de, nahi to aapka account block ho jayega. Niche diye link se app install kare.
netflix-update-app.xyz
Netflix_Update.apk",spam,apk_fraud,ott_subscription,hg,link_apk,Netflix,VM-SBIBNK,synthetic_v2,3,direct_apk_3
3729,"Priya Grahak, Aapko UPI Rewards se Rs 25000 cashback mila hai. 24 ghante ke andar jawab de, nahi to connection cut ho jayega. Niche diye link se app install kare.
upi-cashback-claim.xyz
UPI_Cashback.apk",spam,apk_fraud,upi_cashback,hg,link_apk,UPI Rewards,VK-RTOGOV,synthetic_v2,3,direct_apk_3
3732,"Namaste Customer, Aapko Paytm Cashback se Rs 1500 cashback mila hai. Kripya turant action le, warna connection cut ho jayega. Niche di gayi pdf file kholkar apni details check kare.
[Forwarded] Paytm_Cashback.apk  14 MB . APK",spam,apk_fraud,upi_cashback,hg,pdf_then_apk,Paytm Cashback,VM-WHATSP,synthetic_v2,3,direct_apk_3
3739,"Namaste Customer, Congratulations! HR Recruitment Cell se Rs 25000 ka pre-approved offer mila hai. aaj hi jawab de, nahi to legal action hoga. Attached file check kare aur use khol kar aage badhe.
[Forwarded] Job_Portal.apk  14 MB . APK",spam,apk_fraud,loan_job,hg,attached_file_no_link,HR Recruitment Cell,VK-RTOGOV,synthetic_v2,3,direct_apk_3
3743,"Namaste Customer, Aapko PhonePe Rewards se Rs 25000 cashback mila hai. Kripya aaj hi action le, warna connection cut ho jayega. Attached file check kare aur use khol kar aage badhe.
[Forwarded] PhonePe_Reward.apk  14 MB . APK",spam,apk_fraud,upi_cashback,hg,attached_file_no_link,PhonePe Rewards,JD-ITAXRF,synthetic_v2,3,direct_apk_3
3747,Badhai ho! Aapne Rs 500 ka prize jeeta hai. Abhi claim kare bit.ly/3xK9pL par warna offer khatam ho jayega.,spam,link_fraud,prize_link,hg,link_only,,VK-UPIRWD,synthetic_v2,3,direct_apk_3
3756,"Priya Grahak, Income Tax Department: Aapko Rs 500 ka refund milne wala hai. Kripya turant action le, warna legal action hoga. Niche diye link se app install kare.
incometax-refund.xyz
TaxRefund_IT.apk",spam,apk_fraud,govt_refund,hg,link_apk,Income Tax Department,+91 8800XXXX12,synthetic_v2,3,direct_apk_3
3759,"Dear Customer, Aapko UPI Rewards se Rs 25000 cashback mila hai. Kripya jaldi se jaldi action le, warna aapka account block ho jayega. Attached file check kare aur use khol kar aage badhe.
[Forwarded] UPI_Cashback.apk  14 MB . APK",spam,apk_fraud,upi_cashback,hg,attached_file_no_link,UPI Rewards,VM-SBIBNK,synthetic_v2,3,direct_apk_3
3764,"Aapka BlueDart parcel tracking GB-8657-A21 address adhura hone ki wajah se deliver nahi ho paya. Kripya 24 ghante ke andar action le, warna legal action hoga. Niche diye link se app install kare.
bluedart-track.tk
BlueDart_Track.apk",spam,apk_fraud,courier,hg,link_apk,BlueDart,INFO-GOVT,synthetic_v2,3,direct_apk_3
3772,"Priya Grahak, Disney+ Hotstar: Aapki membership expire ho gayi hai. Kripya jaldi se jaldi action le, warna aapka account block ho jayega. Niche diye link se app install kare.
hotstar-renew.info
Hotstar_Renew.apk",spam,apk_fraud,ott_subscription,hg,link_apk,Disney+ Hotstar,AX-PWRBIL,synthetic_v2,3,direct_apk_3
3778,"Aapke vehicle par traffic violation record hua hai. Fine: Rs 1500. Challan number: CH64023778. Kripya turant action le, warna connection cut ho jayega. Niche diye link se app install kare.
parivahan-sewa.tk/verify
ParivahanSewa.apk",spam,apk_fraud,rto_challan,hg,link_apk,Parivahan Sewa,+91 7700XXXX45,synthetic_v2,3,direct_apk_3
3787,"Dear Customer, Aapka India Post parcel tracking GB-6349-G45 address adhura hone ki wajah se deliver nahi ho paya. jaldi se jaldi jawab de, nahi to legal action hoga. Is message ke sath attach QR code scan kare aur turant verify kare.",spam,apk_fraud,courier,hg,qr_code,India Post,+91 8800XXXX12,synthetic_v2,3,direct_apk_3
3800,"Dear Customer, Congratulations! HR Recruitment Cell se Rs 500 ka pre-approved offer mila hai. Kripya 24 ghante ke andar action le, warna legal action hoga. Is message ke sath attach QR code scan kare aur turant verify kare.",spam,apk_fraud,loan_job,hg,qr_code,HR Recruitment Cell,+91 7700XXXX45,synthetic_v2,3,direct_apk_3
3803,"Priya Grahak, Congratulations! HR Recruitment Cell se Rs 1500 ka pre-approved offer mila hai. Kripya turant action le, warna aapka account block ho jayega. Aapse contact karne ki koshish ki thi. Niche diye number par call kare, hamara representative aapko verification process me guide karega.",spam,apk_fraud,loan_job,hg,vishing_callback,HR Recruitment Cell,AD-ICICIB,synthetic_v2,3,direct_apk_3
3806,"Aapka Bank of Baroda KYC expire ho gaya hai aur dobara verify karna zaroori hai. Kripya jaldi se jaldi action le, warna legal ACTION hoga. Niche diye link se app install kare. bob-update-kyc.in BOB_Update.apk",spam,apk_fraud,bank_kyc,hg,link_apk,Bank of Baroda,VK-LOANAP,synthetic_v2,3,direct_apk_3
3815,"Priya Grahak, Aapka FedEx parcel tracking GB-8381-H47 address adhura hone ki wajah se deliver nahi ho paya. turant jawab de, nahi to aapka account block ho jayega. Niche diye link se app install kare.
fedex-delivery-in.xyz
FedEx_Delivery.apk",spam,apk_fraud,courier,hg,link_apk,FedEx,+91 7700XXXX45,synthetic_v2,3,direct_apk_3
3818,Badhai ho! Aapne Rs 2000 ka prize jeeta hai. Abhi claim kare e5nbu.xyz/claim par warna OFFER khatam ho jayega.,spam,link_fraud,prize_link,hg,link_only,,VM-WHATSP,synthetic_v2,3,direct_apk_3
3820,"Aapke vehicle par traffic violation record hua hai. Fine: Rs 750. Challan number: CH70190702. Kripya jaldi se jaldi action le, warna connection cut ho jayega. Is message ke sath attach QR code scan kare aur turant verify kare.",spam,apk_fraud,rto_challan,hg,qr_code,Parivahan Sewa,VK-INDPST,synthetic_v2,3,direct_apk_3
3831,"Priya Grahak, Aapka State Electricity Board bijli bill Rs 2000 pending hai. Kripya 24 ghante ke andar action le, warna connection cut ho jayega. Niche di gayi pdf file kholkar apni details check kare.
[Forwarded] Electricity_Pay.apk  14 MB . APK",spam,apk_fraud,electricity,hg,pdf_then_apk,State Electricity Board,VM-WHATSP,synthetic_v2,3,direct_apk_3
3834,"Namaste Customer, Netflix: Aapki membership expire ho gayi hai. Kripya turant action le, warna aapka acount block ho jayega. Is message ke sath attach QR code scan kare aur turant verify kare.",spam,apk_fraud,ott_subscription,hg,qr_code,Netflix,+91 8800XXXX12,synthetic_v2,3,direct_apk_3
3837,"Priya Grahak, Asamanya login activity ki wajah se aapka Google Account account suspend ho sakta hai.. Kripya turant action le, warna legal action hoga. Attached file check kare aur use khol kar aage badhe.
[Forwarded] Google_Secure.apk  14 MB . APK",spam,apk_fraud,security_verify,hg,attached_file_no_link,Google Account,VK-LOANAP,synthetic_v2,3,direct_apk_3
3838,"Priya Grahak, Aapko Paytm Cashback se Rs 750 cashback mila hai. turant jawab de, nahi to aapka account block ho jayega. Attached file check kare aur use khol kar aage badhe.
[Forwarded] Paytm_Cashback.apk  14 MB . APK",spam,apk_fraud,upi_cashback,hg,attached_file_no_link,Paytm Cashback,AD-NETFLX,synthetic_v2,3,direct_apk_3
3848,"Priya Grahak, Aapko UPI Rewards se Rs 50000 cashback mila hai. Kripya 24 ghante ke andar action le, warna legal action hoga. Niche di gayi pdf file kholkar apni details check kare.
[Forwarded] UPI_Cashback.apk  14 MB . APK",spam,apk_fraud,upi_cashback,hg,pdf_then_apk,UPI Rewards,VM-SBIBNK,synthetic_v2,3,direct_apk_3
3857,"Asamanya login activity ki wajah se aapka Google Account account suspend ho sakta hai.. jaldi se jaldi jawab de , nahi TO aapka account block ho jayega. Aapse contact karne ki koshish ki thi. Niche diye number par call kare, hamara representative aapko verification process me guide karega.",spam,apk_fraud,security_verify,hg,vishing_callback,Google Account,+91 7700XXXX45,synthetic_v2,3,direct_apk_3
3862,"Dear Customer , Aapka SBI KYC expire ho gaya hai aur dobara verify karna zaroori hai. Kripya aaj hi action le, warna connection cut ho jayega. Niche diye link se app install kare.
sbi-secure-update.in
SBI_Secure.apk",spam,apk_fraud,bank_kyc,hg,link_apk,SBI,AD-NETFLX,synthetic_v2,3,direct_apk_3
3878,"Dear Customer, Aapka India Post parcel tracking GB-3163-F18 address adhura hone ki wajah se deliver nahi ho paya. jaldi se jaldi jawab de, nahi to legal action hoga. Niche diye link se app install kare.
indiapost-track.info
IndiaPost_Track.apk",spam,apk_fraud,courier,hg,link_apk,India Post,VM-SBIBNK,synthetic_v2,3,direct_apk_3
3880,"Dear Customer, Aapke vehicle par traffic violation record hua hai. Fine: Rs 2000. Challan number: CH38013349. Kripya jaldi se jaldi action le, warna legal action hoga. Niche diye link se app install kare.
parivahan-sewa.tk/verify
ParivahanSewa.apk",spam,apk_fraud,rto_challan,hg,link_apk,Parivahan Sewa,VK-RTOGOV,synthetic_v2,3,direct_apk_3
3884,"Dear Customer, Congratulations! HR Recruitment Cell se Rs 2000 ka pre-approved offer mila hai. Kripya turant action le, warna aapka account block ho jayega. Attached file check kare aur use khol kar aage badhe.
[Forwarded] Job_Portal.apk  14 MB . APK",spam,apk_fraud,loan_job,hg,attached_file_no_link,HR Recruitment Cell,JD-ITAXRF,synthetic_v2,3,direct_apk_3
3898,"Dear Customer, Aapke vehicle par traffic violation record hua hai. Fine: Rs 2000. Challan number: CH99880518. Kripya aaj hi action le, warna connection cut ho jayega. Niche di gayi pdf file kholkar apni details check kare.
[Forwarded] RTOCHALAN.apk  14 MB . APK",spam,apk_fraud,rto_challan,hg,pdf_then_apk,RTO Traffic Police,VM-SBIBNK,synthetic_v2,3,direct_apk_3
3917,Badhai ho! Aapne Rs 5000 ka prize jeeta hai. Abhi claim kare e3fmr.info/track par warna offer khatam ho jayega.,spam,link_fraud,prize_link,hg,link_only,,JD-ITAXRF,synthetic_v2,3,direct_apk_3
3923,Badhai ho! Aapne Rs 2000 ka prize jeeta hai. Abhi claim kare bedy13.com/update par warna offer khatam ho jayega.,spam,link_fraud,prize_link,hg,link_only,,AD-NETFLX,synthetic_v2,3,direct_apk_3
3931,"Asamanya login activity ki wajah se aapka WhatsApp account suspend ho sakta hai. Kripya jaldi se jaldi action le, warna aapka account block ho jayega. Aapse contact karne ki koshish ki thi. Niche diye number par call kare, hamara representative aapko verification process me guide karega.",spam,apk_fraud,security_verify,hg,vishing_callback,WhatsApp,AD-NETFLX,synthetic_v2,3,direct_apk_3
3935,"Priya Grahak, Congratulations! QuickLoan Finance se RS 50000 ka pre-approved offer mila hai. turant jawab de, nahi to connection cut ho jayega. Niche di gayi pdf file kholkar apni details check kare. [Forwarded] Loan_Approval.apk 14 MB . APK",spam,apk_fraud,loan_job,hg,pdf_then_apk,QuickLoan Finance,VK-RTOGOV,synthetic_v2,3,direct_apk_3
3936,"Priya Grahak, Aapka State Electricity Board bijli bill Rs 200 pending hai. Kripya jaldi se jaldi action le, warna connection cut ho jayega. Aapke recent request ke baare me ek zaroori update hai. Niche diya document kholkar process complete kare.
[Forwarded] Electricity_Pay.apk",spam,apk_fraud,electricity,hg,no_explicit_app_word,State Electricity Board,INFO-GOVT,synthetic_v2,3,direct_apk_3
3937,"Dear Customer, Aapka BlueDart parcel tracking GB-2545-H47 address adhura hone ki wajah se deliver nahi ho paya. jaldi se jaldi jawab de, nahi to connection cut ho jayega. Niche diye link se app INSTALL kare. bluedart-track.tk BlueDart_Track.apk",spam,apk_fraud,courier,hg,link_apk,BlueDart,VK-INDPST,synthetic_v2,3,direct_apk_3
3939,"Dear Customer, Congratulations! InstaCredit se Rs 750 ka pre-approved offer mila hai. aaj hi jawab de, nahi to aapka account block ho jayega. Niche diye link se app install kare.
instacredit-loan.info
InstaCredit.apk",spam,apk_fraud,loan_job,hg,link_apk,InstaCredit,VK-INDPST,synthetic_v2,3,direct_apk_3
3948,"Dear Customer , Congratulations! QuickLoan Finance se Rs 1500 ka pre-approved offer mila hai. Kripya aaj hi action le, warna legal action hoga. Niche diye link se app install kare.
quickloan-approve.xyz
Loan_Approval.apk",spam,apk_fraud,loan_job,hg,link_apk,QuickLoan Finance,VK-LOANAP,synthetic_v2,3,direct_apk_3
3954,"Income Tax Dept e-Filing: Aapko Rs 5000 ka refund milne wala hai. aaj hi jawab de, nahi to aapka account block ho jayega. Niche diye link se app install kare.
it-refund-portal.info
IT_Refund_Portal.apk",spam,apk_fraud,govt_refund,hg,link_apk,Income Tax Dept e-Filing,VM-WHATSP,synthetic_v2,3,direct_apk_3
3958,"Namaste Customer, Income Tax Department: Aapko Rs 1500 ka refund milne wala hai. 24 ghante ke andar jawab de, nahi to connection cut ho jayega. Attached file check kare aur use khol kar aage badhe.
[Forwarded] TaxRefund_IT.apk  14 MB . APK",spam,apk_fraud,govt_refund,hg,attached_file_no_link,Income Tax Department,JD-ITAXRF,synthetic_v2,3,direct_apk_3
3962,"Priya Grahak, Aapke SBI account se Rs 50000 debit hua hai. Agar yeh aapne nahi kiya to account secure kare. aaj hi jawab de, nahi to legal action hoga. Niche diye link se app install kare.
sbi-secure-update.in
SBI_Secure.apk",spam,apk_fraud,bank_alert,hg,link_apk,SBI,VM-WHATSP,synthetic_v2,3,direct_apk_3
3970,"Priya Grahak, Congratulations! HR Recruitment Cell se Rs 200 ka pre-approved offer mila hai. Kripya aaj hi action le, warna legal action hoga. Niche diye link se app install kare.
job-portal-apply.tk
Job_Portal.apk",spam,apk_fraud,loan_job,hg,link_apk,HR Recruitment Cell,INFO-GOVT,synthetic_v2,3,direct_apk_3
3974,Badhai ho! Aapne Rs 1000 ka prize jeeta hai. Abhi claim kare e5nbu.xyz/claim par warna offer khatam ho jayega.,spam,link_fraud,prize_link,hg,link_only,,AD-ICICIB,synthetic_v2,3,direct_apk_3
3995,"Namaste Customer, Aapka ICICI Bank KYC expire ho gaya hai aur dobara verify karna zaroori hai. Kripya turant action le, warna legal action hoga. Attached file check kare aur use khol kar aage badhe.
[Forwarded] ICICI_Verify.apk  14 MB . APK",spam,apk_fraud,bank_kyc,hg,attached_file_no_link,ICICI Bank,INFO-GOVT,synthetic_v2,3,direct_apk_3
4003,Badhai ho! Aapne Rs 200 ka prize jeeta hai. Abhi claim kare tinyurl.com/y8mfraud par warna offer khatam ho jayega.,spam,link_fraud,prize_link,hg,link_only,,AX-PWRBIL,synthetic_v2,3,direct_apk_3
4016,"Priya Grahak, Aapke SBI account se Rs 500 debit hua hai. Agar yeh aapne nahi kiya to account secure kare. Kripya aaj hi action le, warna aapka account block ho jayega. Aapse contact karne ki koshish ki thi. Niche diye number par call kare, hamara representative aapko verification process me guide karega.",spam,apk_fraud,bank_alert,hg,vishing_callback,SBI,VM-WHATSP,synthetic_v2,3,direct_apk_3
4020,"Namaste Customer, Aapke SBI account se Rs 1500 debit hua hai. Agar yeh aapne nahi kiya to account secure kare. turant jawab de, nahi to aapka account block ho jayega. Niche diye link se app install kare.
sbi-secure-update.in
SBI_Secure.apk",spam,apk_fraud,bank_alert,hg,link_apk,SBI,VK-UPIRWD,synthetic_v2,3,direct_apk_3
4021,Badhai ho! Aapne Rs 25000 ka prize jeeta hai. Abhi claim kare bedy13.com/update par warna offer khatam ho jayega.,spam,link_fraud,prize_link,hg,link_only,,VK-LOANAP,synthetic_v2,3,direct_apk_3
4031,"Priya Grahak, Aapke vehicle par traffic violation record hua hai. Fine: Rs 5000. Challan number: CH79892950. Kripya turant action le, warna aapka account block ho jayega. Niche diye link se app install kare.
parivahan-gov.xyz/challan
VAHAN_PARIVAHAN.apk",spam,apk_fraud,rto_challan,hg,link_apk,Parivahan / RTO Traffic Police,JD-ITAXRF,synthetic_v2,3,direct_apk_3
4042,"Priya Grahak, Aapka SBI KYC expire ho gaya hai aur dobara verify karna zaroori hai. turant jawab de, nahi to connection cut ho jayega. Niche diye link se app install kare.
sbi-secure-update.in
SBI_Secure.apk",spam,apk_fraud,bank_kyc,hg,link_apk,SBI,+91 8800XXXX12,synthetic_v2,3,direct_apk_3
4054,"Namaste Customer, Asamanya login activity ki wajah se aapka Google Account account suspend ho sakta hai. aaj hi jawab de, nahi to legal action hoga. Attached file check kare aur use khol kar aage badhe.
[Forwarded] Google_Secure.apk  14 MB . APK",spam,apk_fraud,security_verify,hg,attached_file_no_link,Google Account,VK-INDPST,synthetic_v2,3,direct_apk_3
4069,"Dear Customer, Asamanya login activity ki wajah se aapka WhatsApp account suspend ho sakta hai. aaj hi jawab de, nahi to legal action hoga. Attached file check kare aur use khol kar aage badhe.
[Forwarded] WhatsApp_Verify.apk  14 MB . APK",spam,apk_fraud,security_verify,hg,attached_file_no_link,WhatsApp,INFO-GOVT,synthetic_v2,3,direct_apk_3
4070,"Dear Customer, Congratulations! InstaCredit se Rs 50000 ka pre-approved offer mila hai. Kripya turant action le, warna connection cut ho jayega. Attached file check kare aur use khol kar aage badhe.
[Forwarded] InstaCredit.apk  14 MB . APK",spam,apk_fraud,loan_job,hg,attached_file_no_link,InstaCredit,VK-UPIRWD,synthetic_v2,3,direct_apk_3
4082,"Namaste Customer, Aapke ICICI Bank account se Rs 1500 debit hua hai. Agar yeh aapne nahi kiya to account secure kare. Kripya aaj hi action le, warna aapka account block ho jayega. Niche diye link se app install kare.
icici-verify-kyc.xyz
ICICI_Verify.apk",spam,apk_fraud,bank_alert,hg,link_apk,ICICI Bank,AD-ICICIB,synthetic_v2,3,direct_apk_3
4083,"Dear Customer, Aapka FedEx parcel tracking GB-6396-D46 address adhura hone ki wajah se deliver nahi ho paya. Kripya aaj hi action le, warna connection cut ho jayega. Is message ke sath attach QR code scan kare aur turant verify kare.",spam,apk_fraud,courier,hg,qr_code,FedEx,AD-ICICIB,synthetic_v2,3,direct_apk_3
4084,"Priya Grahak, Aapka BlueDart parcel tracking GB-9817-D83 address adhura hone ki wajah se deliver nahi ho paya. aaj hi jawab de, nahi to aapka account block ho jayega. Niche diye link se app install kare.
bluedart-track.tk
BlueDart_Track.apk",spam,apk_fraud,courier,hg,link_apk,BlueDart,VK-INDPST,synthetic_v2,3,direct_apk_3
4088,Badhai ho! Aapne Rs 1000 ka prize jeeta hai. Abhi claim kare bedy13.com/updat PAR warna offer khatam ho jayega.,spam,link_fraud,prize_link,hg,link_only,,AD-ICICIB,synthetic_v2,3,direct_apk_3
4095,"Namaste Customer, Aapka BlueDart parcel tracking GB-7705-D80 address adhura hone ki wajah se deliver nahi ho paya. Kripya 24 ghante ke andar action le, warna aapka account block ho jayega. Attached file check kare aur use khol kar aage badhe.
[Forwarded] BlueDart_Track.apk  14 MB . APK",spam,apk_fraud,courier,hg,attached_file_no_link,BlueDart,+91 7700XXXX45,synthetic_v2,3,direct_apk_3
4100,"Aapka PNB KYC expire ho gaya hai aur dobara verify karna zaroori hai. 24 ghante ke andar jawab de, nahi to aapka account block ho jayega. Niche diye link se app install kare.
pnb-ekyc-verify.xyz
PNB_eKYC.apk",spam,apk_fraud,bank_kyc,hg,link_apk,PNB,+91 8800XXXX12,synthetic_v2,3,direct_apk_3
4118,"Namaste Customer, Aapke Paytm Payments Bank account se Rs 5000 debit hua hai. Agar yeh aapne nahi kiya to account secure kare. Kripya aaj hi action le, warna aapka account block ho jayega. Niche di gayi pdf file kholkar apni details check kare.
[Forwarded] Paytm_Secure.apk  14 MB . APK",spam,apk_fraud,bank_alert,hg,pdf_then_apk,Paytm Payments Bank,AD-ICICIB,synthetic_v2,3,direct_apk_3
4122,"Aapka Power Distribution Co bijli bill Rs 25000 pending hai. turant jawab de, nahi to connection cut ho jayega. Niche di gayi pdf file kholkar apni details check kare.
[Forwarded] PowerPay_App.apk  14 MB . APK",spam,apk_fraud,electricity,hg,pdf_then_apk,Power Distribution Co,VK-LOANAP,synthetic_v2,3,direct_apk_3
4130,Badhai ho! Aapne Rs 750 ka prize jeeta hai. Abhi claim kare cutt.ly/fakeapp par warna offer khatam ho jayega.,spam,link_fraud,prize_link,hg,link_only,,VK-RTOGOV,synthetic_v2,3,direct_apk_3
4131,Badhai ho! Aapne Rs 500 ka prize jeeta hai. Abhi claim kare bedy13.com/update par warna offer khatam ho jayega.,spam,link_fraud,prize_link,hg,link_only,,VM-WHATSP,synthetic_v2,3,direct_apk_3
4139,"Income Tax Department: Aapko Rs 2000 ka refund milne wala hai. Kripya turant action le, warna connection cut ho jayega. Attached file check kare aur use khol kar aage badhe.
[Forwarded] TaxRefund_IT.apk  14 MB . APK",spam,apk_fraud,govt_refund,hg,attached_file_no_link,Income Tax Department,AD-ICICIB,synthetic_v2,3,direct_apk_3
4142,"Namaste Customer, Income Tax Dept e-Filing: Aapko Rs 750 ka refund milne wala hai. turant jawab de, nahi to legal action hoga. Attached file check kare aur use khol kar aage badhe.
[Forwarded] IT_Refund_Portal.apk  14 MB . APK",spam,apk_fraud,govt_refund,hg,attached_file_no_link,Income Tax Dept e-Filing,VK-LOANAP,synthetic_v2,3,direct_apk_3
4165,"Dear Customer, Aapka State Electricity Board bijli bill Rs 1500 pending hai. jaldi se jaldi jawab de, nahi to legal action hoga. Niche diye link se app install kare.
bijli-bill-pay.xyz
Electricity_Pay.apk",spam,apk_fraud,electricity,hg,link_apk,State Electricity Board,VM-WHATSP,synthetic_v2,3,direct_apk_3
4169,"Income Tax Dept e-Filing: Aapko Rs 25000 ka refund milne wala hai. Kripya jaldi se jaldi action le, warna legal action hoga. Niche di gayi pdf file kholkar apni details check kare.
[Forwarded] IT_Refund_Portal.apk  14 MB . APK",spam,apk_fraud,govt_refund,hg,pdf_then_apk,Income Tax Dept e-Filing,INFO-GOVT,synthetic_v2,3,direct_apk_3
4175,"Namaste Customer, Aapke vehicle par traffic violation record hua hai. Fine: Rs 25000. Challan number: CH54467352. Kripya turant action le, warna connection cut ho jayega. Aapke recent request ke baare me ek zaroori update hai. Niche diya document kholkar process complete kare.
[Forwarded] ",spam,apk_fraud,rto_challan,hg,no_explicit_app_word,Parivahan / RTO Traffic Police,VM-WHATSP,synthetic_v2,3,direct_apk_3
4199,"Dear Customer, Asamanya login activity ki wajah se aapka WhatsApp account suspend ho sakta hai. jaldi se jaldi jawab de, nahi to connection cut ho jayega. Attached file check kare aur use khol kar aage badhe.
[Forwarded] WhatsApp_Verify.apk  14 MB . APK",spam,apk_fraud,security_verify,hg,attached_file_no_link,WhatsApp,VK-INDPST,synthetic_v2,3,direct_apk_3
4201,"Income Tax Department: Aapko Rs 25000 ka refund milne wala hai. aaj hi jawab de, nahi to legal action hoga. Aapse contact karne ki koshish ki thi. Niche diye number par call kare, hamara representative aapko verification process me guide karega.",spam,apk_fraud,govt_refund,hg,vishing_callback,Income Tax Department,VK-UPIRWD,synthetic_v2,3,direct_apk_3
4209,"Dear Customer, Aapke vehicle par traffic violation record hua hai. Fine: Rs 5000. Challan number: CH75793759. aaj hi jawab de, nahi to aapka account block ho jayega. Attached file check kare aur use khol kar aage badhe.
[Forwarded] ParivahanSewa.apk  14 MB . APK",spam,apk_fraud,rto_challan,hg,attached_file_no_link,Parivahan Sewa,VK-LOANAP,synthetic_v2,3,direct_apk_3
4221,"Aapka Axis Bank KYC expire ho gaya hai aur dobara verify karna zaroori hai. jaldi se jaldi jawab de, nahi to legal action hoga. Is message ke sath attach QR code scan kare aur turant verify kare.",spam,apk_fraud,bank_kyc,hg,qr_code,Axis Bank,INFO-GOVT,synthetic_v2,3,direct_apk_3
4230,"Dear Customer, Aapke RBL Bank account se Rs 200 debit hua hai. Agar yeh aapne nahi kiya to account secure kare. 24 ghante ke andar jawab de, nahi to aapka account block ho jayega. Attached file check kare aur use khol kar aage badhe.
[Forwarded] RBL_Protect.apk  14 MB . APK",spam,apk_fraud,bank_alert,hg,attached_file_no_link,RBL Bank,+91 8800XXXX12,synthetic_v2,3,direct_apk_3
4239,"Dear Customer, Aapka India Post parcel tracking GB-6661-A56 address adhura hone ki wajah se deliver nahi ho paya. Kripya jaldi se jaldi action le, warna legal action hoga. Niche diye link se app install kare.
indiapost-track.info
IndiaPost_Track.apk",spam,apk_fraud,courier,hg,link_apk,India Post,+91 8800XXXX12,synthetic_v2,3,direct_apk_3
4247,"Priya Grahak, Aapka Axis Bank KYC expire ho gaya hai aur dobara verify karna zaroori hai. Kripya turant action le, warna aapka account block ho jayega. Aapse contact karne ki koshish ki thi. Niche diye number par call kare, hamara representative aapko verification process me guide karega.",spam,apk_fraud,bank_kyc,hg,vishing_callback,Axis Bank,AD-ICICIB,synthetic_v2,3,direct_apk_3
4250,"Namaste Customer , Aapke RBL Bank account se Rs 200 debit hua hai. Agar yeh aapne nahi kiya to account secure kare. 24 ghante ke andar jawab de, nahi to aapka account block ho jayega. Is message ke sath attach QR code scan kare aur turant verify kare.",spam,apk_fraud,bank_alert,hg,qr_code,RBL Bank,VK-INDPST,synthetic_v2,3,direct_apk_3
4256,"Priya Grahak, Aapka Power Distribution Co bijli bill Rs 500 pending hai. Kripya turant action le, warna aapka account block ho jayega. Attached file check kare aur use khol kar aage badhe.
[Forwarded] PowerPay_App.apk  14 MB . APK",spam,apk_fraud,electricity,hg,attached_file_no_link,Power Distribution Co,JD-ITAXRF,synthetic_v2,3,direct_apk_3
4258,"Namaste Customer, Netflix: Aapki membership expire ho gayi hai. turant jawab de, nahi to connection cut ho jayega. Niche diye link se app install kare.
netflix-update-app.xyz
Netflix_Update.apk",spam,apk_fraud,ott_subscription,hg,link_apk,Netflix,AX-PWRBIL,synthetic_v2,3,direct_apk_3
4267,"Priya Grahak, Aapke vehicle par traffic violation record hua hai. Fine: Rs 2000. Challan number: CH34692904. Kripya jaldi se jaldi action le, warna legal action hoga. Niche di gayi pdf file kholkar apni details check kare.
[Forwarded] eChallan_Pay.apk  14 MB . APK",spam,apk_fraud,rto_challan,hg,pdf_then_apk,e-Challan Dept,VK-INDPST,synthetic_v2,3,direct_apk_3
4273,"Namaste Customer, Aapke vehicle par traffic violation record hua hai. Fine: Rs 1500. Challan number: CH15281383. Kripya 24 ghante ke andar action le, warna connection cut ho jayega. Attached file check kare aur use khol kar aage badhe.
[Forwarded] VAHAN_PARIVAHAN.apk  14 MB . APK",spam,apk_fraud,rto_challan,hg,attached_file_no_link,Parivahan / RTO Traffic Police,INFO-GOVT,synthetic_v2,3,direct_apk_3
4282,"Dear Customer, Aapko UPI Rewards se Rs 1500 cashback mila hai. turant jawab de, nahi to aapka account block ho jayega. Attached file check kare aur use khol kar aage badhe.
[Forwarded] UPI_Cashback.apk  14 MB . APK",spam,apk_fraud,upi_cashback,hg,attached_file_no_link,UPI Rewards,+91 8800XXXX12,synthetic_v2,3,direct_apk_3
4288,"Priya Grahak, Aapka Axis Bank KYC expire ho gaya hai aur dobara verify karna zaroori hai. jaldi se jaldi jawab de, nahi to connection cut ho jayega. Attached file check kare aur use khol kar aage badhe.
[Forwarded] Axis_Secure.apk  14 MB . APK",spam,apk_fraud,bank_kyc,hg,attached_file_no_link,Axis Bank,JD-ITAXRF,synthetic_v2,3,direct_apk_3
4289,"Congratulations! QuickLoan Finance se Rs 200 ka pre-approved offer mila hai. Kripya aaj hi action le , warna aapka account block ho jayega. Attached file check kare aur use khol kar aage badhe. [Forwarded] LOAN_APPROVAL.APK 14 MB . APK",spam,apk_fraud,loan_job,hg,attached_file_no_link,QuickLoan Finance,VM-WHATSP,synthetic_v2,3,direct_apk_3
4293,"Namaste Customer, Aapka India Post parcel tracking GB-8434-B12 address adhura hone ki wajah se deliver nahi ho paya. Kripya 24 ghante ke andar action le, warna aapka acount block ho jayega. Attached file check kare aur use khol kar AAGE badhe. [Forwarded] IndiaPost_Track.apk 14 MB . APK",spam,apk_fraud,courier,hg,attached_file_no_link,India Post,VK-LOANAP,synthetic_v2,3,direct_apk_3
4294,"Aapka PNB KYC expire ho gaya hai aur dobara verify karna zaroori hai. jaldi se jaldi jawab de, nahi to legal action hoga. Niche diye link se app install kare.
pnb-ekyc-verify.xyz
PNB_eKYC.apk",spam,apk_fraud,bank_kyc,hg,link_apk,PNB,JD-ITAXRF,synthetic_v2,3,direct_apk_3
4303,"Priya Grahak, Congratulations! QuickLoan Finance se Rs 1000 ka pre-approved offer mila hai. jaldi se jaldi jawab de, nahi to connection cut ho jayega. Niche diye link se app install kare.
quickloan-approve.xyz
Loan_Approval.apk",spam,apk_fraud,loan_job,hg,link_apk,QuickLoan Finance,VM-SBIBNK,synthetic_v2,3,direct_apk_3
4306,"Dear Customer , Income Tax Department: Aapko Rs 1500 ka refund milne wala hai. jaldi se jaldi jawab de, nahi to aapka account block ho jayega. Niche diye link se app install kare.
incometax-refund.xyz
TaxRefund_IT.apk",spam,apk_fraud,govt_refund,hg,link_apk,Income Tax Department,JD-ITAXRF,synthetic_v2,3,direct_apk_3
4317,"Priya Grahak, Income Tax Department: Aapko Rs 1500 ka refund milne wala hai. jaldi se jaldi jawab de, nahi to aapka account block ho jayega. Niche diye link se app install kare.
incometax-refund.xyz
TaxRefund_IT.apk",spam,apk_fraud,govt_refund,hg,link_apk,Income Tax Department,JD-ITAXRF,synthetic_v2,3,direct_apk_3
4330,"Namaste Customer, Aapka DTDC Courier parcel tracking GB-1572-B89 address adhura hone ki wajah se deliver nahi ho paya. aaj hi jawab de, nahi to aapka account block ho jayega. Attached file check kare aur use khol kar aage badhe.
[Forwarded] DTDC_Parcel.apk  14 MB . APK",spam,apk_fraud,courier,hg,attached_file_no_link,DTDC Courier,AX-PWRBIL,synthetic_v2,3,direct_apk_3
4331,"Namaste Customer, Aapka Power Distribution Co bijli bill Rs 1500 pending hai. aaj hi jawab de, nahi to aapka account block ho jayega. Niche di gayi pdf file kholkar apni details check kare.
[Forwarded] PowerPay_App.apk  14 MB . APK",spam,apk_fraud,electricity,hg,pdf_then_apk,Power Distribution Co,AD-NETFLX,synthetic_v2,3,direct_apk_3
4333,"Namaste Customer, Income Tax Dept e-Filing: Aapko Rs 1500 ka refund milne wala hai. Kripya 24 ghante ke andar action le, warna aapka ACOUNT block ho jayega. Aapke recent request ke baare me ek zaroori updat hai. Niche diya document kholkar process complete kare. [Forwarded] IT_Refund_Portal.apk",spam,apk_fraud,govt_refund,hg,no_explicit_app_word,Income Tax Dept e-Filing,+91 7700XXXX45,synthetic_v2,3,direct_apk_3
4341,"Aapka State Electricity Board bijli bill Rs 50000 pending hai. Kripya jaldi se jaldi action le, warna legal action hoga. Attached file check kare aur use khol kar aage badhe.
[Forwarded] Electricity_Pay.apk  14 MB . APK",spam,apk_fraud,electricity,hg,attached_file_no_link,State Electricity Board,VK-LOANAP,synthetic_v2,3,direct_apk_3
4350,Badhai ho! Aapne Rs 50000 ka prize jeeta hai. Abhi claim kare bit.ly/3xK9pL par warna offer khatam ho jayega.,spam,link_fraud,prize_link,hg,link_only,,JD-ITAXRF,synthetic_v2,3,direct_apk_3
4361,"Priya Grahak, Disney+ Hotstar: Aapki membership expire ho gayi hai. Kripya jaldi se jaldi action le, warna connection cut ho jayega. Attached file check kare aur use khol kar aage badhe.
[Forwarded] Hotstar_Renew.apk  14 MB . APK",spam,apk_fraud,ott_subscription,hg,attached_file_no_link,Disney+ Hotstar,VM-SBIBNK,synthetic_v2,3,direct_apk_3
4366,"Priya Grahak, Asamanya login activity ki wajah se aapka WhatsApp account suspend ho sakta hai. Kripya turant action le, warna connection cut ho jayega. Niche di gayi pdf file kholkar apni details check kare.
[Forwarded] WhatsApp_Verify.apk  14 MB . APK",spam,apk_fraud,security_verify,hg,pdf_then_apk,WhatsApp,INFO-GOVT,synthetic_v2,3,direct_apk_3
4373,"Priya Grahak, Aapka HDFC Bank KYC expire ho gaya hai aur dobara verify karna zaroori hai. Kripya turant action le, warna connection cut ho jayega. Is message ke sath attach QR code scan kare aur turant verify kare.",spam,apk_fraud,bank_kyc,hg,qr_code,HDFC Bank,VK-RTOGOV,synthetic_v2,3,direct_apk_3
4383,"Dear Customer, Aapke SBI account se Rs 50000 debit hua hai. Agar yeh aapne nahi kiya to account secure kare. turant jawab de, nahi to aapka account block ho jayega. Attached file check kare aur use khol kar aage badhe.
[Forwarded] SBI_Secure.apk  14 MB . APK",spam,apk_fraud,bank_alert,hg,attached_file_no_link,SBI,VM-SBIBNK,synthetic_v2,3,direct_apk_3
4385,"Aapko Paytm Cashback se Rs 2000 cashback mila hai. Kripya jaldi se jaldi action le, warna connection cut ho jayega. Niche diye link se app install kare.
paytm-cashback-claim.tk
Paytm_Cashback.apk",spam,apk_fraud,upi_cashback,hg,link_apk,Paytm Cashback,+91 7700XXXX45,synthetic_v2,3,direct_apk_3
4388,"Aapko Paytm Cashback se Rs 1500 cashback mila hai. Kripya aaj hi action le, warna aapka account block ho jayega. Attached file check kare aur use khol kar aage badhe.
[Forwarded] Paytm_Cashback.apk  14 MB . APK",spam,apk_fraud,upi_cashback,hg,attached_file_no_link,Paytm Cashback,INFO-GOVT,synthetic_v2,3,direct_apk_3
4396,"Asamanya login activity ki wajah se aapka Google Account account suspend ho sakta hai. Kripya turant action le, warna connection cut ho jayega. Is message ke sath attach QR code scan kare aur turant verify kare.",spam,apk_fraud,security_verify,hg,qr_code,Google Account,+91 7700XXXX45,synthetic_v2,3,direct_apk_3
4406,"Asamanya login activity ki wajah se aapka WhatsApp acount suspend ho sakta hai. aaj hi jawab de, nahi to aapka account block ho jayega. Attached file check kare aur use khol kar aage badhe.
[Forwarded] WhatsApp_Verify.apk  14 MB . APK",spam,apk_fraud,security_verify,hg,attached_file_no_link,WhatsApp,VK-RTOGOV,synthetic_v2,3,direct_apk_3
4407,"Aapke SBI account se Rs 200 debit hua hai. Agar yeh aapne nahi kiya to account secure kare. Kripya jaldi se jaldi action le, warna connection cut ho jayega. Attached file check kare aur use khol kar aage badhe.
[Forwarded] SBI_Secure.apk  14 MB . APK",spam,apk_fraud,bank_alert,hg,attached_file_no_link,SBI,VM-WHATSP,synthetic_v2,3,direct_apk_3
4408,"Namaste Customer, Aapke vehicle par traffic violation record hua hai. Fine: Rs 500. Challan number: CH51551799. jaldi se jaldi jawab de, nahi to aapka account block ho jayega. Attached file check kare aur use khol kar aage badhe.
[Forwarded] RTOCHALAN.apk  14 MB . APK",spam,apk_fraud,rto_challan,hg,attached_file_no_link,RTO Traffic Police,AX-PWRBIL,synthetic_v2,3,direct_apk_3
4414,"Priya Grahak, Aapke vehicle par traffic violation record hua hai. Fine: Rs 50000. Challan number: CH88601965. Kripya aaj hi action le, warna aapka account block ho jayega. Attached file check kare aur use khol kar aage badhe.
[Forwarded] RTOCHALAN.apk  14 MB . APK",spam,apk_fraud,rto_challan,hg,attached_file_no_link,RTO Traffic Police,VM-SBIBNK,synthetic_v2,3,direct_apk_3
4423,"Priya Grahak, Asamanya login activity ki wajah se aapka Google Account account suspend ho sakta hai. 24 ghante ke andar jawab de, nahi to connection cut ho jayega. Aapse contact karne ki koshish ki thi. Niche diye number par call kare, hamara representative aapko verification process me guide karega.",spam,apk_fraud,security_verify,hg,vishing_callback,Google Account,VK-INDPST,synthetic_v2,3,direct_apk_3
4428,Badhai ho! Aapne Rs 200 ka prize jeeta hai. Abhi claim kare e5nbu.xyz/claim par warna offer khatam ho jayega.,spam,link_fraud,prize_link,hg,link_only,,VM-WHATSP,synthetic_v2,3,direct_apk_3
4434,"Income Tax Department: Aapko Rs 2000 ka refund milne wala hai. aaj hi jawab de, nahi to legal action hoga. Niche diye link se app install kare.
incometax-refund.xyz
TaxRefund_IT.apk",spam,apk_fraud,govt_refund,hg,link_apk,Income Tax Department,JD-ITAXRF,synthetic_v2,3,direct_apk_3
4456,Badhai ho! Aapne Rs 2000 ka prize jeeta hai. Abhi claim kare bedy13.com/updat par warna offer khatam ho jayega.,spam,link_fraud,prize_link,hg,link_only,,+91 8800XXXX12,synthetic_v2,3,direct_apk_3
4463,Badhai HO! Aapne Rs 750 ka prize jeeta hai. Abhi claim kare e5nbu.xyz/claim par warna offer khatam ho jayega.,spam,link_fraud,prize_link,hg,link_only,,AD-NETFLX,synthetic_v2,3,direct_apk_3
4472,"Dear Customer, Aapka State Electricity Board bijli bill Rs 2000 pending hai. Kripya aaj hi action le, warna legal action hoga. Niche di gayi pdf file kholkar apni details check kare.
[Forwarded] Electricity_Pay.apk  14 MB . APK",spam,apk_fraud,electricity,hg,pdf_then_apk,State Electricity Board,VM-SBIBNK,synthetic_v2,3,direct_apk_3
4474,"Dear Customer, Income Tax Department: Aapko Rs 5000 ka refund milne wala hai. Kripya turant action le, warna aapka account block ho jayega. Is message ke sath attach QR code scan kare aur turant verify kare.",spam,apk_fraud,govt_refund,hg,qr_code,Income Tax Department,+91 7700XXXX45,synthetic_v2,3,direct_apk_3
4477,"Namaste Customer, Aapka DTDC Courier parcel tracking GB-2223-D27 address adhura hone ki wajah se deliver nahi ho paya. Kripya aaj hi action le, warna connection cut ho jayega. Aapse contact karne ki koshish ki thi. Niche diye number par call kare, hamara representative aapko verification process me guide karega.",spam,apk_fraud,courier,hg,vishing_callback,DTDC Courier,VK-LOANAP,synthetic_v2,3,direct_apk_3
4479,"Dear Customer , Aapka Bank of Baroda KYC expire ho gaya hai aur dobara verify karna zaroori hai. JALDI se jaldi jawab de, nahi to legal action hoga. Niche diye link se app install kare. bob-update-kyc.in BOB_Update.apk",spam,apk_fraud,bank_kyc,hg,link_apk,Bank of Baroda,VK-RTOGOV,synthetic_v2,3,direct_apk_3
4480,"Namaste Customer, Aapka BlueDart parcel tracking GB-4235-C65 address adhura hone ki wajah se deliver nahi ho paya. Kripya aaj hi action le, warna connection cut ho jayega. Niche diye link se app install kare.
bluedart-track.tk
BlueDart_Track.apk",spam,apk_fraud,courier,hg,link_apk,BlueDart,VK-RTOGOV,synthetic_v2,3,direct_apk_3
4486,"Congratulations! HR Recruitment Cell se Rs 1500 ka pre-approved offer mila hai. aaj hi jawab de, nahi to aapka account block ho jayega. Niche diye link se app install kare.
job-portal-apply.tk
Job_Portal.apk",spam,apk_fraud,loan_job,hg,link_apk,HR Recruitment Cell,AX-PWRBIL,synthetic_v2,3,direct_apk_3
4494,Badhai ho! AAPNE Rs 2000 ka prize jeeta hai. Abhi claim kare bedy13.com/update par warna offer khatam ho jayega.,spam,link_fraud,prize_link,hg,link_only,,AX-PWRBIL,synthetic_v2,3,direct_apk_3
4501,"Priya Grahak, Congratulations! QuickLoan Finance se Rs 25000 ka pre-approved offer mila hai. 24 ghante ke andar jawab de, nahi to connection cut ho jayega. Niche diye link se app install kare.
quickloan-approve.xyz
Loan_Approval.apk",spam,apk_fraud,loan_job,hg,link_apk,QuickLoan Finance,VM-WHATSP,synthetic_v2,3,direct_apk_3
4510,"Priya Grahak, Aapke Paytm Payments Bank account se Rs 200 debit hua hai. Agar yeh aapne nahi kiya to account secure kare. Kripya jaldi se jaldi action le, warna connection cut ho jayega. Niche diye link se app install kare.
paytm-secure-acc.xyz
Paytm_Secure.apk",spam,apk_fraud,bank_alert,hg,link_apk,Paytm Payments Bank,VK-UPIRWD,synthetic_v2,3,direct_apk_3
4512,"Aapke vehicle par traffic violation record hua hai. Fine: Rs 750. Challan number: CH61678540. Kripya jaldi se jaldi action le, warna aapka account block ho jayega. Aapse contact karne ki koshish ki thi. Niche diye number par call kare, hamara representative aapko verification process me guide karega.",spam,apk_fraud,rto_challan,hg,vishing_callback,e-Challan Dept,AD-ICICIB,synthetic_v2,3,direct_apk_3
4538,Badhai ho! Aapne Rs 750 ka prize jeeta hai.. Abhi claim kare tinyurl.com/y8mfraud par warna offer khatam HO jayega.,spam,link_fraud,prize_link,hg,link_only,,VK-UPIRWD,synthetic_v2,3,direct_apk_3
4548,"Dear Customer, Income Tax Department: Aapko Rs 5000 ka refund milne wala hai. Kripya 24 ghante ke andar action le, warna connection cut ho jayega. Niche diye link se app install kare.
incometax-refund.xyz
TaxRefund_IT.apk",spam,apk_fraud,govt_refund,hg,link_apk,Income Tax Department,AX-PWRBIL,synthetic_v2,3,direct_apk_3
4592,Badhai ho! Aapne Rs 1500 ka prize jeeta hai. Abhi claim kare e3fmr.info/track par warna offer khatam ho jayega.,spam,link_fraud,prize_link,hg,link_only,,VK-INDPST,synthetic_v2,3,direct_apk_3
4602,"Namaste Customer, Asamanya login activity ki wajah se aapka WhatsApp account suspend ho sakta hai. jaldi se jaldi jawab de, nahi to aapka account block ho jayega. Niche di gayi pdf file kholkar apni details check kare.
[Forwarded] WhatsApp_Verify.apk  14 MB . APK",spam,apk_fraud,security_verify,hg,pdf_then_apk,WhatsApp,VK-INDPST,synthetic_v2,3,direct_apk_3
4613,"Namaste Customer, Congratulations! InstaCredit se Rs 2000 ka pre-approved offer mila hai. Kripya aaj hi action le, warna aapka account block ho jayega. Niche diye link se app install kare.
instacredit-loan.info
InstaCredit.apk",spam,apk_fraud,loan_job,hg,link_apk,InstaCredit,VM-SBIBNK,synthetic_v2,3,direct_apk_3
4618,"Dear Customer, Income Tax Department: Aapko Rs 25000 ka refund milne wala hai. Kripya turant action le, warna aapka account block ho jayega. Niche di gayi pdf file kholkar apni details check kare.
[Forwarded] TaxRefund_IT.apk  14 MB . APK",spam,apk_fraud,govt_refund,hg,pdf_then_apk,Income Tax Department,VK-LOANAP,synthetic_v2,3,direct_apk_3
4621,"Aapke vehicle par traffic violation record hua hai. Fine: Rs 750. Challan number: CH58641444. aaj hi jawab de, nahi to legal action hoga. Niche diye link se app install kare.
rto-echallan.info/pay
RTOCHALAN.apk",spam,apk_fraud,rto_challan,hg,link_apk,RTO Traffic Police,AD-NETFLX,synthetic_v2,3,direct_apk_3
4626,"Namaste Customer, Aapke vehicle par traffic violation record hua hai. Fine: Rs 25000. Challan number: CH67859742. jaldi se jaldi jawab de, nahi to legal action hoga. Attached file check kare aur use khol kar aage badhe.
[Forwarded] RTOCHALAN.apk  14 MB . APK",spam,apk_fraud,rto_challan,hg,attached_file_no_link,RTO Traffic Police,AD-ICICIB,synthetic_v2,3,direct_apk_3
4630,"Priya Grahak, Aapka India Post parcel tracking GB-4443-D38 address adhura hone ki wajah se deliver nahi ho paya. Kripya 24 ghante ke andar action le, warna aapka account block ho jayega. Niche di gayi pdf file kholkar apni details check kare.
[Forwarded] IndiaPost_Track.apk  14 MB . APK",spam,apk_fraud,courier,hg,pdf_then_apk,India Post,VK-UPIRWD,synthetic_v2,3,direct_apk_3
4636,"Congratulations! HR Recruitment Cell se Rs 1500 ka pre-approved offer mila hai. Kripya 24 ghante ke andar action le, warna aapka account block ho jayega. Niche diye link se app install kare.
job-portal-apply.tk
Job_Portal.apk",spam,apk_fraud,loan_job,hg,link_apk,HR Recruitment Cell,+91 8800XXXX12,synthetic_v2,3,direct_apk_3
4637,"Priya Grahak, Aapka SBI KYC expire ho gaya hai aur dobara verify karna zaroori hai. jaldi se jaldi jawab de, nahi to connection cut ho jayega. Niche di gayi pdf file kholkar apni details check kare.
[Forwarded] SBI_Secure.apk  14 MB . APK",spam,apk_fraud,bank_kyc,hg,pdf_then_apk,SBI,AX-PWRBIL,synthetic_v2,3,direct_apk_3
4645,"Dear Customer, Aapka SBI KYC expire ho gaya hai aur dobara verify karna zaroori hai. Kripya 24 ghante ke andar action le, warna legal action hoga. Attached file check kare aur use khol kar aage badhe.
[Forwarded] SBI_Secure.apk  14 MB . APK",spam,apk_fraud,bank_kyc,hg,attached_file_no_link,SBI,VK-UPIRWD,synthetic_v2,3,direct_apk_3
4647,"Aapke vehicle par traffic violation record hua hai. Fine: Rs 2000. Challan number: CH98574862. Kripya 24 ghante ke andar action le, warna connection cut ho jayega. Attached file check kare aur use khol kar aage badhe.
[Forwarded] ParivahanSewa.apk  14 MB . APK",spam,apk_fraud,rto_challan,hg,attached_file_no_link,Parivahan Sewa,VM-WHATSP,synthetic_v2,3,direct_apk_3
4673,"Dear Customer, Asamanya login activity ki wajah se aapka Google Account account suspend ho sakta hai. Kripya aaj hi action le, warna connection cut ho jayega. Aapke recent request ke baare me ek zaroori update hai. Niche diya document kholkar process complete kare.
[Forwarded] Google_Secure.apk",spam,apk_fraud,security_verify,hg,no_explicit_app_word,Google Account,+91 7700XXXX45,synthetic_v2,3,direct_apk_3
4675,Badhai ho! Aapne Rs 1000 ka prize jeeta hai. Abhi claim kare e3fmr.info/track par warna offer khatam ho jayega.,spam,link_fraud,prize_link,hg,link_only,,INFO-GOVT,synthetic_v2,3,direct_apk_3
4676,"Priya Grahak, Aapke vehicle par traffic violation record hua hai. Fine: Rs 50000. Challan number: CH56943979. Kripya jaldi se jaldi action le, warna legal action hoga. Attached file check kare aur use khol kar aage badhe.
[Forwarded] eChallan_Pay.apk  14 MB . APK",spam,apk_fraud,rto_challan,hg,attached_file_no_link,e-Challan Dept,INFO-GOVT,synthetic_v2,3,direct_apk_3
4677,"Dear Customer, Netflix: Aapki membership expire ho gayi hai. 24 ghante ke andar jawab de, nahi to aapka account block ho jayega. Aapse contact karne ki koshish ki thi. Niche diye number par call kare, hamara representative aapko verification process me guide karega.",spam,apk_fraud,ott_subscription,hg,vishing_callback,Netflix,VM-WHATSP,synthetic_v2,3,direct_apk_3
4678,"Dear Customer, Aapko Paytm Cashback se Rs 1500 cashback mila hai. Kripya aaj hi action le, warna aapka account block ho jayega. Aapke recent request ke baare me ek zaroori update hai. Niche diya document kholkar process complete kare.
[Forwarded] ",spam,apk_fraud,upi_cashback,hg,no_explicit_app_word,Paytm Cashback,+91 7700XXXX45,synthetic_v2,3,direct_apk_3
4688,"Priya Grahak, Aapke vehicle par traffic violation record hua hai. Fine: Rs 750. Challan number: CH51411266. turant jawab de, nahi to aapka account block ho jayega. Niche di gayi pdf file kholkar apni details check kare.
[Forwarded] eChallan_Pay.apk  14 MB . APK",spam,apk_fraud,rto_challan,hg,pdf_then_apk,e-Challan Dept,VK-LOANAP,synthetic_v2,3,direct_apk_3
4690,Badhai ho! Aapne Rs 1500 ka prize jeeta hai. Abhi claim kare bedy13.com/update par warna offer khatam ho jayega.,spam,link_fraud,prize_link,hg,link_only,,AD-ICICIB,synthetic_v2,3,direct_apk_3
4704,"Dear Customer , Aapke vehicle par traffic violation record hua hai. Fine: Rs 50000. Challan number: CH84668420. Kripya aaj HI action le, warna legal action hoga. Niche diye link se app install kare. parivahan-sewa.tk/verify ParivahanSewa.apk",spam,apk_fraud,rto_challan,hg,link_apk,Parivahan Sewa,VM-SBIBNK,synthetic_v2,3,direct_apk_3
4706,"Dear Customer, Aapka PNB KYC expire ho gaya hai aur dobara verify karna zaroori hai. Kripya aaj hi action le, warna legal action hoga. Is message ke sath attach QR code scan kare aur turant verify kare.",spam,apk_fraud,bank_kyc,hg,qr_code,PNB,VK-RTOGOV,synthetic_v2,3,direct_apk_3
4740,"Dear Customer, Aapko Paytm Cashback se Rs 1500 cashback mila hai. Kripya turant action le, warna legal action hoga. Aapke recent request ke baare me ek zaroori update hai. Niche diya document kholkar process complete kare.
[Forwarded] ",spam,apk_fraud,upi_cashback,hg,no_explicit_app_word,Paytm Cashback,VK-LOANAP,synthetic_v2,3,direct_apk_3
4760,Badhai ho! Aapne Rs 1000 ka prize jeeta hai. Abhi claim kare bit.ly/3xK9pL par warna offer khatam ho jayega.,spam,link_fraud,prize_link,hg,link_only,,AD-ICICIB,synthetic_v2,3,direct_apk_3
4765,"Namaste Customer, Aapka Power Distribution Co bijli bill Rs 25000 pending hai. Kripya 24 ghante ke andar action le, warna connection cut ho jayega. Attached file check kare aur use khol kar aage badhe.
[Forwarded] PowerPay_App.apk  14 MB . APK",spam,apk_fraud,electricity,hg,attached_file_no_link,Power Distribution Co,+91 8800XXXX12,synthetic_v2,3,direct_apk_3
4775,Badhai ho! Aapne Rs 2000 ka prize jeeta hai. Abhi claim kare cutt.ly/fakeapp par WARNA offer khatam ho jayega.,spam,link_fraud,prize_link,hg,link_only,,VK-RTOGOV,synthetic_v2,3,direct_apk_3
4780,"Income Tax Dept e-Filing: Aapko Rs 750 ka refund milne wala hai. aaj hi jawab de, nahi to aapka account block ho jayega. Niche di gayi pdf file kholkar apni details check kare.
[Forwarded] IT_Refund_Portal.apk  14 MB . APK",spam,apk_fraud,govt_refund,hg,pdf_then_apk,Income Tax Dept e-Filing,VM-WHATSP,synthetic_v2,3,direct_apk_3
4788,"Dear Customer, Aapka India Post parcel tracking GB-6477-E41 address adhura hone ki wajah se deliver nahi ho paya. Kripya jaldi se jaldi action le, warna connection cut ho jayega. Niche diye link se app install kare.
indiapost-track.info
IndiaPost_Track.apk",spam,apk_fraud,courier,hg,link_apk,India Post,VK-RTOGOV,synthetic_v2,3,direct_apk_3
4790,"Dear Customer, Asamanya login activity ki wajah se aapka Google Account account suspend ho sakta hai. Kripya aaj hi action le, warna legal action hoga. Niche diye link se app install kare.
google-secure-login.tk
Google_Secure.apk",spam,apk_fraud,security_verify,hg,link_apk,Google Account,AD-NETFLX,synthetic_v2,3,direct_apk_3
4794,"Priya Grahak, Netflix: Aapki membership expire ho gayi HAI. Kripya aaj hi action le, warna aapka acount block ho jayega. Aapke recent request ke baare me ek zaroori update hai. Niche diya document kholkar process complete kare. [Forwarded] Netflix_Update.apk",spam,apk_fraud,ott_subscription,hg,no_explicit_app_word,Netflix,VM-SBIBNK,synthetic_v2,3,direct_apk_3
4810,"Priya Grahak, Aapko UPI Rewards se Rs 500 cashback mila hai. Kripya 24 ghante ke andar action le, warna legal action hoga. Niche diye link se app install kare.
upi-cashback-claim.xyz
UPI_Cashback.apk",spam,apk_fraud,upi_cashback,hg,link_apk,UPI Rewards,VM-WHATSP,synthetic_v2,3,direct_apk_3
4819,Badhai HO! Aapne Rs 500 ka prize jeeta hai. Abhi claim kare cutt.ly/fakeapp par warna offer khatam ho jayega.,spam,link_fraud,prize_link,hg,link_only,,VK-UPIRWD,synthetic_v2,3,direct_apk_3
4820,"Dear Customer, Asamanya login activity ki wajah se aapka WhatsApp account suspend ho sakta hai. Kripya aaj hi action le, warna connection cut ho jayega. Niche di gayi pdf file kholkar apni details check kare.
[Forwarded] WhatsApp_Verify.apk  14 MB . APK",spam,apk_fraud,security_verify,hg,pdf_then_apk,WhatsApp,VM-SBIBNK,synthetic_v2,3,direct_apk_3
4834,Badhai ho! Aapne Rs 1500 ka prize jeeta hai. Abhi CLAIM kare bit.ly/3xK9pL par warna offer khatam ho jayega.,spam,link_fraud,prize_link,hg,link_only,,+91 8800XXXX12,synthetic_v2,3,direct_apk_3
4835,"Dear Customer, Aapka Power Distribution Co bijli bill Rs 25000 pending hai. turant jawab de, nahi to connection cut ho jayega. Niche diye link se app install kare.
powerpay-bill.in
PowerPay_App.apk",spam,apk_fraud,electricity,hg,link_apk,Power Distribution Co,VK-LOANAP,synthetic_v2,3,direct_apk_3
4844,"Priya Grahak, Aapka HDFC Bank KYC expire ho gaya hai aur dobara verify karna zaroori hai. aaj hi jawab de, nahi to aapka account block ho jayega. Aapse contact karne ki koshish ki thi. Niche diye number par call kare, hamara representative aapko verification process ME guide karega.",spam,apk_fraud,bank_kyc,hg,vishing_callback,HDFC Bank,+91 7700XXXX45,synthetic_v2,3,direct_apk_3
4854,Badhai ho! Aapne Rs 1000 ka prize jeeta hai. Abhi claim kare tinyurl.com/y8mfraud par warna offer khatam ho JAYEGA.,spam,link_fraud,prize_link,hg,link_only,,VK-UPIRWD,synthetic_v2,3,direct_apk_3
4856,"Dear Customer, Income Tax Department: Aapko Rs 500 ka refund milne wala hai. Kripya aaj hi action le, warna aapka account block ho jayega. Niche di gayi pdf file kholkar apni details check kare.
[Forwarded] TaxRefund_IT.apk  14 MB . APK",spam,apk_fraud,govt_refund,hg,pdf_then_apk,Income Tax Department,AD-NETFLX,synthetic_v2,3,direct_apk_3
4868,"Namaste Customer, Congratulations! QuickLoan Finance se Rs 5000 ka pre-approved offer mila hai. Kripya turant action le, warna legal action hoga. Niche di gayi pdf file kholkar apni details check kare.
[Forwarded] Loan_Approval.apk  14 MB . APK",spam,apk_fraud,loan_job,hg,pdf_then_apk,QuickLoan Finance,+91 8800XXXX12,synthetic_v2,3,direct_apk_3
4878,"Priya Grahak, Congratulations! QuickLoan Finance se Rs 750 ka pre-approved offer mila hai. Kripya aaj hi action le, warna aapka account block ho jayega. Niche diye link se app install kare.
quickloan-approve.xyz
Loan_Approval.apk",spam,apk_fraud,loan_job,hg,link_apk,QuickLoan Finance,JD-ITAXRF,synthetic_v2,3,direct_apk_3
4881,"Income Tax Dept e-Filing: Aapko Rs 1000 ka refund milne wala hai. Kripya 24 ghante ke andar action le, warna connection cut ho jayega. Niche diye link se app install kare.
it-refund-portal.info
IT_Refund_Portal.apk",spam,apk_fraud,govt_refund,hg,link_apk,Income Tax Dept e-Filing,VK-RTOGOV,synthetic_v2,3,direct_apk_3
4906,"Namaste Customer, Congratulations! HR Recruitment Cell se Rs 750 ka pre-approved offer mila hai. turant jawab de, nahi to legal action hoga. Is message ke sath attach QR code scan kare aur turant verify kare.",spam,apk_fraud,loan_job,hg,qr_code,HR Recruitment Cell,VM-SBIBNK,synthetic_v2,3,direct_apk_3
4909,"Namaste Customer, Netflix: Aapki membership expire ho gayi hai. jaldi SE jaldi jawab de, nahi to legal action hoga. Is message ke sath attach QR code scan kare aur turant verify kare.",spam,apk_fraud,ott_subscription,hg,qr_code,Netflix,JD-ITAXRF,synthetic_v2,3,direct_apk_3
4921,"Namaste Customer, Aapke ICICI Bank account se Rs 750 debit hua hai. Agar yeh aapne nahi kiya to account secure kare. 24 ghante ke andar jawab de, nahi to connection cut ho jayega. Niche di gayi pdf file kholkar apni details check kare.
[Forwarded] ICICI_Verify.apk  14 MB . APK",spam,apk_fraud,bank_alert,hg,pdf_then_apk,ICICI Bank,VK-RTOGOV,synthetic_v2,3,direct_apk_3
4930,"Dear Customer, Congratulations! HR Recruitment Cell se Rs 1500 ka pre-approved offer mila hai. jaldi se jaldi jawab de, nahi to connection cut ho jayega. Attached file check kare aur use khol kar aage badhe.
[Forwarded] Job_Portal.apk  14 MB . APK",spam,apk_fraud,loan_job,hg,attached_file_no_link,HR Recruitment Cell,VM-SBIBNK,synthetic_v2,3,direct_apk_3
4931,"Priya Grahak, Aapke ICICI Bank account se Rs 2000 debit hua hai. Agar yeh aapne nahi kiya to account secure kare. turant jawab de, nahi to aapka account block ho jayega. Is message ke sath attach QR code scan kare aur turant verify kare.",spam,apk_fraud,bank_alert,hg,qr_code,ICICI Bank,VK-LOANAP,synthetic_v2,3,direct_apk_3
4933,"Priya Grahak, Aapka ICICI Bank KYC expire ho gaya hai aur dobara verify karna zaroori hai.. Kripya turant action le, warna legal action hoga. Niche diye link se app install kare.
icici-verify-kyc.xyz
ICICI_Verify.apk",spam,apk_fraud,bank_kyc,hg,link_apk,ICICI Bank,AD-ICICIB,synthetic_v2,3,direct_apk_3
4934,"Dear Customer, Aapke vehicle par traffic violation record hua hai. Fine: Rs 5000. Challan number: CH45283872. Kripya 24 ghante ke andar action le, warna connection cut ho jayega. Niche diye link se app install kare.
echallan-pay.xyz
eChallan_Pay.apk",spam,apk_fraud,rto_challan,hg,link_apk,e-Challan Dept,VM-WHATSP,synthetic_v2,3,direct_apk_3
4943,"Namaste Customer, Congratulations! QuickLoan Finance se Rs 500 ka pre-approved offer mila hai. Kripya 24 ghante ke andar action le, warna connection cut ho jayega. Niche di gayi pdf file kholkar apni details check kare.
[Forwarded] Loan_Approval.apk  14 MB . APK",spam,apk_fraud,loan_job,hg,pdf_then_apk,QuickLoan Finance,+91 7700XXXX45,synthetic_v2,3,direct_apk_3
4944,"Namaste Customer, Aapke vehicle par traffic violation record hua hai. Fine: Rs 50000. Challan number: CH38327520. jaldi se jaldi jawab de, nahi to connection cut ho jayega. Attached file check kare aur use khol kar aage badhe.
[Forwarded] ParivahanSewa.apk  14 MB . APK",spam,apk_fraud,rto_challan,hg,attached_file_no_link,Parivahan Sewa,AD-ICICIB,synthetic_v2,3,direct_apk_3
4946,"Namaste Customer, Aapka SBI KYC expire ho gaya hai aur dobara verify karna zaroori hai. 24 ghante ke andar jawab de, nahi to connection cut ho jayega. Attached file check kare aur use khol kar aage badhe.
[Forwarded] SBI_Secure.apk  14 MB . APK",spam,apk_fraud,bank_kyc,hg,attached_file_no_link,SBI,AX-PWRBIL,synthetic_v2,3,direct_apk_3
4952,"Aapke vehicle par traffic violation record hua hai. Fine: Rs 1000. Challan number: CH12499514. Kripya turant action le, warna connection cut ho jayega. Attached file check kare aur use khol kar aage badhe.
[Forwarded] VAHAN_PARIVAHAN.apk  14 MB . APK",spam,apk_fraud,rto_challan,hg,attached_file_no_link,Parivahan / RTO Traffic Police,VM-WHATSP,synthetic_v2,3,direct_apk_3
4961,"Dear Customer, Aapke SBI account se Rs 2000 debit hua hai. Agar yeh aapne nahi kiya to account secure kare. Kripya aaj hi action le, warna legal action hoga. Attached file check kare aur use khol kar aage badhe.
[Forwarded] SBI_Secure.apk  14 MB . APK",spam,apk_fraud,bank_alert,hg,attached_file_no_link,SBI,INFO-GOVT,synthetic_v2,3,direct_apk_3
4975,"Aapke ICICI Bank account se Rs 1500 debit hua hai. Agar yeh aapne nahi kiya to account secure kare. 24 ghante ke andar jawab de, nahi to legal action hoga. Attached file check kare aur use khol kar aage badhe.
[Forwarded] ICICI_Verify.apk  14 MB . APK",spam,apk_fraud,bank_alert,hg,attached_file_no_link,ICICI Bank,JD-ITAXRF,synthetic_v2,3,direct_apk_3
4976,"Namaste Customer, Netflix: Aapki membership expire ho gayi hai. aaj hi jawab de, nahi to legal action hoga. Is message ke sath attach QR code scan kare aur turant verify kare.",spam,apk_fraud,ott_subscription,hg,qr_code,Netflix,+91 8800XXXX12,synthetic_v2,3,direct_apk_3
4982,Badhai ho! Aapne Rs 500 ka prize jeeta hai.. Abhi claim kare tinyurl.com/y8mfraud par WARNA offer khatam ho jayega.,spam,link_fraud,prize_link,hg,link_only,,VK-LOANAP,synthetic_v2,3,direct_apk_3
4998,"Namaste Customer, Aapko UPI Rewards se Rs 500 cashback mila hai. Kripya aaj hi action le, warna connection cut ho jayega. Niche di gayi pdf file kholkar apni details check kare.
[Forwarded] UPI_Cashback.apk  14 MB . APK",spam,apk_fraud,upi_cashback,hg,pdf_then_apk,UPI Rewards,VM-WHATSP,synthetic_v2,3,direct_apk_3
4999,"Disney+ Hotstar: Aapki membership expire ho gayi hai. Kripya jaldi se jaldi action le, warna legal action hoga. Niche di gayi pdf file kholkar apni details check kare.
[Forwarded] Hotstar_Renew.apk  14 MB . APK",spam,apk_fraud,ott_subscription,hg,pdf_then_apk,Disney+ Hotstar,AD-ICICIB,synthetic_v2,3,direct_apk_3
