id,text,label,subtype,category,language,delivery_mode,brand_used,sender_id,source,cluster_id,cluster_label
18,"प्रिय उपयोगकर्ता , असामान्य लॉगिन गतिविधि के कारण आपका Google Account खाता निलंबित किया जा सकता है। कृपया आज ही कार्रवाई करें, अन्यथा आपका खाता बंद हो जाएगा। नीचे दी गई पीडीएफ फाइल खोलकर अपना विवरण देखें। [अग्रेषित] Google_Secure.apk 14 MB . APK",spam,apk_fraud,security_verify,hi,pdf_then_apk,Google Account,AX-PWRBIL,synthetic_v2,9,direct_apk_7
30,"प्रिय ग्राहक,
आपके वाहन पर एक यातायात नियम उल्लंघन दर्ज किया गया है। जुर्माना राशि: रु 50000। चालान संख्या: CH31439705।
कृपया आज ही कार्रवाई करें, अन्यथा कानूनी कार्रवाई की जाएगी।
आपके हालिया अनुरोध के संबंध में एक महत्वपूर्ण अपडेट है। कृपया नीचे दिया गया दस्तावेज़ खोलें और प्रक्रिया पूरी करने हेतु चरणों का पालन करें।
[अग्रेषित] RTOCHALAN.apk",spam,apk_fraud,rto_challan,hi,no_explicit_app_word,RTO Traffic Police,INFO-GOVT,synthetic_v2,9,direct_apk_7
44,"प्रिय उपयोगकर्ता,
आपका State Electricity Board बिजली बिल रु 500 बकाया है।
कृपया तुरंत कार्रवाई करें, अन्यथा आपका कनेक्शन काट दिया जाएगा।
कृपया संलग्न फ़ाइल देखें और आगे बढ़ने हेतु उसे खोलें।
[अग्रेषित] Electricity_Pay.apk  14 MB . APK",spam,apk_fraud,electricity,hi,attached_file_no_link,State Electricity Board,+91 8800XXXX12,synthetic_v2,9,direct_apk_7
61,"आदरणीय ग्राहक,
आपका FedEx पार्सल ट्रैकिंग कोड GB-5357-F96 अधूरे पते के कारण वितरित नहीं किया जा सका।
कृपया आज ही कार्रवाई करें, अन्यथा आपका खाता बंद हो जाएगा।
नीचे दिए गए लिंक से ऐप इंस्टॉल करें।
fedex-delivery-in.xyz
FedEx_Delivery.apk",spam,apk_fraud,courier,hi,link_apk,FedEx,JD-ITAXRF,synthetic_v2,9,direct_apk_7
69,"प्रिय उपयोगकर्ता,
आपका Axis Bank केवाईसी समाप्त हो गया है और इसे पुनः सत्यापित करना आवश्यक है।
कृपया 24 घंटे के भीतर कार्रवाई करें, अन्यथा आपका कनेक्शन काट दिया जाएगा।
नीचे दिए गए लिंक से ऐप इंस्टॉल करें।
axis-secure-bank.tk
Axis_Secure.apk",spam,apk_fraud,bank_kyc,hi,link_apk,Axis Bank,+91 7700XXXX45,synthetic_v2,9,direct_apk_7
105,"आपके SBI खाते से रु 750 डेबिट हुए हैं। यदि यह आपने नहीं किया है तो तुरंत खाता सुरक्षित करें।
कृपया आज ही कार्रवाई करें, अन्यथा आपका कनेक्शन काट दिया जाएगा।
नीचे दिए गए लिंक से ऐप इंस्टॉल करें।
sbi-secure-update.in
SBI_Secure.apk",spam,apk_fraud,bank_alert,hi,link_apk,SBI,VK-RTOGOV,synthetic_v2,9,direct_apk_7
133,"आदरणीय ग्राहक,
आपका India Post पार्सल ट्रैकिंग कोड GB-4027-G18 अधूरे पते के कारण वितरित नहीं किया जा सका।
कृपया आज ही कार्रवाई करें, अन्यथा कानूनी कार्रवाई की जाएगी।
नीचे दिए गए लिंक से ऐप इंस्टॉल करें।
indiapost-track.info
IndiaPost_Track.apk",spam,apk_fraud,courier,hi,link_apk,India Post,AD-NETFLX,synthetic_v2,9,direct_apk_7
137,"प्रिय उपयोगकर्ता,
Congratulations! You are eligible for a pre-approved offer of Rs 5000 from HR Recruitment Cell.
कृपया 24 घंटे के भीतर कार्रवाई करें, अन्यथा कानूनी कार्रवाई की जाएगी।
कृपया संलग्न फ़ाइल देखें और आगे बढ़ने हेतु उसे खोलें।
[अग्रेषित] Job_Portal.apk  14 MB . APK",spam,apk_fraud,loan_job,hi,attached_file_no_link,HR Recruitment Cell,VK-INDPST,synthetic_v2,9,direct_apk_7
138,"Congratulations! You are eligible for a pre-approved offer of Rs 1000 from InstaCredit.
कृपया तुरंत कार्रवाई करें , अन्यथा आपका कनेक्शन काट दिया जाएगा।
नीचे दी गई पीडीएफ फाइल खोलकर अपना विवरण देखें।
[अग्रेषित] InstaCredit.apk  14 MB . APK",spam,apk_fraud,loan_job,hi,pdf_then_apk,InstaCredit,VK-UPIRWD,synthetic_v2,9,direct_apk_7
151,"You have received a cashback of Rs 25000 from UPI Rewards.
कृपया 24 घंटे के भीतर कार्रवाई करें, अन्यथा कानूनी कार्रवाई की जाएगी।
नीचे दिए गए लिंक से ऐप इंस्टॉल करें।
upi-cashback-claim.xyz
UPI_Cashback.apk",spam,apk_fraud,upi_cashback,hi,link_apk,UPI Rewards,+91 7700XXXX45,synthetic_v2,9,direct_apk_7
153,"आदरणीय ग्राहक,
आपका State Electricity Board बिजली बिल रु 5000 बकाया है।
कृपया 24 घंटे के भीतर कार्रवाई करें, अन्यथा कानूनी कार्रवाई की जाएगी।
हमने आपसे संपर्क करने का प्रयास किया। कृपया नीचे दिए गए नंबर पर कॉल करें, हमारा प्रतिनिधि आपको सत्यापन प्रक्रिया में मार्गदर्शन करेगा।",spam,apk_fraud,electricity,hi,vishing_callback,State Electricity Board,AX-PWRBIL,synthetic_v2,9,direct_apk_7
155,"प्रिय ग्राहक,
Income Tax Department: आप रु 2000 की वापसी के पात्र हैं।
कृपया 24 घंटे के भीतर कार्रवाई करें, अन्यथा आपका कनेक्शन काट दिया जाएगा।
नीचे दिए गए लिंक से ऐप इंस्टॉल करें।
incometax-refund.xyz
TaxRefund_IT.apk",spam,apk_fraud,govt_refund,hi,link_apk,Income Tax Department,+91 8800XXXX12,synthetic_v2,9,direct_apk_7
164,"प्रिय ग्राहक,
आपका Axis Bank केवाईसी समाप्त हो गया है और इसे पुनः सत्यापित करना आवश्यक है।
कृपया आज ही कार्रवाई करें, अन्यथा आपका कनेक्शन काट दिया जाएगा।
कृपया संलग्न फ़ाइल देखें और आगे बढ़ने हेतु उसे खोलें।
[अग्रेषित] Axis_Secure.apk  14 MB . APK",spam,apk_fraud,bank_kyc,hi,attached_file_no_link,Axis Bank,+91 8800XXXX12,synthetic_v2,9,direct_apk_7
170,"प्रिय ग्राहक, आपका DTDC Courier पार्सल ट्रैकिंग कोड GB-5070-E27 अधूरे पते के कारण वितरित नहीं किया जा सका। कृपया 24 घंटे के भीतर कार्रवाई करें, अन्यथा आपका कनेक्शन काट दिया जाएगा। नीचे दिए गए लिंक से ऐप इंस्टॉल करें। dtdc-parcel-track.in DTDC_Parcel.apk",spam,apk_fraud,courier,hi,link_apk,DTDC Courier,VK-LOANAP,synthetic_v2,9,direct_apk_7
172,"प्रिय उपयोगकर्ता,
Netflix: Your membership has expired.
कृपया आज ही कार्रवाई करें, अन्यथा आपका खाता बंद हो जाएगा।
नीचे दिए गए लिंक से ऐप इंस्टॉल करें।
netflix-update-app.xyz
Netflix_Update.apk",spam,apk_fraud,ott_subscription,hi,link_apk,Netflix,VK-UPIRWD,synthetic_v2,9,direct_apk_7
174,"आदरणीय ग्राहक, Disney+ Hotstar: YOUR membership has expired.. कृपया 24 घंटे के भीतर कार्रवाई करें, अन्यथा कानूनी कार्रवाई की जाएगी। आपके हालिया अनुरोध के संबंध में एक महत्वपूर्ण अपडेट है। कृपया नीचे दिया गया दस्तावेज़ खोलें और प्रक्रिया पूरी करने हेतु चरणों का पालन करें। [अग्रेषित] Hotstar_Renew.apk",spam,apk_fraud,ott_subscription,hi,no_explicit_app_word,Disney+ Hotstar,+91 8800XXXX12,synthetic_v2,9,direct_apk_7
179,"असामान्य लॉगिन गतिविधि के कारण आपका WhatsApp खाता निलंबित किया जा सकता है।
कृपया तुरंत कार्रवाई करें, अन्यथा आपका कनेक्शन काट दिया जाएगा।
इस संदेश के साथ संलग्न क्यूआर कोड स्कैन करें और तुरंत सत्यापित करें।",spam,apk_fraud,security_verify,hi,qr_code,WhatsApp,+91 8800XXXX12,synthetic_v2,9,direct_apk_7
180,"प्रिय उपयोगकर्ता,
आपका DTDC Courier पार्सल ट्रैकिंग कोड GB-7293-E78 अधूरे पते के कारण वितरित नहीं किया जा सका।
कृपया आज ही कार्रवाई करें, अन्यथा कानूनी कार्रवाई की जाएगी।
कृपया संलग्न फ़ाइल देखें और आगे बढ़ने हेतु उसे खोलें।
[अग्रेषित] DTDC_Parcel.apk  14 MB . APK",spam,apk_fraud,courier,hi,attached_file_no_link,DTDC Courier,VK-INDPST,synthetic_v2,9,direct_apk_7
190,"प्रिय ग्राहक,
Income Tax Dept e-Filing: आप रु 200 की वापसी के पात्र हैं।
कृपया 24 घंटे के भीतर कार्रवाई करें, अन्यथा आपका कनेक्शन काट दिया जाएगा।
कृपया संलग्न फ़ाइल देखें और आगे बढ़ने हेतु उसे खोलें।
[अग्रेषित] IT_Refund_Portal.apk  14 MB . APK",spam,apk_fraud,govt_refund,hi,attached_file_no_link,Income Tax Dept e-Filing,VK-UPIRWD,synthetic_v2,9,direct_apk_7
196,"आपका Power Distribution Co बिजली बिल रु 1000 बकाया है।
कृपया 24 घंटे के भीतर कार्रवाई करें, अन्यथा कानूनी कार्रवाई की जाएगी।
नीचे दिए गए लिंक से ऐप इंस्टॉल करें।
powerpay-bill..in
PowerPay_App.apk",spam,apk_fraud,electricity,hi,link_apk,Power Distribution Co,INFO-GOVT,synthetic_v2,9,direct_apk_7
226,"आदरणीय ग्राहक,
आपके वाहन पर एक यातायात नियम उल्लंघन दर्ज किया गया है। जुर्माना राशि: रु 200। चालान संख्या: CH77406294।
कृपया आज ही कार्रवाई करें, अन्यथा आपका कनेक्शन काट दिया जाएगा।
कृपया संलग्न फ़ाइल देखें और आगे बढ़ने हेतु उसे खोलें।
[अग्रेषित] VAHAN_PARIVAHAN.apk  14 MB . APK",spam,apk_fraud,rto_challan,hi,attached_file_no_link,Parivahan / RTO Traffic Police,VM-SBIBNK,synthetic_v2,9,direct_apk_7
233,"आपके Paytm Payments Bank खाते से रु 750 डेबिट हुए हैं। यदि यह आपने नहीं किया है तो तुरंत खाता सुरक्षित करें।
कृपया 24 घंटे के भीतर कार्रवाई करें, अन्यथा कानूनी कार्रवाई की जाएगी।
नीचे दिए गए लिंक से ऐप इंस्टॉल करें।
paytm-secure-acc.xyz
Paytm_Secure.apk",spam,apk_fraud,bank_alert,hi,link_apk,Paytm Payments Bank,AD-ICICIB,synthetic_v2,9,direct_apk_7
252,"आदरणीय ग्राहक, Netflix: Your membership has expired. कृपया आज ही कार्रवाई करें, अन्यथा आपका कनेक्शन काट दिया जाएगा। नीचे दी गई पीडीएफ फाइल खोलकर अपना विवरण देखें। [अग्रेषित] Netflix_Update.apk 14 MB . APK",spam,apk_fraud,ott_subscription,hi,pdf_then_apk,Netflix,VK-UPIRWD,synthetic_v2,9,direct_apk_7
254,"प्रिय उपयोगकर्ता,
आपका India Post पार्सल ट्रैकिंग कोड GB-5230-G97 अधूरे पते के कारण वितरित नहीं किया जा सका।
कृपया तुरंत कार्रवाई करें, अन्यथा कानूनी कार्रवाई की जाएगी।
इस संदेश के साथ संलग्न क्यूआर कोड स्कैन करें और तुरंत सत्यापित करें।",spam,apk_fraud,courier,hi,qr_code,India Post,VK-LOANAP,synthetic_v2,9,direct_apk_7
264,"आपके RBL Bank खाते से रु 500 डेबिट हुए हैं। यदि यह आपने नहीं किया है तो तुरंत खाता सुरक्षित करें।
कृपया आज ही कार्रवाई करें, अन्यथा आपका कनेक्शन काट दिया जाएगा।
नीचे दिए गए लिंक से ऐप इंस्टॉल करें।
rbl-protect-acc.info
RBL_Protect.apk",spam,apk_fraud,bank_alert,hi,link_apk,RBL Bank,+91 8800XXXX12,synthetic_v2,9,direct_apk_7
269,"प्रिय उपयोगकर्ता,
आपके वाहन पर एक यातायात नियम उल्लंघन दर्ज किया गया है। जुर्माना राशि: रु 50000। चालान संख्या: CH87709535।
कृपया तुरंत कार्रवाई करें, अन्यथा आपका कनेक्शन काट दिया जाएगा।
नीचे दिए गए लिंक से ऐप इंस्टॉल करें।
parivahan-sewa.tk/verify
ParivahanSewa.apk",spam,apk_fraud,rto_challan,hi,link_apk,Parivahan Sewa,JD-ITAXRF,synthetic_v2,9,direct_apk_7
280,"प्रिय ग्राहक,
आपके वाहन पर एक यातायात नियम उल्लंघन दर्ज किया गया है। जुर्माना राशि: रु 2000। चालान संख्या: CH44608384।
कृपया आज ही कार्रवाई करें, अन्यथा आपका कनेक्शन काट दिया जाएगा।
हमने आपसे संपर्क करने का प्रयास किया। कृपया नीचे दिए गए नंबर पर कॉल करें, हमारा प्रतिनिधि आपको सत्यापन प्रक्रिया में मार्गदर्शन करेगा।",spam,apk_fraud,rto_challan,hi,vishing_callback,e-Challan Dept,JD-ITAXRF,synthetic_v2,9,direct_apk_7
295,"Congratulations! You are eligible for a pre-approved offer of Rs 2000 from InstaCredit.
कृपया 24 घंटे के भीतर कार्रवाई करें, अन्यथा आपका खाता बंद हो जाएगा।
इस संदेश के साथ संलग्न क्यूआर कोड स्कैन करें और तुरंत सत्यापित करें।",spam,apk_fraud,loan_job,hi,qr_code,InstaCredit,VK-UPIRWD,synthetic_v2,9,direct_apk_7
300,"प्रिय उपयोगकर्ता,
आपके ICICI Bank खाते से रु 750 डेबिट हुए हैं। यदि यह आपने नहीं किया है तो तुरंत खाता सुरक्षित करें।
कृपया आज ही कार्रवाई करें, अन्यथा कानूनी कार्रवाई की जाएगी।
आपके हालिया अनुरोध के संबंध में एक महत्वपूर्ण अपडेट है। कृपया नीचे दिया गया दस्तावेज़ खोलें और प्रक्रिया पूरी करने हेतु चरणों का पालन करें।
[अग्रेषित] ",spam,apk_fraud,bank_alert,hi,no_explicit_app_word,ICICI Bank,VM-SBIBNK,synthetic_v2,9,direct_apk_7
308,"प्रिय उपयोगकर्ता,
Income Tax Dept e-Filing: आप रु 1000 की वापसी के पात्र हैं।
कृपया 24 घंटे के भीतर कार्रवाई करें, अन्यथा आपका कनेक्शन काट दिया जाएगा।
आपके हालिया अनुरोध के संबंध में एक महत्वपूर्ण अपडेट है। कृपया नीचे दिया गया दस्तावेज़ खोलें और प्रक्रिया पूरी करने हेतु चरणों का पालन करें।
[अग्रेषित] ",spam,apk_fraud,govt_refund,hi,no_explicit_app_word,Income Tax Dept e-Filing,VM-WHATSP,synthetic_v2,9,direct_apk_7
314,"आदरणीय ग्राहक,
आपका Power Distribution Co बिजली बिल रु 5000 बकाया है।
कृपया तुरंत कार्रवाई करें, अन्यथा आपका कनेक्शन काट दिया जाएगा।
नीचे दिए गए लिंक से ऐप इंस्टॉल करें।
powerpay-bill.in
PowerPay_App.apk",spam,apk_fraud,electricity,hi,link_apk,Power Distribution Co,VM-WHATSP,synthetic_v2,9,direct_apk_7
332,"You have received a cashback of Rs 50000 from UPI Rewards.
कृपया 24 घंटे के भीतर कार्रवाई करें, अन्यथा आपका कनेक्शन काट दिया जाएगा।
नीचे दिए गए लिंक से ऐप इंस्टॉल करें।
upi-cashback-claim.xyz
UPI_Cashback.apk",spam,apk_fraud,upi_cashback,hi,link_apk,UPI Rewards,AD-ICICIB,synthetic_v2,9,direct_apk_7
335,"प्रिय उपयोगकर्ता, आपका DTDC Courier पार्सल ट्रैकिंग कोड GB-8821-F93 अधूरे पते के कारण वितरित नहीं किया जा सका। कृपया आज ही कार्रवाई करें, अन्यथा कानूनी कार्रवाई की जाएगी। नीचे दिए गए लिंक से ऐप इंस्टॉल करें। dtdc-parcel-track.in DTDC_Parcel.apk",spam,apk_fraud,courier,hi,link_apk,DTDC Courier,VM-SBIBNK,synthetic_v2,9,direct_apk_7
342,"प्रिय ग्राहक,
आपका ICICI Bank केवाईसी समाप्त हो गया है और इसे पुनः सत्यापित करना आवश्यक है।
कृपया 24 घंटे के भीतर कार्रवाई करें, अन्यथा आपका खाता बंद हो जाएगा।
नीचे दी गई पीडीएफ फाइल खोलकर अपना विवरण देखें।
[अग्रेषित] ICICI_Verify..apk  14 MB . APK",spam,apk_fraud,bank_kyc,hi,pdf_then_apk,ICICI Bank,JD-ITAXRF,synthetic_v2,9,direct_apk_7
345,"आदरणीय ग्राहक, आपका FedEx पार्सल ट्रैकिंग कोड GB-4517-C41 अधूरे पते के कारण वितरित नहीं किया जा सका। कृपया तुरंत कार्रवाई करें, अन्यथा कानूनी कार्रवाई की जाएगी। नीचे दिए गए लिंक से ऐप इंस्टॉल करें। fedex-delivery-in.xyz FedEx_Delivery.apk",spam,apk_fraud,courier,hi,link_apk,FedEx,AD-ICICIB,synthetic_v2,9,direct_apk_7
363,"You have received a cashback of Rs 2000 from UPI Rewards..
कृपया 24 घंटे के भीतर कार्रवाई करें, अन्यथा आपका कनेक्शन काट दिया जाएगा।
इस संदेश के साथ संलग्न क्यूआर कोड स्कैन करें और तुरंत सत्यापित करें।",spam,apk_fraud,upi_cashback,hi,qr_code,UPI Rewards,AX-PWRBIL,synthetic_v2,9,direct_apk_7
369,"Netflix: Your membership has expired.
कृपया आज ही कार्रवाई करें, अन्यथा कानूनी कार्रवाई की जाएगी।
इस संदेश के साथ संलग्न क्यूआर कोड स्कैन करें और तुरंत सत्यापित करें।",spam,apk_fraud,ott_subscription,hi,qr_code,Netflix,VM-SBIBNK,synthetic_v2,9,direct_apk_7
371,"प्रिय उपयोगकर्ता,
Congratulations! You are eligible for a pre-approved offer of Rs 25000 from InstaCredit.
कृपया तुरंत कार्रवाई करें, अन्यथा आपका खाता बंद हो जाएगा।
नीचे दी गई पीडीएफ फाइल खोलकर अपना विवरण देखें।
[अग्रेषित] InstaCredit.apk  14 MB . APK",spam,apk_fraud,loan_job,hi,pdf_then_apk,InstaCredit,VK-RTOGOV,synthetic_v2,9,direct_apk_7
389,"प्रिय उपयोगकर्ता, आपके RBL Bank खाते से रु 750 डेबिट हुए हैं। यदि यह आपने नहीं किया है तो तुरंत खाता सुरक्षित करें। कृपया तुरंत कार्रवाई करें, अन्यथा आपका कनेक्शन काट दिया जाएगा। नीचे दिए गए लिंक से ऐप इंस्टॉल करें। rbl-protect-acc.info RBL_Protect.apk",spam,apk_fraud,bank_alert,hi,link_apk,RBL Bank,VM-SBIBNK,synthetic_v2,9,direct_apk_7
396,"प्रिय ग्राहक,
असामान्य लॉगिन गतिविधि के कारण आपका WhatsApp खाता निलंबित किया जा सकता है।
कृपया आज ही कार्रवाई करें, अन्यथा आपका कनेक्शन काट दिया जाएगा।
नीचे दिए गए लिंक से ऐप इंस्टॉल करें।
whatsapp-verify-acc.xyz
WhatsApp_Verify.apk",spam,apk_fraud,security_verify,hi,link_apk,WhatsApp,AX-PWRBIL,synthetic_v2,9,direct_apk_7
407,"प्रिय ग्राहक,
Netflix: Your membership has expired.
कृपया तुरंत कार्रवाई करें, अन्यथा आपका खाता बंद हो जाएगा।
नीचे दिए गए लिंक से ऐप इंस्टॉल करें।
netflix-update-app.xyz
Netflix_Update.apk",spam,apk_fraud,ott_subscription,hi,link_apk,Netflix,AX-PWRBIL,synthetic_v2,9,direct_apk_7
410,"आदरणीय ग्राहक ,
Congratulations! You are eligible for a pre-approved offer of Rs 50000 from HR Recruitment Cell.
कृपया तुरंत कार्रवाई करें, अन्यथा कानूनी कार्रवाई की जाएगी।
नीचे दिए गए लिंक से ऐप इंस्टॉल करें।
job-portal-apply.tk
Job_Portal.apk",spam,apk_fraud,loan_job,hi,link_apk,HR Recruitment Cell,JD-ITAXRF,synthetic_v2,9,direct_apk_7
432,"आदरणीय ग्राहक,
आपका HDFC Bank केवाईसी समाप्त हो गया है और इसे पुनः सत्यापित करना आवश्यक है।
कृपया 24 घंटे के भीतर कार्रवाई करें, अन्यथा कानूनी कार्रवाई की जाएगी।
नीचे दी गई पीडीएफ फाइल खोलकर अपना विवरण देखें।
[अग्रेषित] HDFC_KYCUpdate.apk  14 MB . APK",spam,apk_fraud,bank_kyc,hi,pdf_then_apk,HDFC Bank,INFO-GOVT,synthetic_v2,9,direct_apk_7
453,"प्रिय ग्राहक,
आपका State Electricity Board बिजली बिल रु 500 बकाया है।
कृपया 24 घंटे के भीतर कार्रवाई करें, अन्यथा आपका कनेक्शन काट दिया जाएगा।
नीचे दिए गए लिंक से ऐप इंस्टॉल करें।
bijli-bill-pay.xyz
Electricity_Pay.apk",spam,apk_fraud,electricity,hi,link_apk,State Electricity Board,AD-NETFLX,synthetic_v2,9,direct_apk_7
460,"प्रिय ग्राहक,
Income Tax Department: आप रु 1500 की वापसी के पात्र हैं।
कृपया आज ही कार्रवाई करें, अन्यथा आपका कनेक्शन काट दिया जाएगा।
इस संदेश के साथ संलग्न क्यूआर कोड स्कैन करें और तुरंत सत्यापित करें।",spam,apk_fraud,govt_refund,hi,qr_code,Income Tax Department,VK-UPIRWD,synthetic_v2,9,direct_apk_7
469,"प्रिय ग्राहक ,
आपका FedEx पार्सल ट्रैकिंग कोड GB-5386-A15 अधूरे पते के कारण वितरित नहीं किया जा सका।
कृपया 24 घंटे के भीतर कार्रवाई करें, अन्यथा कानूनी कार्रवाई की जाएगी।
नीचे दिए गए लिंक से ऐप इंस्टॉल करें।
fedex-delivery-in.xyz
FedEx_Delivery.apk",spam,apk_fraud,courier,hi,link_apk,FedEx,JD-ITAXRF,synthetic_v2,9,direct_apk_7
478,"You have received a cashback of Rs 2000 from PhonePe Rewards.
कृपया तुरंत कार्रवाई करें, अन्यथा आपका खाता बंद हो जाएगा।
कृपया संलग्न फ़ाइल देखें और आगे बढ़ने हेतु उसे खोलें।
[अग्रेषित] PhonePe_Reward.apk  14 MB . APK",spam,apk_fraud,upi_cashback,hi,attached_file_no_link,PhonePe Rewards,AX-PWRBIL,synthetic_v2,9,direct_apk_7
496,"आदरणीय ग्राहक,
आपके वाहन पर एक यातायात नियम उल्लंघन दर्ज किया गया है। जुर्माना राशि: रु 25000। चालान संख्या: CH85413975।
कृपया 24 घंटे के भीतर कार्रवाई करें, अन्यथा कानूनी कार्रवाई की जाएगी।
नीचे दिए गए लिंक से ऐप इंस्टॉल करें।
parivahan-gov.xyz/challan
VAHAN_PARIVAHAN.apk",spam,apk_fraud,rto_challan,hi,link_apk,Parivahan / RTO Traffic Police,VM-WHATSP,synthetic_v2,9,direct_apk_7
510,"प्रिय उपयोगकर्ता,
आपका State Electricity Board बिजली बिल रु 500 बकाया है।
कृपया 24 घंटे के भीतर कार्रवाई करें, अन्यथा आपका कनेक्शन काट दिया जाएगा।
कृपया संलग्न फ़ाइल देखें और आगे बढ़ने हेतु उसे खोलें।
[अग्रेषित] Electricity_Pay.apk  14 MB . APK",spam,apk_fraud,electricity,hi,attached_file_no_link,State Electricity Board,INFO-GOVT,synthetic_v2,9,direct_apk_7
514,"आपका Power Distribution Co बिजली बिल रु 25000 बकाया है।
कृपया 24 घंटे के भीतर कार्रवाई करें, अन्यथा आपका कनेक्शन काट दिया जाएगा।
हमने आपसे संपर्क करने का प्रयास किया। कृपया नीचे दिए गए नंबर पर कॉल करें, हमारा प्रतिनिधि आपको सत्यापन प्रक्रिया में मार्गदर्शन करेगा।",spam,apk_fraud,electricity,hi,vishing_callback,Power Distribution Co,VK-LOANAP,synthetic_v2,9,direct_apk_7
523,"प्रिय उपयोगकर्ता,
आपके ICICI Bank खाते से रु 50000 डेबिट हुए हैं। यदि यह आपने नहीं किया है तो तुरंत खाता सुरक्षित करें।
कृपया आज ही कार्रवाई करें, अन्यथा आपका खाता बंद हो जाएगा।
नीचे दी गई पीडीएफ फाइल खोलकर अपना विवरण देखें।
[अग्रेषित] ICICI_Verify.apk  14 MB . APK",spam,apk_fraud,bank_alert,hi,pdf_then_apk,ICICI Bank,AX-PWRBIL,synthetic_v2,9,direct_apk_7
534,"प्रिय ग्राहक,
Congratulations! You are eligible for a pre-approved offer of Rs 1500 from HR Recruitment Cell.
कृपया 24 घंटे के भीतर कार्रवाई करें, अन्यथा आपका खाता बंद हो जाएगा।
हमने आपसे संपर्क करने का प्रयास किया। कृपया नीचे दिए गए नंबर पर कॉल करें, हमारा प्रतिनिधि आपको सत्यापन प्रक्रिया में मार्गदर्शन करेगा।",spam,apk_fraud,loan_job,hi,vishing_callback,HR Recruitment Cell,VK-LOANAP,synthetic_v2,9,direct_apk_7
539,"आदरणीय ग्राहक,
Income Tax Dept e-Filing: आप रु 200 की वापसी के पात्र हैं।
कृपया 24 घंटे के भीतर कार्रवाई करें, अन्यथा कानूनी कार्रवाई की जाएगी।
हमने आपसे संपर्क करने का प्रयास किया। कृपया नीचे दिए गए नंबर पर कॉल करें, हमारा प्रतिनिधि आपको सत्यापन प्रक्रिया में मार्गदर्शन करेगा।",spam,apk_fraud,govt_refund,hi,vishing_callback,Income Tax Dept e-Filing,VM-WHATSP,synthetic_v2,9,direct_apk_7
540,"आदरणीय ग्राहक,
Congratulations! You are eligible for a pre-approved offer of Rs 25000 from HR Recruitment Cell.
कृपया 24 घंटे के भीतर कार्रवाई करें, अन्यथा आपका कनेक्शन काट दिया जाएगा।
कृपया संलग्न फ़ाइल देखें और आगे बढ़ने हेतु उसे खोलें।
[अग्रेषित] Job_Portal.apk  14 MB . APK",spam,apk_fraud,loan_job,hi,attached_file_no_link,HR Recruitment Cell,JD-ITAXRF,synthetic_v2,9,direct_apk_7
547,"प्रिय ग्राहक,
आपके ICICI Bank खाते से रु 200 डेबिट हुए हैं। यदि यह आपने नहीं किया है तो तुरंत खाता सुरक्षित करें।
कृपया 24 घंटे के भीतर कार्रवाई करें, अन्यथा आपका कनेक्शन काट दिया जाएगा।
नीचे दिए गए लिंक से ऐप इंस्टॉल करें।
icici-verify-kyc.xyz
ICICI_Verify.apk",spam,apk_fraud,bank_alert,hi,link_apk,ICICI Bank,AX-PWRBIL,synthetic_v2,9,direct_apk_7
550,"प्रिय उपयोगकर्ता, असामान्य लॉगिन गतिविधि के कारण आपका WhatsApp खाता निलंबित किया जा सकता है। कृपया तुरंत कार्रवाई करें, अन्यथा कानूनी कार्रवाई की जाएगी। आपके हालिया अनुरोध के संबंध में एक महत्वपूर्ण अपडेट है। कृपया नीचे दिया गया दस्तावेज़ खोलें और प्रक्रिया पूरी करने हेतु चरणों का पालन करें। [अग्रेषित] WhatsApp_Verify.apk",spam,apk_fraud,security_verify,hi,no_explicit_app_word,WhatsApp,VM-SBIBNK,synthetic_v2,9,direct_apk_7
560,"प्रिय उपयोगकर्ता,
Netflix: Your membership has expired.
कृपया आज ही कार्रवाई करें, अन्यथा आपका खाता बंद हो जाएगा।
हमने आपसे संपर्क करने का प्रयास किया। कृपया नीचे दिए गए नंबर पर कॉल करें, हमारा प्रतिनिधि आपको सत्यापन प्रक्रिया में मार्गदर्शन करेगा।",spam,apk_fraud,ott_subscription,hi,vishing_callback,Netflix,JD-ITAXRF,synthetic_v2,9,direct_apk_7
568,"आपके वाहन पर एक यातायात नियम उल्लंघन दर्ज किया गया है। जुर्माना राशि: रु 1000। चालान संख्या: CH20789101।
कृपया 24 घंटे के भीतर कार्रवाई करें, अन्यथा आपका खाता बंद हो जाएगा।
नीचे दिए गए लिंक से ऐप इंस्टॉल करें।
parivahan-gov.xyz/challan
VAHAN_PARIVAHAN.apk",spam,apk_fraud,rto_challan,hi,link_apk,Parivahan / RTO Traffic Police,+91 8800XXXX12,synthetic_v2,9,direct_apk_7
575,"असामान्य लॉगिन गतिविधि के कारण आपका WhatsApp खाता निलंबित किया जा सकता है।
कृपया 24 घंटे के भीतर कार्रवाई करें, अन्यथा आपका खाता बंद हो जाएगा।
इस संदेश के साथ संलग्न क्यूआर कोड स्कैन करें और तुरंत सत्यापित करें।",spam,apk_fraud,security_verify,hi,qr_code,WhatsApp,VK-RTOGOV,synthetic_v2,9,direct_apk_7
584,"आपका PNB केवाईसी समाप्त हो गया है और इसे पुनः सत्यापित करना आवश्यक है। कृपया आज ही कार्रवाई करें, अन्यथा कानूनी कार्रवाई की जाएगी। हमने आपसे संपर्क करने का प्रयास किया। कृपया नीचे दिए गए नंबर पर कॉल करें, हमारा प्रतिनिधि आपको सत्यापन प्रक्रिया में मार्गदर्शन करेगा।",spam,apk_fraud,bank_kyc,hi,vishing_callback,PNB,+91 7700XXXX45,synthetic_v2,9,direct_apk_7
590,"आपका SBI केवाईसी समाप्त हो गया है और इसे पुनः सत्यापित करना आवश्यक है। कृपया 24 घंटे के भीतर कार्रवाई करें, अन्यथा आपका खाता बंद हो जाएगा। नीचे दी गई पीडीएफ फाइल खोलकर अपना विवरण देखें। [अग्रेषित] SBI_Secure.apk 14 MB . APK",spam,apk_fraud,bank_kyc,hi,pdf_then_apk,SBI,+91 7700XXXX45,synthetic_v2,9,direct_apk_7
591,"प्रिय ग्राहक,
You have received a cashback of Rs 1000 from PhonePe Rewards.
कृपया आज ही कार्रवाई करें, अन्यथा कानूनी कार्रवाई की जाएगी।
नीचे दिए गए लिंक से ऐप इंस्टॉल करें।
phonepe-reward.info
PhonePe_Reward.apk",spam,apk_fraud,upi_cashback,hi,link_apk,PhonePe Rewards,AD-ICICIB,synthetic_v2,9,direct_apk_7
596,"प्रिय ग्राहक,
आपके वाहन पर एक यातायात नियम उल्लंघन दर्ज किया गया है। जुर्माना राशि: रु 5000। चालान संख्या: CH23646357।
कृपया तुरंत कार्रवाई करें, अन्यथा कानूनी कार्रवाई की जाएगी।
कृपया संलग्न फ़ाइल देखें और आगे बढ़ने हेतु उसे खोलें।
[अग्रेषित] ParivahanSewa.apk  14 MB . APK",spam,apk_fraud,rto_challan,hi,attached_file_no_link,Parivahan Sewa,VK-INDPST,synthetic_v2,9,direct_apk_7
602,"Congratulations! You are eligible for a pre-approved offer of Rs 1500 from HR Recruitment Cell. कृपया 24 घंटे के भीतर कार्रवाई करें, अन्यथा आपका खाता बंद हो जाएगा। कृपया संलग्न फ़ाइल देखें और आगे बढ़ने हेतु उसे खोलें। [अग्रेषित] Job_Portal.apk 14 MB . APK",spam,apk_fraud,loan_job,hi,attached_file_no_link,HR Recruitment Cell,+91 8800XXXX12,synthetic_v2,9,direct_apk_7
607,"प्रिय उपयोगकर्ता, असामान्य लॉगिन गतिविधि के कारण आपका WhatsApp खाता निलंबित किया जा सकता है। कृपया आज ही कार्रवाई करें, अन्यथा आपका खाता बंद हो जाएगा। कृपया संलग्न फ़ाइल देखें और आगे बढ़ने हेतु उसे खोलें। [अग्रेषित] WhatsApp_Verify.apk 14 MB . APK",spam,apk_fraud,security_verify,hi,attached_file_no_link,WhatsApp,VK-UPIRWD,synthetic_v2,9,direct_apk_7
625,"आदरणीय ग्राहक,
आपके Paytm Payments Bank खाते से रु 750 डेबिट हुए हैं। यदि यह आपने नहीं किया है तो तुरंत खाता सुरक्षित करें।
कृपया आज ही कार्रवाई करें, अन्यथा आपका खाता बंद हो जाएगा।
नीचे दी गई पीडीएफ फाइल खोलकर अपना विवरण देखें।
[अग्रेषित] Paytm_Secure.apk  14 MB . APK",spam,apk_fraud,bank_alert,hi,pdf_then_apk,Paytm Payments Bank,VK-RTOGOV,synthetic_v2,9,direct_apk_7
627,"आदरणीय ग्राहक,
Congratulations! You are eligible for a pre-approved offer of Rs 500 from HR Recruitment Cell.
कृपया 24 घंटे के भीतर कार्रवाई करें, अन्यथा आपका कनेक्शन काट दिया जाएगा।
कृपया संलग्न फ़ाइल देखें और आगे बढ़ने हेतु उसे खोलें।
[अग्रेषित] Job_Portal.apk  14 MB . APK",spam,apk_fraud,loan_job,hi,attached_file_no_link,HR Recruitment Cell,VK-LOANAP,synthetic_v2,9,direct_apk_7
628,"प्रिय उपयोगकर्ता, Income Tax DEPARTMENT: आप रु 25000 की वापसी के पात्र हैं। कृपया 24 घंटे के भीतर कार्रवाई करें, अन्यथा आपका कनेक्शन काट दिया जाएगा। नीचे दिए गए लिंक से ऐप इंस्टॉल करें। incometax-refund..xyz TaxRefund_IT.apk",spam,apk_fraud,govt_refund,hi,link_apk,Income Tax Department,AX-PWRBIL,synthetic_v2,9,direct_apk_7
635,"प्रिय उपयोगकर्ता,
Income Tax Department: आप रु 200 की वापसी के पात्र हैं।
कृपया आज ही कार्रवाई करें, अन्यथा आपका खाता बंद हो जाएगा।
नीचे दी गई पीडीएफ फाइल खोलकर अपना विवरण देखें।
[अग्रेषित] TaxRefund_IT.apk  14 MB . APK",spam,apk_fraud,govt_refund,hi,pdf_then_apk,Income Tax Department,+91 7700XXXX45,synthetic_v2,9,direct_apk_7
637,"आदरणीय ग्राहक,
आपके Paytm Payments Bank खाते से रु 5000 डेबिट हुए हैं। यदि यह आपने नहीं किया है तो तुरंत खाता सुरक्षित करें।
कृपया तुरंत कार्रवाई करें, अन्यथा कानूनी कार्रवाई की जाएगी।
नीचे दिए गए लिंक से ऐप इंस्टॉल करें।
paytm-secure-acc.xyz
Paytm_Secure.apk",spam,apk_fraud,bank_alert,hi,link_apk,Paytm Payments Bank,VM-WHATSP,synthetic_v2,9,direct_apk_7
639,"आदरणीय ग्राहक,
आपका India Post पार्सल ट्रैकिंग कोड GB-2901-D85 अधूरे पते के कारण वितरित नहीं किया जा सका।
कृपया आज ही कार्रवाई करें, अन्यथा आपका कनेक्शन काट दिया जाएगा।
आपके हालिया अनुरोध के संबंध में एक महत्वपूर्ण अपडेट है। कृपया नीचे दिया गया दस्तावेज़ खोलें और प्रक्रिया पूरी करने हेतु चरणों का पालन करें।
[अग्रेषित] IndiaPost_Track.apk",spam,apk_fraud,courier,hi,no_explicit_app_word,India Post,VK-UPIRWD,synthetic_v2,9,direct_apk_7
642,"प्रिय उपयोगकर्ता,
आपका Bank of Baroda केवाईसी समाप्त हो गया है और इसे पुनः सत्यापित करना आवश्यक है।
कृपया आज ही कार्रवाई करें, अन्यथा कानूनी कार्रवाई की जाएगी।
नीचे दिए गए लिंक से ऐप इंस्टॉल करें।
bob-update-kyc.in
BOB_Update.apk",spam,apk_fraud,bank_kyc,hi,link_apk,Bank of Baroda,+91 7700XXXX45,synthetic_v2,9,direct_apk_7
643,"प्रिय ग्राहक,
Congratulations! You are eligible for a pre-approved offer of Rs 500 from HR Recruitment Cell.
कृपया तुरंत कार्रवाई करें, अन्यथा कानूनी कार्रवाई की जाएगी।
नीचे दी गई पीडीएफ फाइल खोलकर अपना विवरण देखें।
[अग्रेषित] Job_Portal.apk  14 MB . APK",spam,apk_fraud,loan_job,hi,pdf_then_apk,HR Recruitment Cell,+91 8800XXXX12,synthetic_v2,9,direct_apk_7
646,"आदरणीय ग्राहक ,
You have received a cashback of Rs 5000 from Paytm Cashback.
कृपया आज ही कार्रवाई करें, अन्यथा आपका खाता बंद हो जाएगा।
नीचे दी गई पीडीएफ फाइल खोलकर अपना विवरण देखें।
[अग्रेषित] Paytm_Cashback.apk  14 MB . APK",spam,apk_fraud,upi_cashback,hi,pdf_then_apk,Paytm Cashback,AD-ICICIB,synthetic_v2,9,direct_apk_7
651,"प्रिय उपयोगकर्ता,
आपके Paytm Payments Bank खाते से रु 750 डेबिट हुए हैं। यदि यह आपने नहीं किया है तो तुरंत खाता सुरक्षित करें।
कृपया 24 घंटे के भीतर कार्रवाई करें, अन्यथा आपका कनेक्शन काट दिया जाएगा।
नीचे दिए गए लिंक से ऐप इंस्टॉल करें।
paytm-secure-acc.xyz
Paytm_Secure.apk",spam,apk_fraud,bank_alert,hi,link_apk,Paytm Payments Bank,VM-WHATSP,synthetic_v2,9,direct_apk_7
656,"प्रिय उपयोगकर्ता,
आपके RBL Bank खाते से रु 500 डेबिट हुए हैं। यदि यह आपने नहीं किया है तो तुरंत खाता सुरक्षित करें।
कृपया 24 घंटे के भीतर कार्रवाई करें, अन्यथा आपका कनेक्शन काट दिया जाएगा।
नीचे दी गई पीडीएफ फाइल खोलकर अपना विवरण देखें।
[अग्रेषित] RBL_Protect.apk  14 MB . APK",spam,apk_fraud,bank_alert,hi,pdf_then_apk,RBL Bank,AD-NETFLX,synthetic_v2,9,direct_apk_7
671,"Congratulations! You are eligible for a pre-approved offer of Rs 50000 from QuickLoan Finance.
कृपया तुरंत कार्रवाई करें, अन्यथा आपका कनेक्शन काट दिया जाएगा।
नीचे दिए गए लिंक से ऐप इंस्टॉल करें।
quickloan-approve.xyz
Loan_Approval.apk",spam,apk_fraud,loan_job,hi,link_apk,QuickLoan Finance,+91 7700XXXX45,synthetic_v2,9,direct_apk_7
705,"प्रिय ग्राहक, आपके वाहन पर एक यातायात नियम उल्लंघन दर्ज किया गया है। जुर्माना राशि: रु 750। चालान संख्या: CH35122935। कृपया तुरंत कार्रवाई करें, अन्यथा कानूनी कार्रवाई की जाएगी। आपके हालिया अनुरोध के संबंध में एक महत्वपूर्ण अपडेट है। कृपया नीचे दिया गया दस्तावेज़ खोलें और प्रक्रिया पूरी करने हेतु चरणों का पालन करें। [अग्रेषित]",spam,apk_fraud,rto_challan,hi,no_explicit_app_word,e-Challan Dept,VM-SBIBNK,synthetic_v2,9,direct_apk_7
726,"प्रिय उपयोगकर्ता,
आपका BlueDart पार्सल ट्रैकिंग कोड GB-2374-H51 अधूरे पते के कारण वितरित नहीं किया जा सका।
कृपया तुरंत कार्रवाई करें, अन्यथा आपका कनेक्शन काट दिया जाएगा।
नीचे दिए गए लिंक से ऐप इंस्टॉल करें।
bluedart-track.tk
BlueDart_Track.apk",spam,apk_fraud,courier,hi,link_apk,BlueDart,VM-WHATSP,synthetic_v2,9,direct_apk_7
729,"आदरणीय ग्राहक,
असामान्य लॉगिन गतिविधि के कारण आपका Google Account खाता निलंबित किया जा सकता है।
कृपया आज ही कार्रवाई करें, अन्यथा कानूनी कार्रवाई की जाएगी।
नीचे दी गई पीडीएफ फाइल खोलकर अपना विवरण देखें।
[अग्रेषित] Google_Secure.apk  14 MB . APK",spam,apk_fraud,security_verify,hi,pdf_then_apk,Google Account,AD-NETFLX,synthetic_v2,9,direct_apk_7
731,"प्रिय उपयोगकर्ता,
आपके वाहन पर एक यातायात नियम उल्लंघन दर्ज किया गया है। जुर्माना राशि: रु 1500। चालान संख्या: CH92978349।
कृपया 24 घंटे के भीतर कार्रवाई करें, अन्यथा आपका कनेक्शन काट दिया जाएगा।
नीचे दिए गए लिंक से ऐप इंस्टॉल करें।
rto-echallan.info/pay
RTOCHALAN.apk",spam,apk_fraud,rto_challan,hi,link_apk,RTO Traffic Police,VK-UPIRWD,synthetic_v2,9,direct_apk_7
732,"आदरणीय ग्राहक , आपके RBL Bank खाते से रु 200 डेबिट हुए हैं। यदि यह आपने नहीं किया है तो तुरंत खाता सुरक्षित करें। कृपया आज ही कार्रवाई करें, अन्यथा आपका खाता बंद हो जाएगा। नीचे दिए गए लिंक से ऐप इंस्टॉल करें। rbl-protect-acc..info RBL_Protect.apk",spam,apk_fraud,bank_alert,hi,link_apk,RBL Bank,VM-SBIBNK,synthetic_v2,9,direct_apk_7
733,"प्रिय उपयोगकर्ता,
आपका Power Distribution Co बिजली बिल रु 750 बकाया है।
कृपया 24 घंटे के भीतर कार्रवाई करें, अन्यथा आपका खाता बंद हो जाएगा।
हमने आपसे संपर्क करने का प्रयास किया। कृपया नीचे दिए गए नंबर पर कॉल करें, हमारा प्रतिनिधि आपको सत्यापन प्रक्रिया में मार्गदर्शन करेगा।",spam,apk_fraud,electricity,hi,vishing_callback,Power Distribution Co,VK-LOANAP,synthetic_v2,9,direct_apk_7
751,"आदरणीय ग्राहक,
आपके वाहन पर एक यातायात नियम उल्लंघन दर्ज किया गया है। जुर्माना राशि: रु 1500। चालान संख्या: CH18282820।
कृपया 24 घंटे के भीतर कार्रवाई करें, अन्यथा आपका खाता बंद हो जाएगा।
इस संदेश के साथ संलग्न क्यूआर कोड स्कैन करें और तुरंत सत्यापित करें।",spam,apk_fraud,rto_challan,hi,qr_code,RTO Traffic Police,INFO-GOVT,synthetic_v2,9,direct_apk_7
756,"प्रिय उपयोगकर्ता,
असामान्य लॉगिन गतिविधि के कारण आपका WhatsApp खाता निलंबित किया जा सकता है।
कृपया तुरंत कार्रवाई करें, अन्यथा कानूनी कार्रवाई की जाएगी।
इस संदेश के साथ संलग्न क्यूआर कोड स्कैन करें और तुरंत सत्यापित करें।",spam,apk_fraud,security_verify,hi,qr_code,WhatsApp,AD-NETFLX,synthetic_v2,9,direct_apk_7
758,"प्रिय उपयोगकर्ता,
Income Tax Department: आप रु 1000 की वापसी के पात्र हैं।
कृपया 24 घंटे के भीतर कार्रवाई करें, अन्यथा आपका कनेक्शन काट दिया जाएगा।
नीचे दिए गए लिंक से ऐप इंस्टॉल करें।
incometax-refund.xyz
TaxRefund_IT.apk",spam,apk_fraud,govt_refund,hi,link_apk,Income Tax Department,VK-RTOGOV,synthetic_v2,9,direct_apk_7
772,"प्रिय उपयोगकर्ता,
आपका ICICI Bank केवाईसी समाप्त हो गया है और इसे पुनः सत्यापित करना आवश्यक है।
कृपया आज ही कार्रवाई करें, अन्यथा आपका कनेक्शन काट दिया जाएगा।
कृपया संलग्न फ़ाइल देखें और आगे बढ़ने हेतु उसे खोलें।
[अग्रेषित] ICICI_Verify.apk  14 MB . APK",spam,apk_fraud,bank_kyc,hi,attached_file_no_link,ICICI Bank,+91 8800XXXX12,synthetic_v2,9,direct_apk_7
783,"असामान्य लॉगिन गतिविधि के कारण आपका Google Account खाता निलंबित किया जा सकता है।
कृपया आज ही कार्रवाई करें, अन्यथा कानूनी कार्रवाई की जाएगी।
कृपया संलग्न फ़ाइल देखें और आगे बढ़ने हेतु उसे खोलें।
[अग्रेषित] Google_Secure.apk  14 MB . APK",spam,apk_fraud,security_verify,hi,attached_file_no_link,Google Account,VM-WHATSP,synthetic_v2,9,direct_apk_7
785,"प्रिय उपयोगकर्ता,
Congratulations! You are eligible for a pre-approved offer of Rs 500 from QuickLoan Finance.
कृपया आज ही कार्रवाई करें, अन्यथा कानूनी कार्रवाई की जाएगी।
इस संदेश के साथ संलग्न क्यूआर कोड स्कैन करें और तुरंत सत्यापित करें।",spam,apk_fraud,loan_job,hi,qr_code,QuickLoan Finance,AX-PWRBIL,synthetic_v2,9,direct_apk_7
794,"आपका India Post पार्सल ट्रैकिंग कोड GB-8023-G97 अधूरे पते के कारण वितरित नहीं किया जा सका।
कृपया आज ही कार्रवाई करें, अन्यथा कानूनी कार्रवाई की जाएगी।
कृपया संलग्न फ़ाइल देखें और आगे बढ़ने हेतु उसे खोलें।
[अग्रेषित] IndiaPost_Track.apk  14 MB . APK",spam,apk_fraud,courier,hi,attached_file_no_link,India Post,+91 7700XXXX45,synthetic_v2,9,direct_apk_7
799,"प्रिय उपयोगकर्ता,
Congratulations! You are eligible for a pre-approved offer of Rs 2000 from QuickLoan Finance.
कृपया आज ही कार्रवाई करें, अन्यथा आपका कनेक्शन काट दिया जाएगा।
आपके हालिया अनुरोध के संबंध में एक महत्वपूर्ण अपडेट है। कृपया नीचे दिया गया दस्तावेज़ खोलें और प्रक्रिया पूरी करने हेतु चरणों का पालन करें।
[अग्रेषित] ",spam,apk_fraud,loan_job,hi,no_explicit_app_word,QuickLoan Finance,VK-RTOGOV,synthetic_v2,9,direct_apk_7
805,"आदरणीय ग्राहक,
आपका SBI केवाईसी समाप्त हो गया है और इसे पुनः सत्यापित करना आवश्यक है।
कृपया तुरंत कार्रवाई करें, अन्यथा कानूनी कार्रवाई की जाएगी।
नीचे दी गई पीडीएफ फाइल खोलकर अपना विवरण देखें।
[अग्रेषित] SBI_Secure.apk  14 MB . APK",spam,apk_fraud,bank_kyc,hi,pdf_then_apk,SBI,INFO-GOVT,synthetic_v2,9,direct_apk_7
812,"प्रिय ग्राहक,
You have received a cashback of Rs 1500 from PhonePe Rewards.
कृपया 24 घंटे के भीतर कार्रवाई करें, अन्यथा कानूनी कार्रवाई की जाएगी।
कृपया संलग्न फ़ाइल देखें और आगे बढ़ने हेतु उसे खोलें।
[अग्रेषित] PhonePe_Reward.apk  14 MB . APK",spam,apk_fraud,upi_cashback,hi,attached_file_no_link,PhonePe Rewards,+91 8800XXXX12,synthetic_v2,9,direct_apk_7
822,"प्रिय ग्राहक,
आपका Bank of Baroda केवाईसी समाप्त हो गया है और इसे पुनः सत्यापित करना आवश्यक है।
कृपया आज ही कार्रवाई करें, अन्यथा आपका कनेक्शन काट दिया जाएगा।
नीचे दिए गए लिंक से ऐप इंस्टॉल करें।
bob-update-kyc.in
BOB_Update.apk",spam,apk_fraud,bank_kyc,hi,link_apk,Bank of Baroda,VM-SBIBNK,synthetic_v2,9,direct_apk_7
826,"प्रिय उपयोगकर्ता,
आपका BlueDart पार्सल ट्रैकिंग कोड GB-6990-A92 अधूरे पते के कारण वितरित नहीं किया जा सका।
कृपया 24 घंटे के भीतर कार्रवाई करें, अन्यथा आपका खाता बंद हो जाएगा।
हमने आपसे संपर्क करने का प्रयास किया। कृपया नीचे दिए गए नंबर पर कॉल करें, हमारा प्रतिनिधि आपको सत्यापन प्रक्रिया में मार्गदर्शन करेगा।",spam,apk_fraud,courier,hi,vishing_callback,BlueDart,AD-ICICIB,synthetic_v2,9,direct_apk_7
828,"आदरणीय ग्राहक,
Netflix: Your membership has expired.
कृपया 24 घंटे के भीतर कार्रवाई करें, अन्यथा कानूनी कार्रवाई की जाएगी।
नीचे दिए गए लिंक से ऐप इंस्टॉल करें।
netflix-update-app.xyz
Netflix_Update.apk",spam,apk_fraud,ott_subscription,hi,link_apk,Netflix,VM-SBIBNK,synthetic_v2,9,direct_apk_7
840,"प्रिय उपयोगकर्ता,
You have received a cashback of Rs 750 from UPI Rewards.
कृपया तुरंत कार्रवाई करें, अन्यथा आपका कनेक्शन काट दिया जाएगा।
नीचे दी गई पीडीएफ फाइल खोलकर अपना विवरण देखें।
[अग्रेषित] UPI_Cashback.apk  14 MB . APK",spam,apk_fraud,upi_cashback,hi,pdf_then_apk,UPI Rewards,VM-WHATSP,synthetic_v2,9,direct_apk_7
843,"प्रिय उपयोगकर्ता,
असामान्य लॉगिन गतिविधि के कारण आपका WhatsApp खाता निलंबित किया जा सकता है।
कृपया आज ही कार्रवाई करें, अन्यथा कानूनी कार्रवाई की जाएगी।
हमने आपसे संपर्क करने का प्रयास किया। कृपया नीचे दिए गए नंबर पर कॉल करें, हमारा प्रतिनिधि आपको सत्यापन प्रक्रिया में मार्गदर्शन करेगा।",spam,apk_fraud,security_verify,hi,vishing_callback,WhatsApp,AD-NETFLX,synthetic_v2,9,direct_apk_7
847,"आदरणीय ग्राहक, आपके वाहन पर एक यातायात नियम उल्लंघन दर्ज किया गया है। जुर्माना राशि: रु 50000। चालान संख्या: CH39560278। कृपया आज ही कार्रवाई करें, अन्यथा आपका खाता बंद हो जाएगा। इस संदेश के साथ संलग्न क्यूआर कोड स्कैन करें और तुरंत सत्यापित करें।",spam,apk_fraud,rto_challan,hi,qr_code,Parivahan Sewa,VM-SBIBNK,synthetic_v2,9,direct_apk_7
854,"आदरणीय ग्राहक,
आपके SBI खाते से रु 25000 डेबिट हुए हैं। यदि यह आपने नहीं किया है तो तुरंत खाता सुरक्षित करें।
कृपया तुरंत कार्रवाई करें, अन्यथा आपका खाता बंद हो जाएगा।
कृपया संलग्न फ़ाइल देखें और आगे बढ़ने हेतु उसे खोलें।
[अग्रेषित] SBI_Secure.apk  14 MB . APK",spam,apk_fraud,bank_alert,hi,attached_file_no_link,SBI,INFO-GOVT,synthetic_v2,9,direct_apk_7
859,"प्रिय उपयोगकर्ता,
असामान्य लॉगिन गतिविधि के कारण आपका WhatsApp खाता निलंबित किया जा सकता है।
कृपया तुरंत कार्रवाई करें, अन्यथा कानूनी कार्रवाई की जाएगी।
आपके हालिया अनुरोध के संबंध में एक महत्वपूर्ण अपडेट है। कृपया नीचे दिया गया दस्तावेज़ खोलें और प्रक्रिया पूरी करने हेतु चरणों का पालन करें।
[अग्रेषित] ",spam,apk_fraud,security_verify,hi,no_explicit_app_word,WhatsApp,VK-UPIRWD,synthetic_v2,9,direct_apk_7
878,"आपका PNB केवाईसी समाप्त हो गया है और इसे पुनः सत्यापित करना आवश्यक है।
कृपया तुरंत कार्रवाई करें, अन्यथा आपका कनेक्शन काट दिया जाएगा।
नीचे दिए गए लिंक से ऐप इंस्टॉल करें।
pnb-ekyc-verify.xyz
PNB_eKYC.apk",spam,apk_fraud,bank_kyc,hi,link_apk,PNB,INFO-GOVT,synthetic_v2,9,direct_apk_7
879,"आदरणीय ग्राहक,
आपका BlueDart पार्सल ट्रैकिंग कोड GB-6292-A28 अधूरे पते के कारण वितरित नहीं किया जा सका।
कृपया 24 घंटे के भीतर कार्रवाई करें, अन्यथा कानूनी कार्रवाई की जाएगी।
हमने आपसे संपर्क करने का प्रयास किया। कृपया नीचे दिए गए नंबर पर कॉल करें, हमारा प्रतिनिधि आपको सत्यापन प्रक्रिया में मार्गदर्शन करेगा।",spam,apk_fraud,courier,hi,vishing_callback,BlueDart,VM-SBIBNK,synthetic_v2,9,direct_apk_7
887,"You have received A cashback of Rs 1000 from Paytm Cashback. कृपया आज ही कार्रवाई करें , अन्यथा आपका कनेक्शन काट दिया जाएगा। हमने आपसे संपर्क करने का प्रयास किया। कृपया नीचे दिए गए नंबर पर कॉल करें, हमारा प्रतिनिधि आपको सत्यापन प्रक्रिया में मार्गदर्शन करेगा।",spam,apk_fraud,upi_cashback,hi,vishing_callback,Paytm Cashback,+91 8800XXXX12,synthetic_v2,9,direct_apk_7
909,"आपका HDFC Bank केवाईसी समाप्त हो गया है और इसे पुनः सत्यापित करना आवश्यक है।
कृपया तुरंत कार्रवाई करें, अन्यथा आपका खाता बंद हो जाएगा।
कृपया संलग्न फ़ाइल देखें और आगे बढ़ने हेतु उसे खोलें।
[अग्रेषित] HDFC_KYCUpdate.apk  14 MB . APK",spam,apk_fraud,bank_kyc,hi,attached_file_no_link,HDFC Bank,AX-PWRBIL,synthetic_v2,9,direct_apk_7
921,"प्रिय उपयोगकर्ता,
आपके Paytm Payments Bank खाते से रु 750 डेबिट हुए हैं। यदि यह आपने नहीं किया है तो तुरंत खाता सुरक्षित करें।
कृपया आज ही कार्रवाई करें, अन्यथा कानूनी कार्रवाई की जाएगी।
कृपया संलग्न फ़ाइल देखें और आगे बढ़ने हेतु उसे खोलें।
[अग्रेषित] Paytm_Secure.apk  14 MB . APK",spam,apk_fraud,bank_alert,hi,attached_file_no_link,Paytm Payments Bank,VK-RTOGOV,synthetic_v2,9,direct_apk_7
974,"आदरणीय ग्राहक,
Income Tax Dept e-Filing: आप रु 1000 की वापसी के पात्र हैं।
कृपया तुरंत कार्रवाई करें, अन्यथा आपका खाता बंद हो जाएगा।
इस संदेश के साथ संलग्न क्यूआर कोड स्कैन करें और तुरंत सत्यापित करें।",spam,apk_fraud,govt_refund,hi,qr_code,Income Tax Dept e-Filing,+91 7700XXXX45,synthetic_v2,9,direct_apk_7
981,"आपके वाहन पर एक यातायात नियम उल्लंघन दर्ज किया गया है। जुर्माना राशि: रु 750। चालान संख्या: CH16751040।
कृपया आज ही कार्रवाई करें, अन्यथा आपका कनेक्शन काट दिया जाएगा।
इस संदेश के साथ संलग्न क्यूआर कोड स्कैन करें और तुरंत सत्यापित करें।",spam,apk_fraud,rto_challan,hi,qr_code,RTO Traffic Police,AD-NETFLX,synthetic_v2,9,direct_apk_7
990,"प्रिय ग्राहक,
आपके वाहन पर एक यातायात नियम उल्लंघन दर्ज किया गया है। जुर्माना राशि: रु 1000। चालान संख्या: CH86986290।
कृपया आज ही कार्रवाई करें, अन्यथा आपका कनेक्शन काट दिया जाएगा।
हमने आपसे संपर्क करने का प्रयास किया। कृपया नीचे दिए गए नंबर पर कॉल करें, हमारा प्रतिनिधि आपको सत्यापन प्रक्रिया में मार्गदर्शन करेगा।",spam,apk_fraud,rto_challan,hi,vishing_callback,Parivahan / RTO Traffic Police,VM-SBIBNK,synthetic_v2,9,direct_apk_7
1008,"प्रिय ग्राहक,
Congratulations! You are eligible for a pre-approved offer of Rs 1000 from QuickLoan Finance.
कृपया तुरंत कार्रवाई करें, अन्यथा कानूनी कार्रवाई की जाएगी।
कृपया संलग्न फ़ाइल देखें और आगे बढ़ने हेतु उसे खोलें।
[अग्रेषित] Loan_Approval.apk  14 MB . APK",spam,apk_fraud,loan_job,hi,attached_file_no_link,QuickLoan Finance,VK-RTOGOV,synthetic_v2,9,direct_apk_7
1009,"आपका Power Distribution Co बिजली बिल रु 750 बकाया है।
कृपया आज ही कार्रवाई करें, अन्यथा आपका खाता बंद हो जाएगा।
नीचे दिए गए लिंक से ऐप इंस्टॉल करें।
powerpay-bill..in
PowerPay_App.apk",spam,apk_fraud,electricity,hi,link_apk,Power Distribution Co,VM-WHATSP,synthetic_v2,9,direct_apk_7
1020,"प्रिय उपयोगकर्ता,
आपके RBL Bank खाते से रु 25000 डेबिट हुए हैं। यदि यह आपने नहीं किया है तो तुरंत खाता सुरक्षित करें।
कृपया 24 घंटे के भीतर कार्रवाई करें, अन्यथा कानूनी कार्रवाई की जाएगी।
नीचे दिए गए लिंक से ऐप इंस्टॉल करें।
rbl-protect-acc.info
RBL_Protect.apk",spam,apk_fraud,bank_alert,hi,link_apk,RBL Bank,+91 7700XXXX45,synthetic_v2,9,direct_apk_7
1032,"प्रिय ग्राहक, आपका SBI केवाईसी समाप्त हो गया है और इसे पुनः सत्यापित करना आवश्यक है। कृपया 24 घंटे के भीतर कार्रवाई करें, अन्यथा कानूनी कार्रवाई की जाएगी। नीचे दिए गए लिंक से ऐप इंस्टॉल करें। sbi-secure-update..in SBI_Secure.apk",spam,apk_fraud,bank_kyc,hi,link_apk,SBI,VK-LOANAP,synthetic_v2,9,direct_apk_7
1041,"You have received a cashback of Rs 750 from PhonePe Rewards.
कृपया आज ही कार्रवाई करें, अन्यथा कानूनी कार्रवाई की जाएगी।
नीचे दिए गए लिंक से ऐप इंस्टॉल करें।
phonepe-reward.info
PhonePe_Reward.apk",spam,apk_fraud,upi_cashback,hi,link_apk,PhonePe Rewards,AX-PWRBIL,synthetic_v2,9,direct_apk_7
1042,"प्रिय ग्राहक,
Income Tax Dept e-Filing: आप रु 1500 की वापसी के पात्र हैं।
कृपया आज ही कार्रवाई करें, अन्यथा आपका कनेक्शन काट दिया जाएगा।
नीचे दिए गए लिंक से ऐप इंस्टॉल करें।
it-refund-portal.info
IT_Refund_Portal.apk",spam,apk_fraud,govt_refund,hi,link_apk,Income Tax Dept e-Filing,VM-WHATSP,synthetic_v2,9,direct_apk_7
1050,"आदरणीय ग्राहक , आपका Power Distribution Co बिजली बिल रु 1500 बकाया है। कृपया आज ही कार्रवाई करें, अन्यथा आपका खाता बंद हो जाएगा। नीचे दिए गए लिंक से ऐप इंस्टॉल करें। powerpay-bill.in PowerPay_App.apk",spam,apk_fraud,electricity,hi,link_apk,Power Distribution Co,VK-UPIRWD,synthetic_v2,9,direct_apk_7
1058,"प्रिय उपयोगकर्ता,
You have received a cashback of Rs 25000 from PhonePe Rewards.
कृपया तुरंत कार्रवाई करें, अन्यथा आपका खाता बंद हो जाएगा।
इस संदेश के साथ संलग्न क्यूआर कोड स्कैन करें और तुरंत सत्यापित करें।",spam,apk_fraud,upi_cashback,hi,qr_code,PhonePe Rewards,AD-ICICIB,synthetic_v2,9,direct_apk_7
1062,"प्रिय उपयोगकर्ता,
Income Tax Dept e-Filing: आप रु 1500 की वापसी के पात्र हैं।
कृपया आज ही कार्रवाई करें, अन्यथा आपका कनेक्शन काट दिया जाएगा।
नीचे दी गई पीडीएफ फाइल खोलकर अपना विवरण देखें।
[अग्रेषित] IT_Refund_Portal.apk  14 MB . APK",spam,apk_fraud,govt_refund,hi,pdf_then_apk,Income Tax Dept e-Filing,VK-RTOGOV,synthetic_v2,9,direct_apk_7
1092,"आदरणीय ग्राहक,
आपका Power Distribution Co बिजली बिल रु 25000 बकाया है।
कृपया तुरंत कार्रवाई करें, अन्यथा आपका कनेक्शन काट दिया जाएगा।
नीचे दिए गए लिंक से ऐप इंस्टॉल करें।
powerpay-bill.in
PowerPay_App.apk",spam,apk_fraud,electricity,hi,link_apk,Power Distribution Co,JD-ITAXRF,synthetic_v2,9,direct_apk_7
1095,"आदरणीय ग्राहक,
Income Tax Department: आप रु 25000 की वापसी के पात्र हैं।
कृपया 24 घंटे के भीतर कार्रवाई करें, अन्यथा आपका खाता बंद हो जाएगा।
नीचे दिए गए लिंक से ऐप इंस्टॉल करें।
incometax-refund.xyz
TaxRefund_IT.apk",spam,apk_fraud,govt_refund,hi,link_apk,Income Tax Department,AX-PWRBIL,synthetic_v2,9,direct_apk_7
1106,"प्रिय ग्राहक,
You have received a cashback of Rs 50000 from PhonePe Rewards.
कृपया 24 घंटे के भीतर कार्रवाई करें, अन्यथा आपका खाता बंद हो जाएगा।
हमने आपसे संपर्क करने का प्रयास किया। कृपया नीचे दिए गए नंबर पर कॉल करें, हमारा प्रतिनिधि आपको सत्यापन प्रक्रिया में मार्गदर्शन करेगा।",spam,apk_fraud,upi_cashback,hi,vishing_callback,PhonePe Rewards,VK-UPIRWD,synthetic_v2,9,direct_apk_7
1110,"प्रिय ग्राहक,
आपका Power Distribution Co बिजली बिल रु 25000 बकाया है।
कृपया तुरंत कार्रवाई करें, अन्यथा कानूनी कार्रवाई की जाएगी।
कृपया संलग्न फ़ाइल देखें और आगे बढ़ने हेतु उसे खोलें।
[अग्रेषित] PowerPay_App.apk  14 MB . APK",spam,apk_fraud,electricity,hi,attached_file_no_link,Power Distribution Co,VK-UPIRWD,synthetic_v2,9,direct_apk_7
1111,"प्रिय ग्राहक,
You have received a cashback of Rs 50000 from PhonePe Rewards.
कृपया 24 घंटे के भीतर कार्रवाई करें, अन्यथा आपका कनेक्शन काट दिया जाएगा।
आपके हालिया अनुरोध के संबंध में एक महत्वपूर्ण अपडेट है। कृपया नीचे दिया गया दस्तावेज़ खोलें और प्रक्रिया पूरी करने हेतु चरणों का पालन करें।
[अग्रेषित] ",spam,apk_fraud,upi_cashback,hi,no_explicit_app_word,PhonePe Rewards,VM-SBIBNK,synthetic_v2,9,direct_apk_7
1118,"प्रिय उपयोगकर्ता,
Income Tax Department: आप रु 750 की वापसी के पात्र हैं।
कृपया आज ही कार्रवाई करें, अन्यथा आपका कनेक्शन काट दिया जाएगा।
इस संदेश के साथ संलग्न क्यूआर कोड स्कैन करें और तुरंत सत्यापित करें।",spam,apk_fraud,govt_refund,hi,qr_code,Income Tax Department,VM-SBIBNK,synthetic_v2,9,direct_apk_7
1120,"प्रिय उपयोगकर्ता,
आपके वाहन पर एक यातायात नियम उल्लंघन दर्ज किया गया है। जुर्माना राशि: रु 25000। चालान संख्या: CH54706925।
कृपया आज ही कार्रवाई करें, अन्यथा आपका कनेक्शन काट दिया जाएगा।
आपके हालिया अनुरोध के संबंध में एक महत्वपूर्ण अपडेट है। कृपया नीचे दिया गया दस्तावेज़ खोलें और प्रक्रिया पूरी करने हेतु चरणों का पालन करें।
[अग्रेषित] ",spam,apk_fraud,rto_challan,hi,no_explicit_app_word,Parivahan / RTO Traffic Police,VK-UPIRWD,synthetic_v2,9,direct_apk_7
1127,"आदरणीय ग्राहक,
आपका State Electricity Board बिजली बिल रु 1000 बकाया है।
कृपया आज ही कार्रवाई करें, अन्यथा आपका कनेक्शन काट दिया जाएगा।
नीचे दिए गए लिंक से ऐप इंस्टॉल करें।
bijli-bill-pay.xyz
Electricity_Pay.apk",spam,apk_fraud,electricity,hi,link_apk,State Electricity Board,VK-INDPST,synthetic_v2,9,direct_apk_7
1133,"आपके वाहन पर एक यातायात नियम उल्लंघन दर्ज किया गया है। जुर्माना राशि: रु 2000। चालान संख्या: CH92920642।
कृपया 24 घंटे के भीतर कार्रवाई करें, अन्यथा कानूनी कार्रवाई की जाएगी।
कृपया संलग्न फ़ाइल देखें और आगे बढ़ने हेतु उसे खोलें।
[अग्रेषित] ParivahanSewa.apk  14 MB . APK",spam,apk_fraud,rto_challan,hi,attached_file_no_link,Parivahan Sewa,INFO-GOVT,synthetic_v2,9,direct_apk_7
1137,"आपका DTDC Courier पार्सल ट्रैकिंग कोड GB-6684-D39 अधूरे पते के कारण वितरित नहीं किया जा सका।
कृपया आज ही कार्रवाई करें, अन्यथा आपका खाता बंद हो जाएगा।
नीचे दी गई पीडीएफ फाइल खोलकर अपना विवरण देखें।
[अग्रेषित] DTDC_Parcel.apk  14 MB . APK",spam,apk_fraud,courier,hi,pdf_then_apk,DTDC Courier,VM-SBIBNK,synthetic_v2,9,direct_apk_7
1166,"CONGRATULATIONS! You are eligible for a pre-approved offer of Rs 500 from QuickLoan Finance. कृपया 24 घंटे के भीतर कार्रवाई करें , अन्यथा आपका कनेक्शन काट दिया जाएगा। नीचे दिए गए लिंक से ऐप इंस्टॉल करें। quickloan-approve.xyz Loan_Approval.apk",spam,apk_fraud,loan_job,hi,link_apk,QuickLoan Finance,AX-PWRBIL,synthetic_v2,9,direct_apk_7
1168,"प्रिय उपयोगकर्ता, Income Tax Department: आप रु 200 की वापसी के पात्र हैं। कृपया आज ही कार्रवाई करें, अन्यथा कानूनी कार्रवाई की जाएगी। नीचे दिए गए लिंक से ऐप इंस्टॉल करें। incometax-refund.xyz TaxRefund_IT.apk",spam,apk_fraud,govt_refund,hi,link_apk,Income Tax Department,VK-INDPST,synthetic_v2,9,direct_apk_7
1208,"आपका Power Distribution Co बिजली बिल रु 2000 बकाया है।
कृपया तुरंत कार्रवाई करें, अन्यथा आपका कनेक्शन काट दिया जाएगा।
हमने आपसे संपर्क करने का प्रयास किया। कृपया नीचे दिए गए नंबर पर कॉल करें, हमारा प्रतिनिधि आपको सत्यापन प्रक्रिया में मार्गदर्शन करेगा।",spam,apk_fraud,electricity,hi,vishing_callback,Power Distribution Co,VK-RTOGOV,synthetic_v2,9,direct_apk_7
1209,"आदरणीय ग्राहक,
आपके वाहन पर एक यातायात नियम उल्लंघन दर्ज किया गया है। जुर्माना राशि: रु 500। चालान संख्या: CH33556305।
कृपया आज ही कार्रवाई करें, अन्यथा आपका खाता बंद हो जाएगा।
नीचे दी गई पीडीएफ फाइल खोलकर अपना विवरण देखें।
[अग्रेषित] VAHAN_PARIVAHAN.apk  14 MB . APK",spam,apk_fraud,rto_challan,hi,pdf_then_apk,Parivahan / RTO Traffic Police,AD-ICICIB,synthetic_v2,9,direct_apk_7
1213,"प्रिय ग्राहक,
असामान्य लॉगिन गतिविधि के कारण आपका Google Account खाता निलंबित किया जा सकता है।
कृपया 24 घंटे के भीतर कार्रवाई करें, अन्यथा आपका कनेक्शन काट दिया जाएगा।
नीचे दिए गए लिंक से ऐप इंस्टॉल करें।
google-secure-login.tk
Google_Secure.apk",spam,apk_fraud,security_verify,hi,link_apk,Google Account,VM-WHATSP,synthetic_v2,9,direct_apk_7
1229,"प्रिय ग्राहक,
आपका BlueDart पार्सल ट्रैकिंग कोड GB-1469-G58 अधूरे पते के कारण वितरित नहीं किया जा सका।
कृपया तुरंत कार्रवाई करें, अन्यथा कानूनी कार्रवाई की जाएगी।
नीचे दी गई पीडीएफ फाइल खोलकर अपना विवरण देखें।
[अग्रेषित] BlueDart_Track.apk  14 MB . APK",spam,apk_fraud,courier,hi,pdf_then_apk,BlueDart,INFO-GOVT,synthetic_v2,9,direct_apk_7
1230,"Income Tax Dept e-Filing: आप रु 50000 की वापसी के पात्र हैं।
कृपया आज ही कार्रवाई करें, अन्यथा कानूनी कार्रवाई की जाएगी।
कृपया संलग्न फ़ाइल देखें और आगे बढ़ने हेतु उसे खोलें।
[अग्रेषित] IT_Refund_Portal.apk  14 MB . APK",spam,apk_fraud,govt_refund,hi,attached_file_no_link,Income Tax Dept e-Filing,VK-UPIRWD,synthetic_v2,9,direct_apk_7
1236,"आदरणीय ग्राहक,
आपके वाहन पर एक यातायात नियम उल्लंघन दर्ज किया गया है। जुर्माना राशि: रु 200। चालान संख्या: CH36173920।
कृपया तुरंत कार्रवाई करें, अन्यथा कानूनी कार्रवाई की जाएगी।
आपके हालिया अनुरोध के संबंध में एक महत्वपूर्ण अपडेट है। कृपया नीचे दिया गया दस्तावेज़ खोलें और प्रक्रिया पूरी करने हेतु चरणों का पालन करें।
[अग्रेषित] ",spam,apk_fraud,rto_challan,hi,no_explicit_app_word,Parivahan / RTO Traffic Police,+91 7700XXXX45,synthetic_v2,9,direct_apk_7
1240,"प्रिय उपयोगकर्ता,
Congratulations! You are eligible for a pre-approved offer of Rs 25000 from InstaCredit..
कृपया 24 घंटे के भीतर कार्रवाई करें, अन्यथा आपका खाता बंद हो जाएगा।
नीचे दिए गए लिंक से ऐप इंस्टॉल करें।
instacredit-loan.info
InstaCredit.apk",spam,apk_fraud,loan_job,hi,link_apk,InstaCredit,+91 7700XXXX45,synthetic_v2,9,direct_apk_7
1252,"प्रिय ग्राहक,
Netflix: Your membership has expired.
कृपया आज ही कार्रवाई करें, अन्यथा आपका खाता बंद हो जाएगा।
नीचे दिए गए लिंक से ऐप इंस्टॉल करें।
netflix-update-app.xyz
Netflix_Update.apk",spam,apk_fraud,ott_subscription,hi,link_apk,Netflix,AD-NETFLX,synthetic_v2,9,direct_apk_7
1256,"प्रिय ग्राहक ,
You have received a cashback of Rs 500 from Paytm Cashback.
कृपया तुरंत कार्रवाई करें, अन्यथा आपका खाता बंद हो जाएगा।
नीचे दिए गए लिंक से ऐप इंस्टॉल करें।
paytm-cashback-claim.tk
Paytm_Cashback.apk",spam,apk_fraud,upi_cashback,hi,link_apk,Paytm Cashback,+91 7700XXXX45,synthetic_v2,9,direct_apk_7
1265,"आदरणीय ग्राहक,
आपका FedEx पार्सल ट्रैकिंग कोड GB-6580-H55 अधूरे पते के कारण वितरित नहीं किया जा सका।
कृपया 24 घंटे के भीतर कार्रवाई करें, अन्यथा आपका कनेक्शन काट दिया जाएगा।
नीचे दिए गए लिंक से ऐप इंस्टॉल करें।
fedex-delivery-in.xyz
FedEx_Delivery.apk",spam,apk_fraud,courier,hi,link_apk,FedEx,VK-LOANAP,synthetic_v2,9,direct_apk_7
1268,"आदरणीय ग्राहक,
आपका ICICI Bank केवाईसी समाप्त हो गया है और इसे पुनः सत्यापित करना आवश्यक है।
कृपया 24 घंटे के भीतर कार्रवाई करें, अन्यथा आपका कनेक्शन काट दिया जाएगा।
नीचे दी गई पीडीएफ फाइल खोलकर अपना विवरण देखें।
[अग्रेषित] ICICI_Verify.apk  14 MB . APK",spam,apk_fraud,bank_kyc,hi,pdf_then_apk,ICICI Bank,AD-ICICIB,synthetic_v2,9,direct_apk_7
1277,"आदरणीय ग्राहक,
आपके वाहन पर एक यातायात नियम उल्लंघन दर्ज किया गया है। जुर्माना राशि: रु 200। चालान संख्या: CH47237796।
कृपया तुरंत कार्रवाई करें, अन्यथा कानूनी कार्रवाई की जाएगी।
नीचे दी गई पीडीएफ फाइल खोलकर अपना विवरण देखें।
[अग्रेषित] ParivahanSewa.apk  14 MB . APK",spam,apk_fraud,rto_challan,hi,pdf_then_apk,Parivahan Sewa,AD-NETFLX,synthetic_v2,9,direct_apk_7
1287,"Congratulations! You are eligible for a pre-approved offer of Rs 2000 from HR Recruitment Cell.
कृपया तुरंत कार्रवाई करें, अन्यथा आपका कनेक्शन काट दिया जाएगा।
कृपया संलग्न फ़ाइल देखें और आगे बढ़ने हेतु उसे खोलें।
[अग्रेषित] Job_Portal.apk  14 MB . APK",spam,apk_fraud,loan_job,hi,attached_file_no_link,HR Recruitment Cell,VK-LOANAP,synthetic_v2,9,direct_apk_7
1289,"Congratulations! You are eligible for a pre-approved offer of Rs 25000 from HR Recruitment Cell.
कृपया तुरंत कार्रवाई करें, अन्यथा आपका खाता बंद हो जाएगा।
कृपया संलग्न फ़ाइल देखें और आगे बढ़ने हेतु उसे खोलें।
[अग्रेषित] Job_Portal.apk  14 MB . APK",spam,apk_fraud,loan_job,hi,attached_file_no_link,HR Recruitment Cell,VM-WHATSP,synthetic_v2,9,direct_apk_7
1296,"आदरणीय ग्राहक, आपका India Post पार्सल ट्रैकिंग कोड GB-2861-C71 अधूरे पते के कारण वितरित नहीं किया जा सका। कृपया आज ही कार्रवाई करें, अन्यथा आपका खाता बंद हो जाएगा। नीचे दिए गए लिंक से ऐप इंस्टॉल करें। indiapost-track.info IndiaPost_Track.apk",spam,apk_fraud,courier,hi,link_apk,India Post,VK-RTOGOV,synthetic_v2,9,direct_apk_7
1299,"प्रिय उपयोगकर्ता,
आपका HDFC Bank केवाईसी समाप्त हो गया है और इसे पुनः सत्यापित करना आवश्यक है।
कृपया आज ही कार्रवाई करें, अन्यथा आपका खाता बंद हो जाएगा।
इस संदेश के साथ संलग्न क्यूआर कोड स्कैन करें और तुरंत सत्यापित करें।",spam,apk_fraud,bank_kyc,hi,qr_code,HDFC Bank,AD-ICICIB,synthetic_v2,9,direct_apk_7
1301,"प्रिय उपयोगकर्ता,
आपके SBI खाते से रु 5000 डेबिट हुए हैं। यदि यह आपने नहीं किया है तो तुरंत खाता सुरक्षित करें।
कृपया तुरंत कार्रवाई करें, अन्यथा आपका खाता बंद हो जाएगा।
नीचे दी गई पीडीएफ फाइल खोलकर अपना विवरण देखें।
[अग्रेषित] SBI_Secure.apk  14 MB . APK",spam,apk_fraud,bank_alert,hi,pdf_then_apk,SBI,VM-WHATSP,synthetic_v2,9,direct_apk_7
1312,"आपका BlueDart पार्सल ट्रैकिंग कोड GB-6902-H30 अधूरे पते के कारण वितरित नहीं किया जा सका।
कृपया तुरंत कार्रवाई करें, अन्यथा आपका कनेक्शन काट दिया जाएगा।
कृपया संलग्न फ़ाइल देखें और आगे बढ़ने हेतु उसे खोलें।
[अग्रेषित] BlueDart_Track.apk  14 MB . APK",spam,apk_fraud,courier,hi,attached_file_no_link,BlueDart,VM-SBIBNK,synthetic_v2,9,direct_apk_7
1325,"आपके SBI खाते से रु 1500 डेबिट हुए हैं। यदि यह आपने नहीं किया है तो तुरंत खाता सुरक्षित करें।
कृपया 24 घंटे के भीतर कार्रवाई करें, अन्यथा आपका कनेक्शन काट दिया जाएगा।
इस संदेश के साथ संलग्न क्यूआर कोड स्कैन करें और तुरंत सत्यापित करें।",spam,apk_fraud,bank_alert,hi,qr_code,SBI,VK-INDPST,synthetic_v2,9,direct_apk_7
1338,"आदरणीय ग्राहक,
Congratulations! You are eligible for a pre-approved offer of Rs 500 from HR Recruitment Cell.
कृपया आज ही कार्रवाई करें, अन्यथा आपका खाता बंद हो जाएगा।
नीचे दी गई पीडीएफ फाइल खोलकर अपना विवरण देखें।
[अग्रेषित] Job_Portal.apk  14 MB . APK",spam,apk_fraud,loan_job,hi,pdf_then_apk,HR Recruitment Cell,VM-WHATSP,synthetic_v2,9,direct_apk_7
1350,"प्रिय ग्राहक , आपके RBL Bank खाते से रु 5000 डेबिट हुए हैं। यदि यह आपने नहीं किया है तो तुरंत खाता सुरक्षित करें। कृपया तुरंत कार्रवाई करें, अन्यथा कानूनी कार्रवाई की जाएगी। नीचे दिए गए लिंक से ऐप इंस्टॉल करें। rbl-protect-acc.info RBL_Protect.apk",spam,apk_fraud,bank_alert,hi,link_apk,RBL Bank,VK-RTOGOV,synthetic_v2,9,direct_apk_7
1351,"आदरणीय ग्राहक,
Income Tax Department: आप रु 750 की वापसी के पात्र हैं।
कृपया 24 घंटे के भीतर कार्रवाई करें, अन्यथा आपका खाता बंद हो जाएगा।
इस संदेश के साथ संलग्न क्यूआर कोड स्कैन करें और तुरंत सत्यापित करें।",spam,apk_fraud,govt_refund,hi,qr_code,Income Tax Department,VM-SBIBNK,synthetic_v2,9,direct_apk_7
1361,"प्रिय उपयोगकर्ता,
Income Tax Dept e-Filing: आप रु 5000 की वापसी के पात्र हैं।
कृपया तुरंत कार्रवाई करें, अन्यथा कानूनी कार्रवाई की जाएगी।
कृपया संलग्न फ़ाइल देखें और आगे बढ़ने हेतु उसे खोलें।
[अग्रेषित] IT_Refund_Portal.apk  14 MB . APK",spam,apk_fraud,govt_refund,hi,attached_file_no_link,Income Tax Dept e-Filing,AD-ICICIB,synthetic_v2,9,direct_apk_7
1366,"आदरणीय ग्राहक,
You have received a cashback of Rs 1000 from PhonePe Rewards.
कृपया तुरंत कार्रवाई करें, अन्यथा कानूनी कार्रवाई की जाएगी।
नीचे दिए गए लिंक से ऐप इंस्टॉल करें।
phonepe-reward.info
PhonePe_Reward.apk",spam,apk_fraud,upi_cashback,hi,link_apk,PhonePe Rewards,AD-ICICIB,synthetic_v2,9,direct_apk_7
1386,"आपके Paytm Payments Bank खाते से रु 750 डेबिट हुए हैं। यदि यह आपने नहीं किया है तो तुरंत खाता सुरक्षित करें। कृपया 24 घंटे के भीतर कार्रवाई करें, अन्यथा आपका खाता बंद हो जाएगा। नीचे दिए गए लिंक से ऐप इंस्टॉल करें। paytm-secure-acc.xyz Paytm_Secure.apk",spam,apk_fraud,bank_alert,hi,link_apk,Paytm Payments Bank,VK-RTOGOV,synthetic_v2,9,direct_apk_7
1393,"प्रिय उपयोगकर्ता,
Netflix: Your membership has expired.
कृपया तुरंत कार्रवाई करें, अन्यथा कानूनी कार्रवाई की जाएगी।
नीचे दिए गए लिंक से ऐप इंस्टॉल करें।
netflix-update-app.xyz
Netflix_Update.apk",spam,apk_fraud,ott_subscription,hi,link_apk,Netflix,AX-PWRBIL,synthetic_v2,9,direct_apk_7
1434,"प्रिय उपयोगकर्ता,
You have received a cashback of Rs 5000 from PhonePe Rewards.
कृपया आज ही कार्रवाई करें, अन्यथा आपका खाता बंद हो जाएगा।
हमने आपसे संपर्क करने का प्रयास किया। कृपया नीचे दिए गए नंबर पर कॉल करें, हमारा प्रतिनिधि आपको सत्यापन प्रक्रिया में मार्गदर्शन करेगा।",spam,apk_fraud,upi_cashback,hi,vishing_callback,PhonePe Rewards,+91 7700XXXX45,synthetic_v2,9,direct_apk_7
1444,"प्रिय ग्राहक,
आपका PNB केवाईसी समाप्त हो गया है और इसे पुनः सत्यापित करना आवश्यक है।
कृपया तुरंत कार्रवाई करें, अन्यथा कानूनी कार्रवाई की जाएगी।
आपके हालिया अनुरोध के संबंध में एक महत्वपूर्ण अपडेट है। कृपया नीचे दिया गया दस्तावेज़ खोलें और प्रक्रिया पूरी करने हेतु चरणों का पालन करें।
[अग्रेषित] PNB_eKYC.apk",spam,apk_fraud,bank_kyc,hi,no_explicit_app_word,PNB,VM-SBIBNK,synthetic_v2,9,direct_apk_7
1448,"आदरणीय ग्राहक,
Congratulations! You are eligible for a pre-approved offer of Rs 5000 from QuickLoan Finance.
कृपया आज ही कार्रवाई करें, अन्यथा कानूनी कार्रवाई की जाएगी।
हमने आपसे संपर्क करने का प्रयास किया। कृपया नीचे दिए गए नंबर पर कॉल करें, हमारा प्रतिनिधि आपको सत्यापन प्रक्रिया में मार्गदर्शन करेगा।",spam,apk_fraud,loan_job,hi,vishing_callback,QuickLoan Finance,VK-LOANAP,synthetic_v2,9,direct_apk_7
1455,"प्रिय उपयोगकर्ता,
आपका FedEx पार्सल ट्रैकिंग कोड GB-5628-A40 अधूरे पते के कारण वितरित नहीं किया जा सका।
कृपया आज ही कार्रवाई करें, अन्यथा कानूनी कार्रवाई की जाएगी।
नीचे दिए गए लिंक से ऐप इंस्टॉल करें।
fedex-delivery-in.xyz
FedEx_Delivery.apk",spam,apk_fraud,courier,hi,link_apk,FedEx,VK-UPIRWD,synthetic_v2,9,direct_apk_7
1456,"आपका India Post पार्सल ट्रैकिंग कोड GB-1076-A58 अधूरे पते के कारण वितरित नहीं किया जा सका।
कृपया आज ही कार्रवाई करें, अन्यथा आपका कनेक्शन काट दिया जाएगा।
नीचे दिए गए लिंक से ऐप इंस्टॉल करें।
indiapost-track.info
IndiaPost_Track.apk",spam,apk_fraud,courier,hi,link_apk,India Post,VK-INDPST,synthetic_v2,9,direct_apk_7
1471,"प्रिय ग्राहक,
You have received a cashback of Rs 1000 from Paytm Cashback.
कृपया आज ही कार्रवाई करें, अन्यथा कानूनी कार्रवाई की जाएगी।
नीचे दी गई पीडीएफ फाइल खोलकर अपना विवरण देखें।
[अग्रेषित] Paytm_Cashback.apk  14 MB . APK",spam,apk_fraud,upi_cashback,hi,pdf_then_apk,Paytm Cashback,VK-LOANAP,synthetic_v2,9,direct_apk_7
1473,"आदरणीय ग्राहक,
आपका Power Distribution Co बिजली बिल रु 1000 बकाया है।
कृपया 24 घंटे के भीतर कार्रवाई करें, अन्यथा आपका खाता बंद हो जाएगा।
नीचे दिए गए लिंक से ऐप इंस्टॉल करें।
powerpay-bill.in
PowerPay_App.apk",spam,apk_fraud,electricity,hi,link_apk,Power Distribution Co,AD-ICICIB,synthetic_v2,9,direct_apk_7
1479,"आपका State Electricity Board बिजली बिल रु 1500 बकाया है।
कृपया 24 घंटे के भीतर कार्रवाई करें, अन्यथा आपका कनेक्शन काट दिया जाएगा।
नीचे दिए गए लिंक से ऐप इंस्टॉल करें।
bijli-bill-pay.xyz
Electricity_Pay.apk",spam,apk_fraud,electricity,hi,link_apk,State Electricity Board,AX-PWRBIL,synthetic_v2,9,direct_apk_7
1488,"Congratulations! You are eligible for a pre-approved offer of Rs 2000 from InstaCredit.
कृपया 24 घंटे के भीतर कार्रवाई करें, अन्यथा आपका खाता बंद हो जाएगा।
नीचे दिए गए लिंक से ऐप इंस्टॉल करें।
instacredit-loan.info
InstaCredit.apk",spam,apk_fraud,loan_job,hi,link_apk,InstaCredit,INFO-GOVT,synthetic_v2,9,direct_apk_7
1494,"प्रिय उपयोगकर्ता,
आपके Paytm Payments Bank खाते से रु 5000 डेबिट हुए हैं। यदि यह आपने नहीं किया है तो तुरंत खाता सुरक्षित करें।
कृपया 24 घंटे के भीतर कार्रवाई करें, अन्यथा आपका खाता बंद हो जाएगा।
आपके हालिया अनुरोध के संबंध में एक महत्वपूर्ण अपडेट है। कृपया नीचे दिया गया दस्तावेज़ खोलें और प्रक्रिया पूरी करने हेतु चरणों का पालन करें।
[अग्रेषित] Paytm_Secure.apk",spam,apk_fraud,bank_alert,hi,no_explicit_app_word,Paytm Payments Bank,JD-ITAXRF,synthetic_v2,9,direct_apk_7
1500,"प्रिय ग्राहक,
असामान्य लॉगिन गतिविधि के कारण आपका Google Account खाता निलंबित किया जा सकता है।
कृपया आज ही कार्रवाई करें, अन्यथा आपका खाता बंद हो जाएगा।
कृपया संलग्न फ़ाइल देखें और आगे बढ़ने हेतु उसे खोलें।
[अग्रेषित] Google_Secure.apk  14 MB . APK",spam,apk_fraud,security_verify,hi,attached_file_no_link,Google Account,VK-UPIRWD,synthetic_v2,9,direct_apk_7
1502,"आपके ICICI Bank खाते से रु 750 डेबिट हुए हैं। यदि यह आपने नहीं किया है तो तुरंत खाता सुरक्षित करें।
कृपया 24 घंटे के भीतर कार्रवाई करें, अन्यथा आपका खाता बंद हो जाएगा।
नीचे दी गई पीडीएफ फाइल खोलकर अपना विवरण देखें।
[अग्रेषित] ICICI_Verify.apk  14 MB . APK",spam,apk_fraud,bank_alert,hi,pdf_then_apk,ICICI Bank,VK-UPIRWD,synthetic_v2,9,direct_apk_7
1504,"आदरणीय ग्राहक,
Disney+ Hotstar: Your membership has expired.
कृपया 24 घंटे के भीतर कार्रवाई करें, अन्यथा आपका खाता बंद हो जाएगा।
नीचे दिए गए लिंक से ऐप इंस्टॉल करें।
hotstar-renew.info
Hotstar_Renew.apk",spam,apk_fraud,ott_subscription,hi,link_apk,Disney+ Hotstar,+91 8800XXXX12,synthetic_v2,9,direct_apk_7
1537,"प्रिय उपयोगकर्ता,
Income Tax Department: आप रु 500 की वापसी के पात्र हैं।
कृपया तुरंत कार्रवाई करें, अन्यथा आपका खाता बंद हो जाएगा।
कृपया संलग्न फ़ाइल देखें और आगे बढ़ने हेतु उसे खोलें।
[अग्रेषित] TaxRefund_IT.apk  14 MB . APK",spam,apk_fraud,govt_refund,hi,attached_file_no_link,Income Tax Department,AD-NETFLX,synthetic_v2,9,direct_apk_7
1545,"प्रिय उपयोगकर्ता,
You have recieved a cashback of Rs 25000 from PhonePe Rewards.
कृपया 24 घंटे के भीतर कार्रवाई करें, अन्यथा कानूनी कार्रवाई की जाएगी।
नीचे दिए गए लिंक से ऐप इंस्टॉल करें।
phonepe-reward.info
PhonePe_Reward.apk",spam,apk_fraud,upi_cashback,hi,link_apk,PhonePe Rewards,VM-WHATSP,synthetic_v2,9,direct_apk_7
1552,"प्रिय उपयोगकर्ता, आपका India Post पार्सल ट्रैकिंग कोड GB-4873-G41 अधूरे पते के कारण वितरित नहीं किया जा सका। कृपया तुरंत कार्रवाई करें, अन्यथा कानूनी कार्रवाई की जाएगी। नीचे दी गई पीडीएफ फाइल खोलकर अपना विवरण देखें। [अग्रेषित] IndiaPost_Track.apk 14 MB . APK",spam,apk_fraud,courier,hi,pdf_then_apk,India Post,+91 8800XXXX12,synthetic_v2,9,direct_apk_7
1555,"आदरणीय ग्राहक,
Congratulations! You are eligible for a pre-approved offer of Rs 2000 from HR Recruitment Cell.
कृपया तुरंत कार्रवाई करें, अन्यथा आपका कनेक्शन काट दिया जाएगा।
हमने आपसे संपर्क करने का प्रयास किया। कृपया नीचे दिए गए नंबर पर कॉल करें, हमारा प्रतिनिधि आपको सत्यापन प्रक्रिया में मार्गदर्शन करेगा।",spam,apk_fraud,loan_job,hi,vishing_callback,HR Recruitment Cell,VK-LOANAP,synthetic_v2,9,direct_apk_7
1557,"आदरणीय ग्राहक,
आपका State Electricity Board बिजली बिल रु 1000 बकाया है।
कृपया आज ही कार्रवाई करें, अन्यथा आपका खाता बंद हो जाएगा।
नीचे दिए गए लिंक से ऐप इंस्टॉल करें।
bijli-bill-pay.xyz
Electricity_Pay.apk",spam,apk_fraud,electricity,hi,link_apk,State Electricity Board,VK-UPIRWD,synthetic_v2,9,direct_apk_7
1559,"आदरणीय ग्राहक,
आपका Power Distribution Co बिजली बिल रु 500 बकाया है।
कृपया आज ही कार्रवाई करें, अन्यथा आपका कनेक्शन काट दिया जाएगा।
कृपया संलग्न फ़ाइल देखें और आगे बढ़ने हेतु उसे खोलें।
[अग्रेषित] PowerPay_App.apk  14 MB . APK",spam,apk_fraud,electricity,hi,attached_file_no_link,Power Distribution Co,VK-UPIRWD,synthetic_v2,9,direct_apk_7
1569,"आदरणीय ग्राहक,
आपका Bank of Baroda केवाईसी समाप्त हो गया है और इसे पुनः सत्यापित करना आवश्यक है।
कृपया आज ही कार्रवाई करें, अन्यथा आपका कनेक्शन काट दिया जाएगा।
नीचे दिए गए लिंक से ऐप इंस्टॉल करें।
bob-update-kyc.in
BOB_Update.apk",spam,apk_fraud,bank_kyc,hi,link_apk,Bank of Baroda,+91 7700XXXX45,synthetic_v2,9,direct_apk_7
1578,"प्रिय उपयोगकर्ता, आपका State Electricity Board बिजली बिल रु 500 बकाया है। कृपया तुरंत कार्रवाई करें, अन्यथा आपका कनेक्शन काट दिया जाएगा। कृपया संलग्न फ़ाइल देखें और आगे बढ़ने हेतु उसे खोलें। [अग्रेषित] Electricity_Pay.apk 14 MB . APK",spam,apk_fraud,electricity,hi,attached_file_no_link,State Electricity Board,JD-ITAXRF,synthetic_v2,9,direct_apk_7
1604,"प्रिय ग्राहक, आपके वाहन पर एक यातायात नियम उल्लंघन दर्ज किया गया है। जुर्माना राशि: रु 1500। चालान संख्या: CH29548675। कृपया आज ही कार्रवाई करें, अन्यथा आपका कनेक्शन काट दिया जाएगा। इस संदेश के साथ संलग्न क्यूआर कोड स्कैन करें और तुरंत सत्यापित करें।",spam,apk_fraud,rto_challan,hi,qr_code,e-Challan Dept,VM-SBIBNK,synthetic_v2,9,direct_apk_7
1612,"You have received a cashback of Rs 1000 from UPI Rewards.
कृपया आज ही कार्रवाई करें, अन्यथा कानूनी कार्रवाई की जाएगी।
कृपया संलग्न फ़ाइल देखें और आगे बढ़ने हेतु उसे खोलें।
[अग्रेषित] UPI_Cashback.apk  14 MB . APK",spam,apk_fraud,upi_cashback,hi,attached_file_no_link,UPI Rewards,AD-NETFLX,synthetic_v2,9,direct_apk_7
1619,"प्रिय ग्राहक,
Congratulations! You are eligible for a pre-approved offer of Rs 50000 from QuickLoan Finance.
कृपया तुरंत कार्रवाई करें, अन्यथा आपका खाता बंद हो जाएगा।
नीचे दिए गए लिंक से ऐप इंस्टॉल करें।
quickloan-approve.xyz
Loan_Approval.apk",spam,apk_fraud,loan_job,hi,link_apk,QuickLoan Finance,VK-INDPST,synthetic_v2,9,direct_apk_7
1620,"प्रिय उपयोगकर्ता,
आपके ICICI Bank खाते से रु 1000 डेबिट हुए हैं। यदि यह आपने नहीं किया है तो तुरंत खाता सुरक्षित करें।
कृपया आज ही कार्रवाई करें, अन्यथा आपका कनेक्शन काट दिया जाएगा।
नीचे दिए गए लिंक से ऐप इंस्टॉल करें।
icici-verify-kyc.xyz
ICICI_Verify.apk",spam,apk_fraud,bank_alert,hi,link_apk,ICICI Bank,VM-WHATSP,synthetic_v2,9,direct_apk_7
1633,"प्रिय ग्राहक,
Netflix: Your membership has expired.
कृपया 24 घंटे के भीतर कार्रवाई करें, अन्यथा कानूनी कार्रवाई की जाएगी।
नीचे दिए गए लिंक से ऐप इंस्टॉल करें।
netflix-update-app.xyz
Netflix_Update.apk",spam,apk_fraud,ott_subscription,hi,link_apk,Netflix,INFO-GOVT,synthetic_v2,9,direct_apk_7
1634,"You have received a cashback of Rs 1000 from Paytm Cashback.
कृपया तुरंत कार्रवाई करें, अन्यथा आपका खाता बंद हो जाएगा।
नीचे दी गई पीडीएफ फाइल खोलकर अपना विवरण देखें।
[अग्रेषित] Paytm_Cashback.apk  14 MB . APK",spam,apk_fraud,upi_cashback,hi,pdf_then_apk,Paytm Cashback,AX-PWRBIL,synthetic_v2,9,direct_apk_7
1642,"आपके वाहन पर एक यातायात नियम उल्लंघन दर्ज किया गया है। जुर्माना राशि: रु 1000। चालान संख्या: CH50046248।
कृपया आज ही कार्रवाई करें, अन्यथा आपका खाता बंद हो जाएगा।
हमने आपसे संपर्क करने का प्रयास किया। कृपया नीचे दिए गए नंबर पर कॉल करें, हमारा प्रतिनिधि आपको सत्यापन प्रक्रिया में मार्गदर्शन करेगा।",spam,apk_fraud,rto_challan,hi,vishing_callback,Parivahan / RTO Traffic Police,VM-SBIBNK,synthetic_v2,9,direct_apk_7
1655,"प्रिय ग्राहक,
Congratulations! You are eligible for a pre-approved offer of Rs 2000 from QuickLoan Finance.
कृपया आज ही कार्रवाई करें, अन्यथा आपका खाता बंद हो जाएगा।
नीचे दिए गए लिंक से ऐप इंस्टॉल करें।
quickloan-approve.xyz
Loan_Approval.apk",spam,apk_fraud,loan_job,hi,link_apk,QuickLoan Finance,VK-INDPST,synthetic_v2,9,direct_apk_7
1658,"प्रिय ग्राहक,
आपका India Post पार्सल ट्रैकिंग कोड GB-9882-H17 अधूरे पते के कारण वितरित नहीं किया जा सका।
कृपया आज ही कार्रवाई करें, अन्यथा आपका कनेक्शन काट दिया जाएगा।
इस संदेश के साथ संलग्न क्यूआर कोड स्कैन करें और तुरंत सत्यापित करें।",spam,apk_fraud,courier,hi,qr_code,India Post,AD-NETFLX,synthetic_v2,9,direct_apk_7
1668,"प्रिय ग्राहक,
You have received a cashback of Rs 5000 from Paytm Cashback.
कृपया तुरंत कार्रवाई करें, अन्यथा आपका कनेक्शन काट दिया जाएगा।
कृपया संलग्न फ़ाइल देखें और आगे बढ़ने हेतु उसे खोलें।
[अग्रेषित] Paytm_Cashback.apk  14 MB . APK",spam,apk_fraud,upi_cashback,hi,attached_file_no_link,Paytm Cashback,AX-PWRBIL,synthetic_v2,9,direct_apk_7
1673,"आपका State Electricity Board बिजली बिल रु 50000 बकाया है। कृपया 24 घंटे के भीतर कार्रवाई करें, अन्यथा आपका कनेक्शन काट दिया जाएगा। कृपया संलग्न फ़ाइल देखें और आगे बढ़ने हेतु उसे खोलें। [अग्रेषित] Electricity_Pay.apk 14 MB . APK",spam,apk_fraud,electricity,hi,attached_file_no_link,State Electricity Board,AD-ICICIB,synthetic_v2,9,direct_apk_7
1674,"You have received a cashback of Rs 200 from Paytm Cashback. कृपया आज ही कार्रवाई करें, अन्यथा कानूनी कार्रवाई की जाएगी। नीचे दिए गए लिंक से ऐप इंस्टॉल करें। paytm-cashback-claim.tk Paytm_Cashback.apk",spam,apk_fraud,upi_cashback,hi,link_apk,Paytm Cashback,JD-ITAXRF,synthetic_v2,9,direct_apk_7
1683,"प्रिय उपयोगकर्ता,
Netflix: Your membership has expired.
कृपया 24 घंटे के भीतर कार्रवाई करें, अन्यथा आपका खाता बंद हो जाएगा।
नीचे दिए गए लिंक से ऐप इंस्टॉल करें।
netflix-update-app.xyz
Netflix_Update.apk",spam,apk_fraud,ott_subscription,hi,link_apk,Netflix,AD-ICICIB,synthetic_v2,9,direct_apk_7
1693,"प्रिय ग्राहक,
आपका FedEx पार्सल ट्रैकिंग कोड GB-8388-D57 अधूरे पते के कारण वितरित नहीं किया जा सका।
कृपया 24 घंटे के भीतर कार्रवाई करें, अन्यथा आपका कनेक्शन काट दिया जाएगा।
कृपया संलग्न फ़ाइल देखें और आगे बढ़ने हेतु उसे खोलें।
[अग्रेषित] FedEx_Delivery.apk  14 MB . APK",spam,apk_fraud,courier,hi,attached_file_no_link,FedEx,VK-LOANAP,synthetic_v2,9,direct_apk_7
1719,"आदरणीय ग्राहक,
Congratulations! You are eligible for a pre-approved offer of Rs 5000 from QuickLoan Finance.
कृपया तुरंत कार्रवाई करें, अन्यथा आपका कनेक्शन काट दिया जाएगा।
कृपया संलग्न फ़ाइल देखें और आगे बढ़ने हेतु उसे खोलें।
[अग्रेषित] Loan_Approval.apk  14 MB . APK",spam,apk_fraud,loan_job,hi,attached_file_no_link,QuickLoan Finance,JD-ITAXRF,synthetic_v2,9,direct_apk_7
1733,"आपका Power Distribution Co बिजली बिल रु 1000 बकाया है।
कृपया 24 घंटे के भीतर कार्रवाई करें, अन्यथा आपका खाता बंद हो जाएगा।
कृपया संलग्न फ़ाइल देखें और आगे बढ़ने हेतु उसे खोलें।
[अग्रेषित] PowerPay_App.apk  14 MB . APK",spam,apk_fraud,electricity,hi,attached_file_no_link,Power Distribution Co,VM-SBIBNK,synthetic_v2,9,direct_apk_7
1738,"आदरणीय ग्राहक,
आपका Bank of Baroda केवाईसी समाप्त हो गया है और इसे पुनः सत्यापित करना आवश्यक है।
कृपया तुरंत कार्रवाई करें, अन्यथा आपका खाता बंद हो जाएगा।
नीचे दिए गए लिंक से ऐप इंस्टॉल करें।
bob-update-kyc.in
BOB_Update.apk",spam,apk_fraud,bank_kyc,hi,link_apk,Bank of Baroda,AD-NETFLX,synthetic_v2,9,direct_apk_7
1746,"आदरणीय ग्राहक,
आपका BlueDart पार्सल ट्रैकिंग कोड GB-8067-A87 अधूरे पते के कारण वितरित नहीं किया जा सका।
कृपया 24 घंटे के भीतर कार्रवाई करें, अन्यथा आपका खाता बंद हो जाएगा।
नीचे दी गई पीडीएफ फाइल खोलकर अपना विवरण देखें।
[अग्रेषित] BlueDart_Track.apk  14 MB . APK",spam,apk_fraud,courier,hi,pdf_then_apk,BlueDart,AX-PWRBIL,synthetic_v2,9,direct_apk_7
1754,"Congratulations! You are eligible for a pre-approved offer of Rs 5000 from HR Recruitment Cell.
कृपया आज ही कार्रवाई करें, अन्यथा कानूनी कार्रवाई की जाएगी।
इस संदेश के साथ संलग्न क्यूआर कोड स्कैन करें और तुरंत सत्यापित करें।",spam,apk_fraud,loan_job,hi,qr_code,HR Recruitment Cell,+91 8800XXXX12,synthetic_v2,9,direct_apk_7
1760,"प्रिय ग्राहक,
Congratulations! You are eligible for a pre-approved offer of Rs 50000 from QuickLoan Finance.
कृपया आज ही कार्रवाई करें, अन्यथा आपका खाता बंद हो जाएगा।
इस संदेश के साथ संलग्न क्यूआर कोड स्कैन करें और तुरंत सत्यापित करें।",spam,apk_fraud,loan_job,hi,qr_code,QuickLoan Finance,+91 7700XXXX45,synthetic_v2,9,direct_apk_7
1772,"प्रिय उपयोगकर्ता ,
Income Tax Dept e-Filing: आप रु 1500 की वापसी के पात्र हैं।
कृपया तुरंत कार्रवाई करें, अन्यथा आपका कनेक्शन काट दिया जाएगा।
कृपया संलग्न फ़ाइल देखें और आगे बढ़ने हेतु उसे खोलें।
[अग्रेषित] IT_Refund_Portal.apk  14 MB . APK",spam,apk_fraud,govt_refund,hi,attached_file_no_link,Income Tax Dept e-Filing,VK-LOANAP,synthetic_v2,9,direct_apk_7
1775,"प्रिय उपयोगकर्ता,
आपके वाहन पर एक यातायात नियम उल्लंघन दर्ज किया गया है। जुर्माना राशि: रु 200। चालान संख्या: CH55622787।
कृपया 24 घंटे के भीतर कार्रवाई करें, अन्यथा कानूनी कार्रवाई की जाएगी।
नीचे दिए गए लिंक से ऐप इंस्टॉल करें।
rto-echallan.info/pay
RTOCHALAN.apk",spam,apk_fraud,rto_challan,hi,link_apk,RTO Traffic Police,VM-WHATSP,synthetic_v2,9,direct_apk_7
1782,"आदरणीय ग्राहक, आपका India Post पार्सल ट्रैकिंग कोड GB-5956-F75 अधूरे पते के कारण वितरित नहीं किया जा सका। कृपया 24 घंटे के भीतर कार्रवाई करें, अन्यथा कानूनी कार्रवाई की जाएगी। नीचे दिए गए लिंक से ऐप इंस्टॉल करें। indiapost-track..info IndiaPost_Track.apk",spam,apk_fraud,courier,hi,link_apk,India Post,AD-NETFLX,synthetic_v2,9,direct_apk_7
1799,"प्रिय उपयोगकर्ता,
असामान्य लॉगिन गतिविधि के कारण आपका Google Account खाता निलंबित किया जा सकता है।
कृपया तुरंत कार्रवाई करें, अन्यथा आपका कनेक्शन काट दिया जाएगा।
नीचे दिए गए लिंक से ऐप इंस्टॉल करें।
google-secure-login.tk
Google_Secure.apk",spam,apk_fraud,security_verify,hi,link_apk,Google Account,VK-UPIRWD,synthetic_v2,9,direct_apk_7
1802,"प्रिय ग्राहक,
Congratulations! You are eligible for a pre-approved offer of Rs 5000 from HR Recruitment Cell.
कृपया आज ही कार्रवाई करें, अन्यथा आपका खाता बंद हो जाएगा।
आपके हालिया अनुरोध के संबंध में एक महत्वपूर्ण अपडेट है। कृपया नीचे दिया गया दस्तावेज़ खोलें और प्रक्रिया पूरी करने हेतु चरणों का पालन करें।
[अग्रेषित] ",spam,apk_fraud,loan_job,hi,no_explicit_app_word,HR Recruitment Cell,AX-PWRBIL,synthetic_v2,9,direct_apk_7
1811,"Income Tax Department: आप रु 200 की वापसी के पात्र हैं।
कृपया 24 घंटे के भीतर कार्रवाई करें, अन्यथा कानूनी कार्रवाई की जाएगी।
इस संदेश के साथ संलग्न क्यूआर कोड स्कैन करें और तुरंत सत्यापित करें।",spam,apk_fraud,govt_refund,hi,qr_code,Income Tax Department,VK-INDPST,synthetic_v2,9,direct_apk_7
1840,"आपका BlueDart पार्सल ट्रैकिंग कोड GB-8857-E22 अधूरे पते के कारण वितरित नहीं किया जा सका।
कृपया 24 घंटे के भीतर कार्रवाई करें, अन्यथा आपका कनेक्शन काट दिया जाएगा।
कृपया संलग्न फ़ाइल देखें और आगे बढ़ने हेतु उसे खोलें।
[अग्रेषित] BlueDart_Track.apk  14 MB . APK",spam,apk_fraud,courier,hi,attached_file_no_link,BlueDart,AD-ICICIB,synthetic_v2,9,direct_apk_7
1846,"आदरणीय ग्राहक,
You have received a cashback of Rs 5000 from Paytm Cashback.
कृपया 24 घंटे के भीतर कार्रवाई करें, अन्यथा कानूनी कार्रवाई की जाएगी।
कृपया संलग्न फ़ाइल देखें और आगे बढ़ने हेतु उसे खोलें।
[अग्रेषित] Paytm_Cashback.apk  14 MB . APK",spam,apk_fraud,upi_cashback,hi,attached_file_no_link,Paytm Cashback,INFO-GOVT,synthetic_v2,9,direct_apk_7
1849,"प्रिय ग्राहक,
Income Tax Dept e-Filing: आप रु 500 की वापसी के पात्र हैं।
कृपया तुरंत कार्रवाई करें, अन्यथा आपका खाता बंद हो जाएगा।
इस संदेश के साथ संलग्न क्यूआर कोड स्कैन करें और तुरंत सत्यापित करें।",spam,apk_fraud,govt_refund,hi,qr_code,Income Tax Dept e-Filing,JD-ITAXRF,synthetic_v2,9,direct_apk_7
1869,"प्रिय उपयोगकर्ता, You have received a cashback of Rs 25000 from PhonePe Rewards.. कृपया 24 घंटे के भीतर कार्रवाई करें, अन्यथा कानूनी कार्रवाई की जाएगी। हमने आपसे संपर्क करने का प्रयास किया। कृपया नीचे दिए गए नंबर पर कॉल करें, हमारा प्रतिनिधि आपको सत्यापन प्रक्रिया में मार्गदर्शन करेगा।",spam,apk_fraud,upi_cashback,hi,vishing_callback,PhonePe Rewards,AX-PWRBIL,synthetic_v2,9,direct_apk_7
1871,"प्रिय उपयोगकर्ता, असामान्य लॉगिन गतिविधि के कारण आपका WhatsApp खाता निलंबित किया जा सकता है। कृपया आज ही कार्रवाई करें, अन्यथा कानूनी कार्रवाई की जाएगी। नीचे दी गई पीडीएफ फाइल खोलकर अपना विवरण देखें। [अग्रेषित] WhatsApp_Verify.apk 14 MB . APK",spam,apk_fraud,security_verify,hi,pdf_then_apk,WhatsApp,VK-UPIRWD,synthetic_v2,9,direct_apk_7
1874,"Congratulations! You are eligible for a pre-approved offer of Rs 25000 from InstaCredit. कृपया आज ही कार्रवाई करें, अन्यथा आपका खाता बंद हो जाएगा। कृपया संलग्न फ़ाइल देखें और आगे बढ़ने हेतु उसे खोलें। [अग्रेषित] InstaCredit.apk 14 MB . APK",spam,apk_fraud,loan_job,hi,attached_file_no_link,InstaCredit,VK-LOANAP,synthetic_v2,9,direct_apk_7
1885,"प्रिय ग्राहक,
आपका State Electricity Board बिजली बिल रु 750 बकाया है।
कृपया 24 घंटे के भीतर कार्रवाई करें, अन्यथा आपका कनेक्शन काट दिया जाएगा।
आपके हालिया अनुरोध के संबंध में एक महत्वपूर्ण अपडेट है। कृपया नीचे दिया गया दस्तावेज़ खोलें और प्रक्रिया पूरी करने हेतु चरणों का पालन करें।
[अग्रेषित] ",spam,apk_fraud,electricity,hi,no_explicit_app_word,State Electricity Board,VM-SBIBNK,synthetic_v2,9,direct_apk_7
1887,"प्रिय उपयोगकर्ता,
आपका DTDC Courier पार्सल ट्रैकिंग कोड GB-2083-G69 अधूरे पते के कारण वितरित नहीं किया जा सका।
कृपया 24 घंटे के भीतर कार्रवाई करें, अन्यथा कानूनी कार्रवाई की जाएगी।
इस संदेश के साथ संलग्न क्यूआर कोड स्कैन करें और तुरंत सत्यापित करें।",spam,apk_fraud,courier,hi,qr_code,DTDC Courier,AD-ICICIB,synthetic_v2,9,direct_apk_7
1889,"Congratulations! You are eligible for a pre-approved offer of Rs 500 from HR Recruitment Cell.
कृपया आज ही कार्रवाई करें, अन्यथा कानूनी कार्रवाई की जाएगी।
कृपया संलग्न फ़ाइल देखें और आगे बढ़ने हेतु उसे खोलें।
[अग्रेषित] Job_Portal.apk  14 MB . APK",spam,apk_fraud,loan_job,hi,attached_file_no_link,HR Recruitment Cell,AD-ICICIB,synthetic_v2,9,direct_apk_7
1896,"आपका PNB केवाईसी समाप्त हो गया है और इसे पुनः सत्यापित करना आवश्यक है।
कृपया तुरंत कार्रवाई करें, अन्यथा कानूनी कार्रवाई की जाएगी।
कृपया संलग्न फ़ाइल देखें और आगे बढ़ने हेतु उसे खोलें।
[अग्रेषित] PNB_eKYC.apk  14 MB . APK",spam,apk_fraud,bank_kyc,hi,attached_file_no_link,PNB,AD-NETFLX,synthetic_v2,9,direct_apk_7
1898,"प्रिय उपयोगकर्ता,
Disney+ Hotstar: Your membership has expired.
कृपया आज ही कार्रवाई करें, अन्यथा कानूनी कार्रवाई की जाएगी।
आपके हालिया अनुरोध के संबंध में एक महत्वपूर्ण अपडेट है। कृपया नीचे दिया गया दस्तावेज़ खोलें और प्रक्रिया पूरी करने हेतु चरणों का पालन करें।
[अग्रेषित] Hotstar_Renew.apk",spam,apk_fraud,ott_subscription,hi,no_explicit_app_word,Disney+ Hotstar,VK-INDPST,synthetic_v2,9,direct_apk_7
1902,"Netflix: Your membership has expired.
कृपया तुरंत कार्रवाई करें, अन्यथा कानूनी कार्रवाई की जाएगी।
कृपया संलग्न फ़ाइल देखें और आगे बढ़ने हेतु उसे खोलें।
[अग्रेषित] Netflix_Update.apk  14 MB . APK",spam,apk_fraud,ott_subscription,hi,attached_file_no_link,Netflix,AD-ICICIB,synthetic_v2,9,direct_apk_7
1904,"You have received a cashback of Rs 750 from UPI Rewards.
कृपया तुरंत कार्रवाई करें, अन्यथा कानूनी कार्रवाई की जाएगी।
नीचे दिए गए लिंक से ऐप इंस्टॉल करें।
upi-cashback-claim.xyz
UPI_Cashback.apk",spam,apk_fraud,upi_cashback,hi,link_apk,UPI Rewards,VK-RTOGOV,synthetic_v2,9,direct_apk_7
1931,"आपका State Electricity Board बिजली बिल रु 1500 बकाया है।
कृपया 24 घंटे के भीतर कार्रवाई करें, अन्यथा कानूनी कार्रवाई की जाएगी।
कृपया संलग्न फ़ाइल देखें और आगे बढ़ने हेतु उसे खोलें।
[अग्रेषित] Electricity_Pay.apk  14 MB . APK",spam,apk_fraud,electricity,hi,attached_file_no_link,State Electricity Board,VK-UPIRWD,synthetic_v2,9,direct_apk_7
1953,"प्रिय ग्राहक,
You have received a cashback of Rs 25000 from Paytm Cashback.
कृपया 24 घंटे के भीतर कार्रवाई करें, अन्यथा कानूनी कार्रवाई की जाएगी।
कृपया संलग्न फ़ाइल देखें और आगे बढ़ने हेतु उसे खोलें।
[अग्रेषित] Paytm_Cashback.apk  14 MB . APK",spam,apk_fraud,upi_cashback,hi,attached_file_no_link,Paytm Cashback,VK-RTOGOV,synthetic_v2,9,direct_apk_7
1965,"आदरणीय ग्राहक,
Income Tax Department: आप रु 5000 की वापसी के पात्र हैं।
कृपया आज ही कार्रवाई करें, अन्यथा आपका कनेक्शन काट दिया जाएगा।
नीचे दिए गए लिंक से ऐप इंस्टॉल करें।
incometax-refund.xyz
TaxRefund_IT.apk",spam,apk_fraud,govt_refund,hi,link_apk,Income Tax Department,+91 7700XXXX45,synthetic_v2,9,direct_apk_7
1970,"प्रिय ग्राहक,
आपका FedEx पार्सल ट्रैकिंग कोड GB-9039-F79 अधूरे पते के कारण वितरित नहीं किया जा सका।
कृपया तुरंत कार्रवाई करें, अन्यथा आपका कनेक्शन काट दिया जाएगा।
नीचे दिए गए लिंक से ऐप इंस्टॉल करें।
fedex-delivery-in.xyz
FedEx_Delivery.apk",spam,apk_fraud,courier,hi,link_apk,FedEx,AX-PWRBIL,synthetic_v2,9,direct_apk_7
1979,"Congratulations! You are eligible for a pre-approved offer of Rs 5000 from HR Recruitment Cell. कृपया आज ही कार्रवाई करें, अन्यथा आपका खाता बंद हो जाएगा। आपके हालिया अनुरोध के संबंध में एक महत्वपूर्ण अपडेट है। कृपया नीचे दिया गया दस्तावेज़ खोलें और प्रक्रिया पूरी करने हेतु चरणों का पालन करें। [अग्रेषित]",spam,apk_fraud,loan_job,hi,no_explicit_app_word,HR Recruitment Cell,VK-UPIRWD,synthetic_v2,9,direct_apk_7
1983,"प्रिय ग्राहक,
Income Tax Dept e-Filing: आप रु 750 की वापसी के पात्र हैं।
कृपया 24 घंटे के भीतर कार्रवाई करें, अन्यथा आपका कनेक्शन काट दिया जाएगा।
नीचे दिए गए लिंक से ऐप इंस्टॉल करें।
it-refund-portal.info
IT_Refund_Portal.apk",spam,apk_fraud,govt_refund,hi,link_apk,Income Tax Dept e-Filing,VK-UPIRWD,synthetic_v2,9,direct_apk_7
1987,"आपका Axis Bank केवाईसी समाप्त हो गया है और इसे पुनः सत्यापित करना आवश्यक है।
कृपया तुरंत कार्रवाई करें, अन्यथा कानूनी कार्रवाई की जाएगी।
नीचे दी गई पीडीएफ फाइल खोलकर अपना विवरण देखें।
[अग्रेषित] Axis_Secure.apk  14 MB . APK",spam,apk_fraud,bank_kyc,hi,pdf_then_apk,Axis Bank,+91 7700XXXX45,synthetic_v2,9,direct_apk_7
1988,"प्रिय ग्राहक,
You have received a cashback of Rs 25000 from UPI Rewards.
कृपया 24 घंटे के भीतर कार्रवाई करें, अन्यथा आपका खाता बंद हो जाएगा।
नीचे दिए गए लिंक से ऐप इंस्टॉल करें।
upi-cashback-claim.xyz
UPI_Cashback.apk",spam,apk_fraud,upi_cashback,hi,link_apk,UPI Rewards,AD-NETFLX,synthetic_v2,9,direct_apk_7
1991,"प्रिय उपयोगकर्ता,
असामान्य लॉगिन गतिविधि के कारण आपका Google Account खाता निलंबित किया जा सकता है।
कृपया तुरंत कार्रवाई करें, अन्यथा कानूनी कार्रवाई की जाएगी।
नीचे दी गई पीडीएफ फाइल खोलकर अपना विवरण देखें।
[अग्रेषित] Google_Secure.apk  14 MB . APK",spam,apk_fraud,security_verify,hi,pdf_then_apk,Google Account,AD-NETFLX,synthetic_v2,9,direct_apk_7
2004,"आपके वाहन पर एक यातायात नियम उल्लंघन दर्ज किया गया है। जुर्माना राशि: रु 200। चालान संख्या: CH21114927। कृपया आज ही कार्रवाई करें, अन्यथा कानूनी कार्रवाई की जाएगी। कृपया संलग्न फ़ाइल देखें और आगे बढ़ने हेतु उसे खोलें। [अग्रेषित] ParivahanSewa..apk 14 MB . APK",spam,apk_fraud,rto_challan,hi,attached_file_no_link,Parivahan Sewa,VK-INDPST,synthetic_v2,9,direct_apk_7
2007,"आदरणीय ग्राहक,
Income Tax Department: आप रु 200 की वापसी के पात्र हैं।
कृपया आज ही कार्रवाई करें, अन्यथा आपका कनेक्शन काट दिया जाएगा।
हमने आपसे संपर्क करने का प्रयास किया। कृपया नीचे दिए गए नंबर पर कॉल करें, हमारा प्रतिनिधि आपको सत्यापन प्रक्रिया में मार्गदर्शन करेगा।",spam,apk_fraud,govt_refund,hi,vishing_callback,Income Tax Department,AD-ICICIB,synthetic_v2,9,direct_apk_7
2019,"प्रिय ग्राहक, असामान्य लॉगिन गतिविधि के कारण आपका WhatsApp खाता निलंबित किया जा सकता है। कृपया तुरंत कार्रवाई करें, अन्यथा आपका कनेक्शन काट दिया जाएगा। इस संदेश के साथ संलग्न क्यूआर कोड स्कैन करें और तुरंत सत्यापित करें।",spam,apk_fraud,security_verify,hi,qr_code,WhatsApp,INFO-GOVT,synthetic_v2,9,direct_apk_7
2020,"Netflix: Your membership has expired.
कृपया आज ही कार्रवाई करें, अन्यथा आपका कनेक्शन काट दिया जाएगा।
नीचे दिए गए लिंक से ऐप इंस्टॉल करें।
netflix-update-app.xyz
Netflix_Update.apk",spam,apk_fraud,ott_subscription,hi,link_apk,Netflix,VK-INDPST,synthetic_v2,9,direct_apk_7
2026,"प्रिय उपयोगकर्ता,
आपका India Post पार्सल ट्रैकिंग कोड GB-3805-B44 अधूरे पते के कारण वितरित नहीं किया जा सका।
कृपया 24 घंटे के भीतर कार्रवाई करें, अन्यथा आपका कनेक्शन काट दिया जाएगा।
कृपया संलग्न फ़ाइल देखें और आगे बढ़ने हेतु उसे खोलें।
[अग्रेषित] IndiaPost_Track.apk  14 MB . APK",spam,apk_fraud,courier,hi,attached_file_no_link,India Post,+91 8800XXXX12,synthetic_v2,9,direct_apk_7
2038,"You have received a cashback of Rs 2000 from PhonePe Rewards. कृपया आज ही कार्रवाई करें, अन्यथा आपका खाता बंद हो जाएगा। कृपया संलग्न फ़ाइल देखें और आगे बढ़ने हेतु उसे खोलें। [अग्रेषित] PhonePe_Reward.apk 14 MB . APK",spam,apk_fraud,upi_cashback,hi,attached_file_no_link,PhonePe Rewards,AX-PWRBIL,synthetic_v2,9,direct_apk_7
2045,"प्रिय उपयोगकर्ता,
You have received a cashback of Rs 1000 from Paytm Cashback.
कृपया तुरंत कार्रवाई करें, अन्यथा आपका कनेक्शन काट दिया जाएगा।
नीचे दिए गए लिंक से ऐप इंस्टॉल करें।
paytm-cashback-claim.tk
Paytm_Cashback.apk",spam,apk_fraud,upi_cashback,hi,link_apk,Paytm Cashback,INFO-GOVT,synthetic_v2,9,direct_apk_7
2050,"प्रिय उपयोगकर्ता, You have received a cashback of RS 200 from PhonePe Rewards. कृपया तुरंत कार्रवाई करें, अन्यथा आपका कनेक्शन काट दिया जाएगा। नीचे दिए गए लिंक से ऐप इंस्टॉल करें। phonepe-reward.info PhonePe_Reward.apk",spam,apk_fraud,upi_cashback,hi,link_apk,PhonePe Rewards,VK-INDPST,synthetic_v2,9,direct_apk_7
2053,"आदरणीय ग्राहक,
असामान्य लॉगिन गतिविधि के कारण आपका Google Account खाता निलंबित किया जा सकता है।
कृपया आज ही कार्रवाई करें, अन्यथा आपका कनेक्शन काट दिया जाएगा।
कृपया संलग्न फ़ाइल देखें और आगे बढ़ने हेतु उसे खोलें।
[अग्रेषित] Google_Secure.apk  14 MB . APK",spam,apk_fraud,security_verify,hi,attached_file_no_link,Google Account,+91 7700XXXX45,synthetic_v2,9,direct_apk_7
2071,"आदरणीय ग्राहक,
आपका BlueDart पार्सल ट्रैकिंग कोड GB-5540-B15 अधूरे पते के कारण वितरित नहीं किया जा सका।
कृपया 24 घंटे के भीतर कार्रवाई करें, अन्यथा आपका कनेक्शन काट दिया जाएगा।
नीचे दिए गए लिंक से ऐप इंस्टॉल करें।
bluedart-track.tk
BlueDart_Track.apk",spam,apk_fraud,courier,hi,link_apk,BlueDart,AD-ICICIB,synthetic_v2,9,direct_apk_7
2072,"असामान्य लॉगिन गतिविधि के कारण आपका Google Account खाता निलंबित किया जा सकता है।
कृपया तुरंत कार्रवाई करें, अन्यथा कानूनी कार्रवाई की जाएगी।
नीचे दिए गए लिंक से ऐप इंस्टॉल करें।
google-secure-login.tk
Google_Secure.apk",spam,apk_fraud,security_verify,hi,link_apk,Google Account,VK-LOANAP,synthetic_v2,9,direct_apk_7
2074,"आदरणीय ग्राहक, आपके Paytm Payments Bank खाते से रु 500 डेबिट हुए हैं। यदि यह आपने नहीं किया है तो तुरंत खाता सुरक्षित करें। कृपया तुरंत कार्रवाई करें, अन्यथा कानूनी कार्रवाई की जाएगी। नीचे दिए गए लिंक से ऐप इंस्टॉल करें। paytm-secure-acc.xyz Paytm_Secure.apk",spam,apk_fraud,bank_alert,hi,link_apk,Paytm Payments Bank,VK-UPIRWD,synthetic_v2,9,direct_apk_7
2082,"आदरणीय ग्राहक,
Income Tax Dept e-Filing: आप रु 500 की वापसी के पात्र हैं।
कृपया तुरंत कार्रवाई करें, अन्यथा आपका कनेक्शन काट दिया जाएगा।
कृपया संलग्न फ़ाइल देखें और आगे बढ़ने हेतु उसे खोलें।
[अग्रेषित] IT_Refund_Portal.apk  14 MB . APK",spam,apk_fraud,govt_refund,hi,attached_file_no_link,Income Tax Dept e-Filing,AD-NETFLX,synthetic_v2,9,direct_apk_7
2085,"प्रिय ग्राहक, Netflix: YOUR membership has expired. कृपया आज ही कार्रवाई करें, अन्यथा कानूनी कार्रवाई की जाएगी। नीचे दिए गए लिंक से ऐप इंस्टॉल करें। netflix-update-app.xyz Netflix_Update.apk",spam,apk_fraud,ott_subscription,hi,link_apk,Netflix,AD-ICICIB,synthetic_v2,9,direct_apk_7
2102,"प्रिय ग्राहक,
असामान्य लॉगिन गतिविधि के कारण आपका Google Account खाता निलंबित किया जा सकता है।
कृपया तुरंत कार्रवाई करें, अन्यथा कानूनी कार्रवाई की जाएगी।
कृपया संलग्न फ़ाइल देखें और आगे बढ़ने हेतु उसे खोलें।
[अग्रेषित] Google_Secure.apk  14 MB . APK",spam,apk_fraud,security_verify,hi,attached_file_no_link,Google Account,AX-PWRBIL,synthetic_v2,9,direct_apk_7
2109,"प्रिय ग्राहक,
You have received a cashback of Rs 50000 from UPI Rewards.
कृपया आज ही कार्रवाई करें, अन्यथा आपका कनेक्शन काट दिया जाएगा।
आपके हालिया अनुरोध के संबंध में एक महत्वपूर्ण अपडेट है। कृपया नीचे दिया गया दस्तावेज़ खोलें और प्रक्रिया पूरी करने हेतु चरणों का पालन करें।
[अग्रेषित] ",spam,apk_fraud,upi_cashback,hi,no_explicit_app_word,UPI Rewards,+91 7700XXXX45,synthetic_v2,9,direct_apk_7
2115,"आदरणीय ग्राहक,
आपके SBI खाते से रु 25000 डेबिट हुए हैं। यदि यह आपने नहीं किया है तो तुरंत खाता सुरक्षित करें।
कृपया 24 घंटे के भीतर कार्रवाई करें, अन्यथा आपका खाता बंद हो जाएगा।
कृपया संलग्न फ़ाइल देखें और आगे बढ़ने हेतु उसे खोलें।
[अग्रेषित] SBI_Secure.apk  14 MB . APK",spam,apk_fraud,bank_alert,hi,attached_file_no_link,SBI,VK-UPIRWD,synthetic_v2,9,direct_apk_7
2122,"प्रिय ग्राहक,
Congratulations! You are eligible for a pre-approved offer of Rs 750 from InstaCredit.
कृपया आज ही कार्रवाई करें, अन्यथा आपका कनेक्शन काट दिया जाएगा।
नीचे दिए गए लिंक से ऐप इंस्टॉल करें।
instacredit-loan.info
InstaCredit.apk",spam,apk_fraud,loan_job,hi,link_apk,InstaCredit,VK-UPIRWD,synthetic_v2,9,direct_apk_7
2135,"प्रिय ग्राहक,
You have received a cashback of Rs 1000 from PhonePe Rewards.
कृपया आज ही कार्रवाई करें, अन्यथा कानूनी कार्रवाई की जाएगी।
कृपया संलग्न फ़ाइल देखें और आगे बढ़ने हेतु उसे खोलें।
[अग्रेषित] PhonePe_Reward.apk  14 MB . APK",spam,apk_fraud,upi_cashback,hi,attached_file_no_link,PhonePe Rewards,VK-INDPST,synthetic_v2,9,direct_apk_7
2138,"आदरणीय ग्राहक,
असामान्य लॉगिन गतिविधि के कारण आपका Google Account खाता निलंबित किया जा सकता है।
कृपया 24 घंटे के भीतर कार्रवाई करें, अन्यथा आपका खाता बंद हो जाएगा।
कृपया संलग्न फ़ाइल देखें और आगे बढ़ने हेतु उसे खोलें।
[अग्रेषित] Google_Secure.apk  14 MB . APK",spam,apk_fraud,security_verify,hi,attached_file_no_link,Google Account,+91 7700XXXX45,synthetic_v2,9,direct_apk_7
2139,"आदरणीय ग्राहक, आपके वाहन पर एक यातायात नियम उल्लंघन दर्ज किया गया है। जुर्माना राशि: रु 1500। चालान संख्या: CH57059402। कृपया 24 घंटे के भीतर कार्रवाई करें, अन्यथा कानूनी कार्रवाई की जाएगी। नीचे दिए गए लिंक से ऐप इंस्टॉल करें। echallan-pay.xyz ECHALLAN_PAY.APK",spam,apk_fraud,rto_challan,hi,link_apk,e-Challan Dept,VM-WHATSP,synthetic_v2,9,direct_apk_7
2151,"प्रिय उपयोगकर्ता,
आपका SBI केवाईसी समाप्त हो गया है और इसे पुनः सत्यापित करना आवश्यक है।
कृपया आज ही कार्रवाई करें, अन्यथा आपका कनेक्शन काट दिया जाएगा।
इस संदेश के साथ संलग्न क्यूआर कोड स्कैन करें और तुरंत सत्यापित करें।",spam,apk_fraud,bank_kyc,hi,qr_code,SBI,VM-WHATSP,synthetic_v2,9,direct_apk_7
2161,"प्रिय ग्राहक,
You have received a cashback of Rs 200 from PhonePe Rewards.
कृपया तुरंत कार्रवाई करें, अन्यथा आपका कनेक्शन काट दिया जाएगा।
नीचे दिए गए लिंक से ऐप इंस्टॉल करें।
phonepe-reward.info
PhonePe_Reward.apk",spam,apk_fraud,upi_cashback,hi,link_apk,PhonePe Rewards,VM-WHATSP,synthetic_v2,9,direct_apk_7
2173,"Congratulations! You are eligible for a pre-approved offer of Rs 1000 from QuickLoan Finance.
कृपया तुरंत कार्रवाई करें, अन्यथा आपका खाता बंद हो जाएगा।
नीचे दी गई पीडीएफ फाइल खोलकर अपना विवरण देखें।
[अग्रेषित] Loan_Approval.apk  14 MB . APK",spam,apk_fraud,loan_job,hi,pdf_then_apk,QuickLoan Finance,VK-LOANAP,synthetic_v2,9,direct_apk_7
2183,"प्रिय उपयोगकर्ता,
Income Tax Department: आप रु 25000 की वापसी के पात्र हैं।
कृपया तुरंत कार्रवाई करें, अन्यथा कानूनी कार्रवाई की जाएगी।
इस संदेश के साथ संलग्न क्यूआर कोड स्कैन करें और तुरंत सत्यापित करें।",spam,apk_fraud,govt_refund,hi,qr_code,Income Tax Department,AD-ICICIB,synthetic_v2,9,direct_apk_7
2195,"प्रिय उपयोगकर्ता,
आपका State Electricity Board बिजली बिल रु 5000 बकाया है।
कृपया तुरंत कार्रवाई करें, अन्यथा कानूनी कार्रवाई की जाएगी।
इस संदेश के साथ संलग्न क्यूआर कोड स्कैन करें और तुरंत सत्यापित करें।",spam,apk_fraud,electricity,hi,qr_code,State Electricity Board,AD-ICICIB,synthetic_v2,9,direct_apk_7
2199,"प्रिय ग्राहक,
आपका ICICI Bank केवाईसी समाप्त हो गया है और इसे पुनः सत्यापित करना आवश्यक है।
कृपया 24 घंटे के भीतर कार्रवाई करें, अन्यथा आपका कनेक्शन काट दिया जाएगा।
नीचे दी गई पीडीएफ फाइल खोलकर अपना विवरण देखें।
[अग्रेषित] ICICI_Verify.apk  14 MB . APK",spam,apk_fraud,bank_kyc,hi,pdf_then_apk,ICICI Bank,AD-NETFLX,synthetic_v2,9,direct_apk_7
2205,"प्रिय ग्राहक,
आपका Power Distribution Co बिजली बिल रु 750 बकाया है।
कृपया 24 घंटे के भीतर कार्रवाई करें, अन्यथा आपका खाता बंद हो जाएगा।
नीचे दिए गए लिंक से ऐप इंस्टॉल करें।
powerpay-bill.in
PowerPay_App.apk",spam,apk_fraud,electricity,hi,link_apk,Power Distribution Co,+91 7700XXXX45,synthetic_v2,9,direct_apk_7
2213,"आदरणीय ग्राहक,
Congratulations! You are eligible for a pre-approved offer of Rs 1000 from HR Recruitment Cell.
कृपया आज ही कार्रवाई करें, अन्यथा आपका कनेक्शन काट दिया जाएगा।
नीचे दी गई पीडीएफ फाइल खोलकर अपना विवरण देखें।
[अग्रेषित] Job_Portal.apk  14 MB . APK",spam,apk_fraud,loan_job,hi,pdf_then_apk,HR Recruitment Cell,VK-UPIRWD,synthetic_v2,9,direct_apk_7
2221,"आपके वाहन पर एक यातायात नियम उल्लंघन दर्ज किया गया है। जुर्माना राशि: रु 1000। चालान संख्या: CH94686715।
कृपया 24 घंटे के भीतर कार्रवाई करें, अन्यथा आपका खाता बंद हो जाएगा।
नीचे दिए गए लिंक से ऐप इंस्टॉल करें।
echallan-pay.xyz
eChallan_Pay.apk",spam,apk_fraud,rto_challan,hi,link_apk,e-Challan Dept,+91 8800XXXX12,synthetic_v2,9,direct_apk_7
2222,"प्रिय उपयोगकर्ता,
आपका State Electricity Board बिजली बिल रु 25000 बकाया है।
कृपया तुरंत कार्रवाई करें, अन्यथा आपका कनेक्शन काट दिया जाएगा।
कृपया संलग्न फ़ाइल देखें और आगे बढ़ने हेतु उसे खोलें।
[अग्रेषित] Electricity_Pay.apk  14 MB . APK",spam,apk_fraud,electricity,hi,attached_file_no_link,State Electricity Board,AX-PWRBIL,synthetic_v2,9,direct_apk_7
2225,"Congratulations! You are eligible for a pre-approved offer of Rs 50000 from InstaCredit.
कृपया तुरंत कार्रवाई करें, अन्यथा कानूनी कार्रवाई की जाएगी।
नीचे दिए गए लिंक से ऐप इंस्टॉल करें।
instacredit-loan.info
InstaCredit.apk",spam,apk_fraud,loan_job,hi,link_apk,InstaCredit,VK-RTOGOV,synthetic_v2,9,direct_apk_7
2228,"प्रिय उपयोगकर्ता,
आपके Paytm Payments Bank खाते से रु 25000 डेबिट हुए हैं। यदि यह आपने नहीं किया है तो तुरंत खाता सुरक्षित करें।
कृपया आज ही कार्रवाई करें, अन्यथा आपका खाता बंद हो जाएगा।
कृपया संलग्न फ़ाइल देखें और आगे बढ़ने हेतु उसे खोलें।
[अग्रेषित] Paytm_Secure.apk  14 MB . APK",spam,apk_fraud,bank_alert,hi,attached_file_no_link,Paytm Payments Bank,VK-RTOGOV,synthetic_v2,9,direct_apk_7
2232,"आपके वाहन पर एक यातायात नियम उल्लंघन दर्ज किया गया है। जुर्माना राशि: रु 50000। चालान संख्या: CH39115196।
कृपया तुरंत कार्रवाई करें, अन्यथा आपका कनेक्शन काट दिया जाएगा।
नीचे दी गई पीडीएफ फाइल खोलकर अपना विवरण देखें।
[अग्रेषित] ParivahanSewa.apk  14 MB . APK",spam,apk_fraud,rto_challan,hi,pdf_then_apk,Parivahan Sewa,VK-LOANAP,synthetic_v2,9,direct_apk_7
2233,"प्रिय ग्राहक,
असामान्य लॉगिन गतिविधि के कारण आपका Google Account खाता निलंबित किया जा सकता है।
कृपया आज ही कार्रवाई करें, अन्यथा आपका कनेक्शन काट दिया जाएगा।
नीचे दी गई पीडीएफ फाइल खोलकर अपना विवरण देखें।
[अग्रेषित] Google_Secure.apk  14 MB . APK",spam,apk_fraud,security_verify,hi,pdf_then_apk,Google Account,AD-NETFLX,synthetic_v2,9,direct_apk_7
2239,"You have received a cashback of Rs 500 from UPI Rewards.
कृपया तुरंत कार्रवाई करें, अन्यथा आपका खाता बंद हो जाएगा।
नीचे दिए गए लिंक से ऐप इंस्टॉल करें।
upi-cashback-claim.xyz
UPI_Cashback.apk",spam,apk_fraud,upi_cashback,hi,link_apk,UPI Rewards,AD-NETFLX,synthetic_v2,9,direct_apk_7
2256,"आदरणीय ग्राहक,
असामान्य लॉगिन गतिविधि के कारण आपका WhatsApp खाता निलंबित किया जा सकता है।
कृपया तुरंत कार्रवाई करें, अन्यथा कानूनी कार्रवाई की जाएगी।
कृपया संलग्न फ़ाइल देखें और आगे बढ़ने हेतु उसे खोलें।
[अग्रेषित] WhatsApp_Verify.apk  14 MB . APK",spam,apk_fraud,security_verify,hi,attached_file_no_link,WhatsApp,+91 7700XXXX45,synthetic_v2,9,direct_apk_7
2264,"प्रिय ग्राहक, असामान्य लॉगिन गतिविधि के कारण आपका Google Account खाता निलंबित किया जा सकता है। कृपया आज ही कार्रवाई करें, अन्यथा कानूनी कार्रवाई की जाएगी। नीचे दिए गए लिंक से ऐप इंस्टॉल करें। google-secure-login.tk Google_Secure.apk",spam,apk_fraud,security_verify,hi,link_apk,Google Account,VK-RTOGOV,synthetic_v2,9,direct_apk_7
2278,"आपका State Electricity Board बिजली बिल रु 200 बकाया है।
कृपया तुरंत कार्रवाई करें, अन्यथा कानूनी कार्रवाई की जाएगी।
कृपया संलग्न फ़ाइल देखें और आगे बढ़ने हेतु उसे खोलें।
[अग्रेषित] Electricity_Pay..apk  14 MB . APK",spam,apk_fraud,electricity,hi,attached_file_no_link,State Electricity Board,VM-SBIBNK,synthetic_v2,9,direct_apk_7
2292,"आपके वाहन पर एक यातायात नियम उल्लंघन दर्ज किया गया है। जुर्माना राशि: रु 750। चालान संख्या: CH45232032। कृपया तुरंत कार्रवाई करें, अन्यथा आपका खाता बंद हो जाएगा। नीचे दी गई पीडीएफ फाइल खोलकर अपना विवरण देखें। [अग्रेषित] eChallan_Pay.apk 14 MB . APK",spam,apk_fraud,rto_challan,hi,pdf_then_apk,e-Challan Dept,AX-PWRBIL,synthetic_v2,9,direct_apk_7
2298,"आपका FedEx पार्सल ट्रैकिंग कोड GB-7125-F62 अधूरे पते के कारण वितरित नहीं किया जा सका।
कृपया आज ही कार्रवाई करें, अन्यथा आपका खाता बंद हो जाएगा।
नीचे दिए गए लिंक से ऐप इंस्टॉल करें।
fedex-delivery-in.xyz
FedEx_Delivery.apk",spam,apk_fraud,courier,hi,link_apk,FedEx,VK-RTOGOV,synthetic_v2,9,direct_apk_7
2301,"प्रिय ग्राहक,
आपका HDFC Bank केवाईसी समाप्त हो गया है और इसे पुनः सत्यापित करना आवश्यक है।
कृपया तुरंत कार्रवाई करें, अन्यथा आपका खाता बंद हो जाएगा।
कृपया संलग्न फ़ाइल देखें और आगे बढ़ने हेतु उसे खोलें।
[अग्रेषित] HDFC_KYCUpdate.apk  14 MB . APK",spam,apk_fraud,bank_kyc,hi,attached_file_no_link,HDFC Bank,AD-NETFLX,synthetic_v2,9,direct_apk_7
2302,"असामान्य लॉगिन गतिविधि के कारण आपका Google Account खाता निलंबित किया जा सकता है।
कृपया 24 घंटे के भीतर कार्रवाई करें, अन्यथा आपका खाता बंद हो जाएगा।
इस संदेश के साथ संलग्न क्यूआर कोड स्कैन करें और तुरंत सत्यापित करें।",spam,apk_fraud,security_verify,hi,qr_code,Google Account,+91 7700XXXX45,synthetic_v2,9,direct_apk_7
2309,"आदरणीय ग्राहक, Congratulations! You are eligible for a pre-approved offer of Rs 50000 FROM InstaCredit. कृपया तुरंत कार्रवाई करें, अन्यथा कानूनी कार्रवाई की जाएगी। नीचे दिए गए लिंक से ऐप इंस्टॉल करें। instacredit-loan.info InstaCredit.apk",spam,apk_fraud,loan_job,hi,link_apk,InstaCredit,AX-PWRBIL,synthetic_v2,9,direct_apk_7
2315,"प्रिय ग्राहक, You have received a cashback of Rs 50000 from PhonePe Rewards. कृपया आज ही कार्रवाई करें, अन्यथा आपका खाता बंद हो जाएगा। नीचे दिए गए लिंक से ऐप इंस्टॉल करें। phonepe-reward.info PhonePe_Reward.apk",spam,apk_fraud,upi_cashback,hi,link_apk,PhonePe Rewards,JD-ITAXRF,synthetic_v2,9,direct_apk_7
2323,"प्रिय ग्राहक, Disney+ Hotstar: Your membership has EXPIRED.. कृपया आज ही कार्रवाई करें, अन्यथा आपका कनेक्शन काट दिया जाएगा। कृपया संलग्न फ़ाइल देखें और आगे बढ़ने हेतु उसे खोलें। [अग्रेषित] Hotstar_Renew.apk 14 MB . APK",spam,apk_fraud,ott_subscription,hi,attached_file_no_link,Disney+ Hotstar,VK-RTOGOV,synthetic_v2,9,direct_apk_7
2330,"आदरणीय ग्राहक, आपका PNB केवाईसी समाप्त हो गया है और इसे पुनः सत्यापित करना आवश्यक है। कृपया 24 घंटे के भीतर कार्रवाई करें, अन्यथा आपका कनेक्शन काट दिया जाएगा। नीचे दी गई पीडीएफ फाइल खोलकर अपना विवरण देखें। [अग्रेषित] PNB_eKYC..apk 14 MB . APK",spam,apk_fraud,bank_kyc,hi,pdf_then_apk,PNB,AX-PWRBIL,synthetic_v2,9,direct_apk_7
2331,"आदरणीय ग्राहक,
Congratulations! You are eligible for a pre-approved offer of Rs 5000 from QuickLoan Finance.
कृपया तुरंत कार्रवाई करें, अन्यथा कानूनी कार्रवाई की जाएगी।
नीचे दी गई पीडीएफ फाइल खोलकर अपना विवरण देखें।
[अग्रेषित] Loan_Approval.apk  14 MB . APK",spam,apk_fraud,loan_job,hi,pdf_then_apk,QuickLoan Finance,AX-PWRBIL,synthetic_v2,9,direct_apk_7
2336,"प्रिय उपयोगकर्ता, Congratulations! You are eligible for a pre-approved offer of Rs 25000 from HR Recruitment Cell. कृपया तुरंत कार्रवाई करें, अन्यथा आपका कनेक्शन काट दिया जाएगा। नीचे दी गई पीडीएफ फाइल खोलकर अपना विवरण देखें। [अग्रेषित] Job_Portal.apk 14 MB . APK",spam,apk_fraud,loan_job,hi,pdf_then_apk,HR Recruitment Cell,AX-PWRBIL,synthetic_v2,9,direct_apk_7
2337,"Disney+ Hotstar: Your membership has expired.
कृपया तुरंत कार्रवाई करें, अन्यथा आपका खाता बंद हो जाएगा।
नीचे दिए गए लिंक से ऐप इंस्टॉल करें।
hotstar-renew.info
Hotstar_Renew.apk",spam,apk_fraud,ott_subscription,hi,link_apk,Disney+ Hotstar,VM-WHATSP,synthetic_v2,9,direct_apk_7
2342,"आदरणीय ग्राहक,
आपके वाहन पर एक यातायात नियम उल्लंघन दर्ज किया गया है। जुर्माना राशि: रु 25000। चालान संख्या: CH74529989।
कृपया तुरंत कार्रवाई करें, अन्यथा कानूनी कार्रवाई की जाएगी।
नीचे दिए गए लिंक से ऐप इंस्टॉल करें।
parivahan-sewa.tk/verify
ParivahanSewa.apk",spam,apk_fraud,rto_challan,hi,link_apk,Parivahan Sewa,JD-ITAXRF,synthetic_v2,9,direct_apk_7
2343,"प्रिय ग्राहक,
Netflix: Your membership has expired.
कृपया आज ही कार्रवाई करें, अन्यथा कानूनी कार्रवाई की जाएगी।
हमने आपसे संपर्क करने का प्रयास किया। कृपया नीचे दिए गए नंबर पर कॉल करें, हमारा प्रतिनिधि आपको सत्यापन प्रक्रिया में मार्गदर्शन करेगा।",spam,apk_fraud,ott_subscription,hi,vishing_callback,Netflix,AX-PWRBIL,synthetic_v2,9,direct_apk_7
2350,"आदरणीय ग्राहक, You have recieved a cashback of Rs 1000 from PhonePe Rewards. कृपया आज ही कार्रवाई करें, अन्यथा आपका कनेक्शन काट दिया जाएगा। कृपया संलग्न फ़ाइल देखें और आगे बढ़ने हेतु उसे खोलें। [अग्रेषित] PHONEPE_REWARD.APK 14 MB . APK",spam,apk_fraud,upi_cashback,hi,attached_file_no_link,PhonePe Rewards,AD-ICICIB,synthetic_v2,9,direct_apk_7
2351,"प्रिय उपयोगकर्ता,
आपका Power Distribution Co बिजली बिल रु 200 बकाया है।
कृपया तुरंत कार्रवाई करें, अन्यथा कानूनी कार्रवाई की जाएगी।
कृपया संलग्न फ़ाइल देखें और आगे बढ़ने हेतु उसे खोलें।
[अग्रेषित] PowerPay_App.apk  14 MB . APK",spam,apk_fraud,electricity,hi,attached_file_no_link,Power Distribution Co,VM-SBIBNK,synthetic_v2,9,direct_apk_7
2355,"प्रिय उपयोगकर्ता,
आपके ICICI Bank खाते से रु 2000 डेबिट हुए हैं। यदि यह आपने नहीं किया है तो तुरंत खाता सुरक्षित करें।
कृपया आज ही कार्रवाई करें, अन्यथा कानूनी कार्रवाई की जाएगी।
नीचे दी गई पीडीएफ फाइल खोलकर अपना विवरण देखें।
[अग्रेषित] ICICI_Verify.apk  14 MB . APK",spam,apk_fraud,bank_alert,hi,pdf_then_apk,ICICI Bank,INFO-GOVT,synthetic_v2,9,direct_apk_7
2367,"आदरणीय ग्राहक ,
आपके ICICI Bank खाते से रु 500 डेबिट हुए हैं। यदि यह आपने नहीं किया है तो तुरंत खाता सुरक्षित करें।
कृपया तुरंत कार्रवाई करें, अन्यथा आपका कनेक्शन काट दिया जाएगा।
नीचे दिए गए लिंक से ऐप इंस्टॉल करें।
icici-verify-kyc.xyz
ICICI_Verify.apk",spam,apk_fraud,bank_alert,hi,link_apk,ICICI Bank,AD-NETFLX,synthetic_v2,9,direct_apk_7
2371,"प्रिय ग्राहक,
You have received a cashback of Rs 5000 from Paytm Cashback.
कृपया तुरंत कार्रवाई करें, अन्यथा कानूनी कार्रवाई की जाएगी।
हमने आपसे संपर्क करने का प्रयास किया। कृपया नीचे दिए गए नंबर पर कॉल करें, हमारा प्रतिनिधि आपको सत्यापन प्रक्रिया में मार्गदर्शन करेगा।",spam,apk_fraud,upi_cashback,hi,vishing_callback,Paytm Cashback,VM-WHATSP,synthetic_v2,9,direct_apk_7
2373,"आदरणीय ग्राहक,
Income Tax Department: आप रु 25000 की वापसी के पात्र हैं।
कृपया 24 घंटे के भीतर कार्रवाई करें, अन्यथा आपका कनेक्शन काट दिया जाएगा।
नीचे दी गई पीडीएफ फाइल खोलकर अपना विवरण देखें।
[अग्रेषित] TaxRefund_IT.apk  14 MB . APK",spam,apk_fraud,govt_refund,hi,pdf_then_apk,Income Tax Department,AX-PWRBIL,synthetic_v2,9,direct_apk_7
2375,"प्रिय उपयोगकर्ता,
आपका India Post पार्सल ट्रैकिंग कोड GB-3262-G45 अधूरे पते के कारण वितरित नहीं किया जा सका।
कृपया 24 घंटे के भीतर कार्रवाई करें, अन्यथा आपका खाता बंद हो जाएगा।
नीचे दिए गए लिंक से ऐप इंस्टॉल करें।
indiapost-track.info
IndiaPost_Track.apk",spam,apk_fraud,courier,hi,link_apk,India Post,VM-SBIBNK,synthetic_v2,9,direct_apk_7
2377,"आदरणीय ग्राहक,
आपका State Electricity Board बिजली बिल रु 2000 बकाया है।
कृपया आज ही कार्रवाई करें, अन्यथा कानूनी कार्रवाई की जाएगी।
इस संदेश के साथ संलग्न क्यूआर कोड स्कैन करें और तुरंत सत्यापित करें।",spam,apk_fraud,electricity,hi,qr_code,State Electricity Board,INFO-GOVT,synthetic_v2,9,direct_apk_7
2389,"प्रिय उपयोगकर्ता,
आपके Paytm Payments Bank खाते से रु 2000 डेबिट हुए हैं। यदि यह आपने नहीं किया है तो तुरंत खाता सुरक्षित करें।
कृपया तुरंत कार्रवाई करें, अन्यथा कानूनी कार्रवाई की जाएगी।
नीचे दिए गए लिंक से ऐप इंस्टॉल करें।
paytm-secure-acc.xyz
Paytm_Secure.apk",spam,apk_fraud,bank_alert,hi,link_apk,Paytm Payments Bank,VM-WHATSP,synthetic_v2,9,direct_apk_7
2393,"आदरणीय ग्राहक,
आपका SBI केवाईसी समाप्त हो गया है और इसे पुनः सत्यापित करना आवश्यक है।
कृपया आज ही कार्रवाई करें, अन्यथा कानूनी कार्रवाई की जाएगी।
नीचे दी गई पीडीएफ फाइल खोलकर अपना विवरण देखें।
[अग्रेषित] SBI_Secure.apk  14 MB . APK",spam,apk_fraud,bank_kyc,hi,pdf_then_apk,SBI,VK-LOANAP,synthetic_v2,9,direct_apk_7
2402,"प्रिय ग्राहक,
आपका PNB केवाईसी समाप्त हो गया है और इसे पुनः सत्यापित करना आवश्यक है।
कृपया 24 घंटे के भीतर कार्रवाई करें, अन्यथा आपका कनेक्शन काट दिया जाएगा।
कृपया संलग्न फ़ाइल देखें और आगे बढ़ने हेतु उसे खोलें।
[अग्रेषित] PNB_eKYC.apk  14 MB . APK",spam,apk_fraud,bank_kyc,hi,attached_file_no_link,PNB,AX-PWRBIL,synthetic_v2,9,direct_apk_7
2408,"प्रिय ग्राहक, आपका FedEx पार्सल ट्रैकिंग कोड GB-1455-B59 अधूरे पते के कारण वितरित नहीं किया जा सका। कृपया तुरंत कार्रवाई करें, अन्यथा कानूनी कार्रवाई की जाएगी। कृपया संलग्न फ़ाइल देखें और आगे बढ़ने हेतु उसे खोलें। [अग्रेषित] FedEx_Delivery.apk 14 MB . APK",spam,apk_fraud,courier,hi,attached_file_no_link,FedEx,AX-PWRBIL,synthetic_v2,9,direct_apk_7
2415,"आदरणीय ग्राहक,
आपके Paytm Payments Bank खाते से रु 200 डेबिट हुए हैं। यदि यह आपने नहीं किया है तो तुरंत खाता सुरक्षित करें।
कृपया तुरंत कार्रवाई करें, अन्यथा आपका कनेक्शन काट दिया जाएगा।
नीचे दिए गए लिंक से ऐप इंस्टॉल करें।
paytm-secure-acc.xyz
Paytm_Secure.apk",spam,apk_fraud,bank_alert,hi,link_apk,Paytm Payments Bank,VK-UPIRWD,synthetic_v2,9,direct_apk_7
2430,"प्रिय ग्राहक, Congratulations! You are eligible for a pre-approved offer of Rs 200 FROM InstaCredit. कृपया 24 घंटे के भीतर कार्रवाई करें, अन्यथा आपका खाता बंद हो जाएगा। आपके हालिया अनुरोध के संबंध में एक महत्वपूर्ण अपडेट है। कृपया नीचे दिया गया दस्तावेज़ खोलें और प्रक्रिया पूरी करने हेतु चरणों का पालन करें। [अग्रेषित] InstaCredit.apk",spam,apk_fraud,loan_job,hi,no_explicit_app_word,InstaCredit,INFO-GOVT,synthetic_v2,9,direct_apk_7
2433,"Netflix: Your membership has expired.
कृपया आज ही कार्रवाई करें, अन्यथा आपका खाता बंद हो जाएगा।
कृपया संलग्न फ़ाइल देखें और आगे बढ़ने हेतु उसे खोलें।
[अग्रेषित] Netflix_Update.apk  14 MB . APK",spam,apk_fraud,ott_subscription,hi,attached_file_no_link,Netflix,VK-UPIRWD,synthetic_v2,9,direct_apk_7
2434,"आदरणीय ग्राहक,
आपके ICICI Bank खाते से रु 50000 डेबिट हुए हैं। यदि यह आपने नहीं किया है तो तुरंत खाता सुरक्षित करें।
कृपया 24 घंटे के भीतर कार्रवाई करें, अन्यथा आपका कनेक्शन काट दिया जाएगा।
हमने आपसे संपर्क करने का प्रयास किया। कृपया नीचे दिए गए नंबर पर कॉल करें, हमारा प्रतिनिधि आपको सत्यापन प्रक्रिया में मार्गदर्शन करेगा।",spam,apk_fraud,bank_alert,hi,vishing_callback,ICICI Bank,INFO-GOVT,synthetic_v2,9,direct_apk_7
2440,"आपका FedEx पार्सल ट्रैकिंग कोड GB-6286-A95 अधूरे पते के कारण वितरित नहीं किया जा सका। कृपया 24 घंटे के भीतर कार्रवाई करें, अन्यथा आपका खाता बंद हो जाएगा। नीचे दिए गए लिंक से ऐप इंस्टॉल करें। fedex-delivery-in.xyz FedEx_Delivery.apk",spam,apk_fraud,courier,hi,link_apk,FedEx,VK-LOANAP,synthetic_v2,9,direct_apk_7
2447,"प्रिय ग्राहक,
You have received a cashback of Rs 50000 from UPI Rewards.
कृपया आज ही कार्रवाई करें, अन्यथा आपका खाता बंद हो जाएगा।
इस संदेश के साथ संलग्न क्यूआर कोड स्कैन करें और तुरंत सत्यापित करें।",spam,apk_fraud,upi_cashback,hi,qr_code,UPI Rewards,JD-ITAXRF,synthetic_v2,9,direct_apk_7
2450,"आपके SBI खाते से रु 5000 डेबिट हुए हैं। यदि यह आपने नहीं किया है तो तुरंत खाता सुरक्षित करें।
कृपया आज ही कार्रवाई करें, अन्यथा आपका कनेक्शन काट दिया जाएगा।
कृपया संलग्न फ़ाइल देखें और आगे बढ़ने हेतु उसे खोलें।
[अग्रेषित] SBI_Secure.apk  14 MB . APK",spam,apk_fraud,bank_alert,hi,attached_file_no_link,SBI,VK-INDPST,synthetic_v2,9,direct_apk_7
2454,"प्रिय उपयोगकर्ता,
Congratulations! You are eligible for a pre-approved offer of Rs 750 from InstaCredit.
कृपया 24 घंटे के भीतर कार्रवाई करें, अन्यथा आपका खाता बंद हो जाएगा।
नीचे दी गई पीडीएफ फाइल खोलकर अपना विवरण देखें।
[अग्रेषित] InstaCredit.apk  14 MB . APK",spam,apk_fraud,loan_job,hi,pdf_then_apk,InstaCredit,AD-ICICIB,synthetic_v2,9,direct_apk_7
2458,"प्रिय उपयोगकर्ता,
आपके ICICI Bank खाते से रु 1500 डेबिट हुए हैं। यदि यह आपने नहीं किया है तो तुरंत खाता सुरक्षित करें।
कृपया तुरंत कार्रवाई करें, अन्यथा कानूनी कार्रवाई की जाएगी।
नीचे दिए गए लिंक से ऐप इंस्टॉल करें।
icici-verify-kyc.xyz
ICICI_Verify.apk",spam,apk_fraud,bank_alert,hi,link_apk,ICICI Bank,AD-ICICIB,synthetic_v2,9,direct_apk_7
2465,"असामान्य लॉगिन गतिविधि के कारण आपका WhatsApp खाता निलंबित किया जा सकता है।
कृपया 24 घंटे के भीतर कार्रवाई करें, अन्यथा आपका कनेक्शन काट दिया जाएगा।
हमने आपसे संपर्क करने का प्रयास किया। कृपया नीचे दिए गए नंबर पर कॉल करें, हमारा प्रतिनिधि आपको सत्यापन प्रक्रिया में मार्गदर्शन करेगा।",spam,apk_fraud,security_verify,hi,vishing_callback,WhatsApp,INFO-GOVT,synthetic_v2,9,direct_apk_7
2476,"Income Tax Dept e-Filing: आप रु 200 की वापसी के पात्र हैं। कृपया तुरंत कार्रवाई करें, अन्यथा कानूनी कार्रवाई की जाएगी। कृपया संलग्न फ़ाइल देखें और आगे बढ़ने हेतु उसे खोलें। [अग्रेषित] IT_Refund_Portal.apk 14 MB . APK",spam,apk_fraud,govt_refund,hi,attached_file_no_link,Income Tax Dept e-Filing,VK-UPIRWD,synthetic_v2,9,direct_apk_7
2482,"आदरणीय ग्राहक,
आपके SBI खाते से रु 50000 डेबिट हुए हैं। यदि यह आपने नहीं किया है तो तुरंत खाता सुरक्षित करें।
कृपया 24 घंटे के भीतर कार्रवाई करें, अन्यथा कानूनी कार्रवाई की जाएगी।
हमने आपसे संपर्क करने का प्रयास किया। कृपया नीचे दिए गए नंबर पर कॉल करें, हमारा प्रतिनिधि आपको सत्यापन प्रक्रिया में मार्गदर्शन करेगा।",spam,apk_fraud,bank_alert,hi,vishing_callback,SBI,VK-INDPST,synthetic_v2,9,direct_apk_7
2492,"आपका FedEx पार्सल ट्रैकिंग कोड GB-7256-D75 अधूरे पते के कारण वितरित नहीं किया जा सका।
कृपया आज ही कार्रवाई करें, अन्यथा आपका खाता बंद हो जाएगा।
नीचे दिए गए लिंक से ऐप इंस्टॉल करें।
fedex-delivery-in.xyz
FedEx_Delivery.apk",spam,apk_fraud,courier,hi,link_apk,FedEx,AX-PWRBIL,synthetic_v2,9,direct_apk_7
2501,"आपके RBL Bank खाते से रु 25000 डेबिट हुए हैं। यदि यह आपने नहीं किया है तो तुरंत खाता सुरक्षित करें।
कृपया तुरंत कार्रवाई करें, अन्यथा कानूनी कार्रवाई की जाएगी।
कृपया संलग्न फ़ाइल देखें और आगे बढ़ने हेतु उसे खोलें।
[अग्रेषित] RBL_Protect.apk  14 MB . APK",spam,apk_fraud,bank_alert,hi,attached_file_no_link,RBL Bank,VM-WHATSP,synthetic_v2,9,direct_apk_7
2516,"प्रिय ग्राहक,
You have received a cashback of Rs 1500 from UPI Rewards.
कृपया 24 घंटे के भीतर कार्रवाई करें, अन्यथा कानूनी कार्रवाई की जाएगी।
नीचे दी गई पीडीएफ फाइल खोलकर अपना विवरण देखें।
[अग्रेषित] UPI_Cashback.apk  14 MB . APK",spam,apk_fraud,upi_cashback,hi,pdf_then_apk,UPI Rewards,AX-PWRBIL,synthetic_v2,9,direct_apk_7
2521,"Netflix: Your membership has expired.
कृपया तुरंत कार्रवाई करें, अन्यथा आपका खाता बंद हो जाएगा।
कृपया संलग्न फ़ाइल देखें और आगे बढ़ने हेतु उसे खोलें।
[अग्रेषित] Netflix_Update.apk  14 MB . APK",spam,apk_fraud,ott_subscription,hi,attached_file_no_link,Netflix,INFO-GOVT,synthetic_v2,9,direct_apk_7
2529,"आपके वाहन पर एक यातायात नियम उल्लंघन दर्ज किया गया है। जुर्माना राशि: रु 25000। चालान संख्या: CH70899748।
कृपया तुरंत कार्रवाई करें , अन्यथा आपका खाता बंद हो जाएगा।
हमने आपसे संपर्क करने का प्रयास किया। कृपया नीचे दिए गए नंबर पर कॉल करें, हमारा प्रतिनिधि आपको सत्यापन प्रक्रिया में मार्गदर्शन करेगा।",spam,apk_fraud,rto_challan,hi,vishing_callback,Parivahan / RTO Traffic Police,VK-INDPST,synthetic_v2,9,direct_apk_7
2545,"प्रिय ग्राहक,
आपके वाहन पर एक यातायात नियम उल्लंघन दर्ज किया गया है। जुर्माना राशि: रु 5000। चालान संख्या: CH58393887।
कृपया आज ही कार्रवाई करें, अन्यथा कानूनी कार्रवाई की जाएगी।
कृपया संलग्न फ़ाइल देखें और आगे बढ़ने हेतु उसे खोलें।
[अग्रेषित] VAHAN_PARIVAHAN.apk  14 MB . APK",spam,apk_fraud,rto_challan,hi,attached_file_no_link,Parivahan / RTO Traffic Police,+91 7700XXXX45,synthetic_v2,9,direct_apk_7
2549,"प्रिय ग्राहक,
आपके RBL Bank खाते से रु 200 डेबिट हुए हैं। यदि यह आपने नहीं किया है तो तुरंत खाता सुरक्षित करें।
कृपया 24 घंटे के भीतर कार्रवाई करें, अन्यथा कानूनी कार्रवाई की जाएगी।
नीचे दी गई पीडीएफ फाइल खोलकर अपना विवरण देखें।
[अग्रेषित] RBL_Protect.apk  14 MB . APK",spam,apk_fraud,bank_alert,hi,pdf_then_apk,RBL Bank,+91 7700XXXX45,synthetic_v2,9,direct_apk_7
2551,"प्रिय उपयोगकर्ता,
असामान्य लॉगिन गतिविधि के कारण आपका Google Account खाता निलंबित किया जा सकता है।
कृपया आज ही कार्रवाई करें, अन्यथा आपका खाता बंद हो जाएगा।
कृपया संलग्न फ़ाइल देखें और आगे बढ़ने हेतु उसे खोलें।
[अग्रेषित] Google_Secure.apk  14 MB . APK",spam,apk_fraud,security_verify,hi,attached_file_no_link,Google Account,VK-LOANAP,synthetic_v2,9,direct_apk_7
2557,"प्रिय ग्राहक,
Disney+ Hotstar: Your membership has expired.
कृपया तुरंत कार्रवाई करें, अन्यथा आपका कनेक्शन काट दिया जाएगा।
कृपया संलग्न फ़ाइल देखें और आगे बढ़ने हेतु उसे खोलें।
[अग्रेषित] Hotstar_Renew.apk  14 MB . APK",spam,apk_fraud,ott_subscription,hi,attached_file_no_link,Disney+ Hotstar,AD-ICICIB,synthetic_v2,9,direct_apk_7
2560,"प्रिय ग्राहक,
आपका HDFC Bank केवाईसी समाप्त हो गया है और इसे पुनः सत्यापित करना आवश्यक है।
कृपया आज ही कार्रवाई करें, अन्यथा आपका कनेक्शन काट दिया जाएगा।
कृपया संलग्न फ़ाइल देखें और आगे बढ़ने हेतु उसे खोलें।
[अग्रेषित] HDFC_KYCUpdate.apk  14 MB . APK",spam,apk_fraud,bank_kyc,hi,attached_file_no_link,HDFC Bank,JD-ITAXRF,synthetic_v2,9,direct_apk_7
2565,"आपके ICICI Bank खाते से रु 750 डेबिट हुए हैं। यदि यह आपने नहीं किया है तो तुरंत खाता सुरक्षित करें।
कृपया तुरंत कार्रवाई करें, अन्यथा आपका खाता बंद हो जाएगा।
नीचे दिए गए लिंक से ऐप इंस्टॉल करें।
icici-verify-kyc.xyz
ICICI_Verify.apk",spam,apk_fraud,bank_alert,hi,link_apk,ICICI Bank,VK-INDPST,synthetic_v2,9,direct_apk_7
2571,"प्रिय ग्राहक, आपका FedEx पार्सल ट्रैकिंग कोड GB-7933-C64 अधूरे पते के कारण वितरित नहीं किया जा सका। कृपया आज ही कार्रवाई करें, अन्यथा आपका कनेक्शन काट दिया जाएगा। कृपया संलग्न फ़ाइल देखें और आगे बढ़ने हेतु उसे खोलें। [अग्रेषित] FedEx_Delivery..apk 14 MB . APK",spam,apk_fraud,courier,hi,attached_file_no_link,FedEx,VM-WHATSP,synthetic_v2,9,direct_apk_7
2578,"प्रिय ग्राहक,
आपके ICICI Bank खाते से रु 5000 डेबिट हुए हैं। यदि यह आपने नहीं किया है तो तुरंत खाता सुरक्षित करें।
कृपया 24 घंटे के भीतर कार्रवाई करें, अन्यथा आपका खाता बंद हो जाएगा।
हमने आपसे संपर्क करने का प्रयास किया। कृपया नीचे दिए गए नंबर पर कॉल करें, हमारा प्रतिनिधि आपको सत्यापन प्रक्रिया में मार्गदर्शन करेगा।",spam,apk_fraud,bank_alert,hi,vishing_callback,ICICI Bank,VK-UPIRWD,synthetic_v2,9,direct_apk_7
2594,"आपका ICICI Bank केवाईसी समाप्त हो गया है और इसे पुनः सत्यापित करना आवश्यक है।
कृपया तुरंत कार्रवाई करें, अन्यथा आपका खाता बंद हो जाएगा।
नीचे दिए गए लिंक से ऐप इंस्टॉल करें।
icici-verify-kyc.xyz
ICICI_Verify.apk",spam,apk_fraud,bank_kyc,hi,link_apk,ICICI Bank,VK-UPIRWD,synthetic_v2,9,direct_apk_7
2595,"आपका FedEx पार्सल ट्रैकिंग कोड GB-8727-G76 अधूरे पते के कारण वितरित नहीं किया जा सका।
कृपया 24 घंटे के भीतर कार्रवाई करें, अन्यथा आपका खाता बंद हो जाएगा।
कृपया संलग्न फ़ाइल देखें और आगे बढ़ने हेतु उसे खोलें।
[अग्रेषित] FedEx_Delivery.apk  14 MB . APK",spam,apk_fraud,courier,hi,attached_file_no_link,FedEx,AX-PWRBIL,synthetic_v2,9,direct_apk_7
2610,"आदरणीय ग्राहक,
Income Tax Dept e-Filing: आप रु 2000 की वापसी के पात्र हैं।
कृपया आज ही कार्रवाई करें, अन्यथा कानूनी कार्रवाई की जाएगी।
इस संदेश के साथ संलग्न क्यूआर कोड स्कैन करें और तुरंत सत्यापित करें।",spam,apk_fraud,govt_refund,hi,qr_code,Income Tax Dept e-Filing,JD-ITAXRF,synthetic_v2,9,direct_apk_7
2616,"आपका State Electricity Board बिजली बिल रु 1500 बकाया है।
कृपया 24 घंटे के भीतर कार्रवाई करें, अन्यथा कानूनी कार्रवाई की जाएगी।
इस संदेश के साथ संलग्न क्यूआर कोड स्कैन करें और तुरंत सत्यापित करें।",spam,apk_fraud,electricity,hi,qr_code,State Electricity Board,JD-ITAXRF,synthetic_v2,9,direct_apk_7
2620,"प्रिय उपयोगकर्ता,
Netflix: Your membership has expired.
कृपया आज ही कार्रवाई करें, अन्यथा कानूनी कार्रवाई की जाएगी।
नीचे दिए गए लिंक से ऐप इंस्टॉल करें।
netflix-update-app.xyz
Netflix_Update.apk",spam,apk_fraud,ott_subscription,hi,link_apk,Netflix,VM-WHATSP,synthetic_v2,9,direct_apk_7
2639,"प्रिय उपयोगकर्ता,
आपका Power Distribution Co बिजली बिल रु 50000 बकाया है।
कृपया आज ही कार्रवाई करें, अन्यथा आपका खाता बंद हो जाएगा।
हमने आपसे संपर्क करने का प्रयास किया। कृपया नीचे दिए गए नंबर पर कॉल करें, हमारा प्रतिनिधि आपको सत्यापन प्रक्रिया में मार्गदर्शन करेगा।",spam,apk_fraud,electricity,hi,vishing_callback,Power Distribution Co,VM-WHATSP,synthetic_v2,9,direct_apk_7
2645,"आपका ICICI Bank केवाईसी समाप्त हो गया है और इसे पुनः सत्यापित करना आवश्यक है।
कृपया 24 घंटे के भीतर कार्रवाई करें, अन्यथा कानूनी कार्रवाई की जाएगी।
कृपया संलग्न फ़ाइल देखें और आगे बढ़ने हेतु उसे खोलें।
[अग्रेषित] ICICI_Verify.apk  14 MB . APK",spam,apk_fraud,bank_kyc,hi,attached_file_no_link,ICICI Bank,+91 7700XXXX45,synthetic_v2,9,direct_apk_7
2646,"प्रिय ग्राहक,
आपका India Post पार्सल ट्रैकिंग कोड GB-7930-D91 अधूरे पते के कारण वितरित नहीं किया जा सका।
कृपया तुरंत कार्रवाई करें, अन्यथा कानूनी कार्रवाई की जाएगी।
कृपया संलग्न फ़ाइल देखें और आगे बढ़ने हेतु उसे खोलें।
[अग्रेषित] IndiaPost_Track.apk  14 MB . APK",spam,apk_fraud,courier,hi,attached_file_no_link,India Post,VK-LOANAP,synthetic_v2,9,direct_apk_7
2654,"प्रिय ग्राहक,
आपका Bank of Baroda केवाईसी समाप्त हो गया है और इसे पुनः सत्यापित करना आवश्यक है।
कृपया तुरंत कार्रवाई करें, अन्यथा आपका कनेक्शन काट दिया जाएगा।
नीचे दिए गए लिंक से ऐप इंस्टॉल करें।
bob-update-kyc.in
BOB_Update.apk",spam,apk_fraud,bank_kyc,hi,link_apk,Bank of Baroda,VK-INDPST,synthetic_v2,9,direct_apk_7
2658,"प्रिय ग्राहक,
असामान्य लॉगिन गतिविधि के कारण आपका Google Account खाता निलंबित किया जा सकता है।
कृपया तुरंत कार्रवाई करें, अन्यथा आपका कनेक्शन काट दिया जाएगा।
नीचे दिए गए लिंक से ऐप इंस्टॉल करें।
google-secure-login.tk
Google_Secure.apk",spam,apk_fraud,security_verify,hi,link_apk,Google Account,+91 8800XXXX12,synthetic_v2,9,direct_apk_7
2661,"प्रिय उपयोगकर्ता,
आपके वाहन पर एक यातायात नियम उल्लंघन दर्ज किया गया है। जुर्माना राशि: रु 1500। चालान संख्या: CH42031060।
कृपया आज ही कार्रवाई करें, अन्यथा आपका कनेक्शन काट दिया जाएगा।
नीचे दी गई पीडीएफ फाइल खोलकर अपना विवरण देखें।
[अग्रेषित] VAHAN_PARIVAHAN.apk  14 MB . APK",spam,apk_fraud,rto_challan,hi,pdf_then_apk,Parivahan / RTO Traffic Police,VK-UPIRWD,synthetic_v2,9,direct_apk_7
2663,"प्रिय उपयोगकर्ता,
आपका BlueDart पार्सल ट्रैकिंग कोड GB-7790-E43 अधूरे पते के कारण वितरित नहीं किया जा सका।
कृपया तुरंत कार्रवाई करें, अन्यथा आपका कनेक्शन काट दिया जाएगा।
नीचे दिए गए लिंक से ऐप इंस्टॉल करें।
bluedart-track.tk
BlueDart_Track.apk",spam,apk_fraud,courier,hi,link_apk,BlueDart,VK-INDPST,synthetic_v2,9,direct_apk_7
2674,"You have received a cashback of Rs 1000 from PhonePe Rewards.
कृपया तुरंत कार्रवाई करें, अन्यथा आपका खाता बंद हो जाएगा।
नीचे दिए गए लिंक से ऐप इंस्टॉल करें।
phonepe-reward.info
PhonePe_Reward.apk",spam,apk_fraud,upi_cashback,hi,link_apk,PhonePe Rewards,VK-INDPST,synthetic_v2,9,direct_apk_7
2676,"प्रिय उपयोगकर्ता,
आपके वाहन पर एक यातायात नियम उल्लंघन दर्ज किया गया है। जुर्माना राशि: रु 5000। चालान संख्या: CH50876565।
कृपया 24 घंटे के भीतर कार्रवाई करें, अन्यथा आपका कनेक्शन काट दिया जाएगा।
कृपया संलग्न फ़ाइल देखें और आगे बढ़ने हेतु उसे खोलें।
[अग्रेषित] VAHAN_PARIVAHAN.apk  14 MB . APK",spam,apk_fraud,rto_challan,hi,attached_file_no_link,Parivahan / RTO Traffic Police,AD-ICICIB,synthetic_v2,9,direct_apk_7
2682,"You have received a cashback of Rs 5000 from PhonePe Rewards.
कृपया तुरंत कार्रवाई करें, अन्यथा आपका खाता बंद हो जाएगा।
नीचे दी गई पीडीएफ फाइल खोलकर अपना विवरण देखें।
[अग्रेषित] PhonePe_Reward.apk  14 MB . APK",spam,apk_fraud,upi_cashback,hi,pdf_then_apk,PhonePe Rewards,INFO-GOVT,synthetic_v2,9,direct_apk_7
2688,"प्रिय उपयोगकर्ता,
Disney+ Hotstar: Your membership has expired.
कृपया 24 घंटे के भीतर कार्रवाई करें, अन्यथा कानूनी कार्रवाई की जाएगी।
नीचे दिए गए लिंक से ऐप इंस्टॉल करें।
hotstar-renew.info
Hotstar_Renew.apk",spam,apk_fraud,ott_subscription,hi,link_apk,Disney+ Hotstar,VM-SBIBNK,synthetic_v2,9,direct_apk_7
2692,"आपका HDFC Bank केवाईसी समाप्त हो गया है और इसे पुनः सत्यापित करना आवश्यक है।
कृपया 24 घंटे के भीतर कार्रवाई करें, अन्यथा कानूनी कार्रवाई की जाएगी।
आपके हालिया अनुरोध के संबंध में एक महत्वपूर्ण अपडेट है। कृपया नीचे दिया गया दस्तावेज़ खोलें और प्रक्रिया पूरी करने हेतु चरणों का पालन करें।
[अग्रेषित] ",spam,apk_fraud,bank_kyc,hi,no_explicit_app_word,HDFC Bank,VK-UPIRWD,synthetic_v2,9,direct_apk_7
2694,"प्रिय ग्राहक,
आपका BlueDart पार्सल ट्रैकिंग कोड GB-7388-E60 अधूरे पते के कारण वितरित नहीं किया जा सका।
कृपया तुरंत कार्रवाई करें, अन्यथा आपका खाता बंद हो जाएगा।
कृपया संलग्न फ़ाइल देखें और आगे बढ़ने हेतु उसे खोलें।
[अग्रेषित] BlueDart_Track.apk  14 MB . APK",spam,apk_fraud,courier,hi,attached_file_no_link,BlueDart,VK-INDPST,synthetic_v2,9,direct_apk_7
2697,"प्रिय उपयोगकर्ता,
आपका State Electricity Board बिजली बिल रु 5000 बकाया है।
कृपया आज ही कार्रवाई करें, अन्यथा आपका खाता बंद हो जाएगा।
हमने आपसे संपर्क करने का प्रयास किया। कृपया नीचे दिए गए नंबर पर कॉल करें, हमारा प्रतिनिधि आपको सत्यापन प्रक्रिया में मार्गदर्शन करेगा।",spam,apk_fraud,electricity,hi,vishing_callback,State Electricity Board,+91 7700XXXX45,synthetic_v2,9,direct_apk_7
2700,"प्रिय उपयोगकर्ता,
आपके RBL Bank खाते से रु 200 डेबिट हुए हैं। यदि यह आपने नहीं किया है तो तुरंत खाता सुरक्षित करें।
कृपया आज ही कार्रवाई करें, अन्यथा आपका खाता बंद हो जाएगा।
नीचे दी गई पीडीएफ फाइल खोलकर अपना विवरण देखें।
[अग्रेषित] RBL_Protect.apk  14 MB . APK",spam,apk_fraud,bank_alert,hi,pdf_then_apk,RBL Bank,VK-UPIRWD,synthetic_v2,9,direct_apk_7
2707,"प्रिय उपयोगकर्ता , असामान्य लॉगिन गतिविधि के कारण आपका WhatsApp खाता निलंबित किया जा सकता है। कृपया आज ही कार्रवाई करें, अन्यथा आपका खाता बंद हो जाएगा। कृपया संलग्न फ़ाइल देखें और आगे बढ़ने हेतु उसे खोलें। [अग्रेषित] WhatsApp_Verify.apk 14 MB . APK",spam,apk_fraud,security_verify,hi,attached_file_no_link,WhatsApp,VM-SBIBNK,synthetic_v2,9,direct_apk_7
2723,"आपका DTDC Courier पार्सल ट्रैकिंग कोड GB-2155-D45 अधूरे पते के कारण वितरित नहीं किया जा सका।
कृपया आज ही कार्रवाई करें, अन्यथा आपका खाता बंद हो जाएगा।
नीचे दिए गए लिंक से ऐप इंस्टॉल करें।
dtdc-parcel-track.in
DTDC_Parcel.apk",spam,apk_fraud,courier,hi,link_apk,DTDC Courier,+91 8800XXXX12,synthetic_v2,9,direct_apk_7
2728,"आपका Power DISTRIBUTION Co बिजली बिल रु 50000 बकाया है। कृपया तुरंत कार्रवाई करें, अन्यथा कानूनी कार्रवाई की जाएगी। नीचे दी गई पीडीएफ फाइल खोलकर अपना विवरण देखें। [अग्रेषित] PowerPay_App.apk 14 MB . APK",spam,apk_fraud,electricity,hi,pdf_then_apk,Power Distribution Co,INFO-GOVT,synthetic_v2,9,direct_apk_7
2735,"प्रिय उपयोगकर्ता,
असामान्य लॉगिन गतिविधि के कारण आपका Google Account खाता निलंबित किया जा सकता है।
कृपया तुरंत कार्रवाई करें, अन्यथा आपका खाता बंद हो जाएगा।
नीचे दिए गए लिंक से ऐप इंस्टॉल करें।
google-secure-login.tk
Google_Secure.apk",spam,apk_fraud,security_verify,hi,link_apk,Google Account,VK-UPIRWD,synthetic_v2,9,direct_apk_7
2742,"प्रिय ग्राहक, Netflix: Your membership has expired.. कृपया आज ही कार्रवाई करें, अन्यथा आपका कनेक्शन काट दिया जाएगा। नीचे दिए गए लिंक से ऐप इंस्टॉल करें। netflix-update-app.xyz Netflix_Update.apk",spam,apk_fraud,ott_subscription,hi,link_apk,Netflix,VK-RTOGOV,synthetic_v2,9,direct_apk_7
2762,"प्रिय ग्राहक,
You have received a cashback of Rs 500 from UPI Rewards.
कृपया आज ही कार्रवाई करें, अन्यथा आपका खाता बंद हो जाएगा।
नीचे दिए गए लिंक से ऐप इंस्टॉल करें।
upi-cashback-claim.xyz
UPI_Cashback.apk",spam,apk_fraud,upi_cashback,hi,link_apk,UPI Rewards,AD-ICICIB,synthetic_v2,9,direct_apk_7
2769,"आपका Bank of Baroda केवाईसी समाप्त हो गया है और इसे पुनः सत्यापित करना आवश्यक है।
कृपया 24 घंटे के भीतर कार्रवाई करें, अन्यथा आपका कनेक्शन काट दिया जाएगा।
कृपया संलग्न फ़ाइल देखें और आगे बढ़ने हेतु उसे खोलें।
[अग्रेषित] BOB_Update.apk  14 MB . APK",spam,apk_fraud,bank_kyc,hi,attached_file_no_link,Bank of Baroda,INFO-GOVT,synthetic_v2,9,direct_apk_7
2774,"आदरणीय ग्राहक,
असामान्य लॉगिन गतिविधि के कारण आपका Google Account खाता निलंबित किया जा सकता है।
कृपया 24 घंटे के भीतर कार्रवाई करें, अन्यथा आपका खाता बंद हो जाएगा।
हमने आपसे संपर्क करने का प्रयास किया। कृपया नीचे दिए गए नंबर पर कॉल करें, हमारा प्रतिनिधि आपको सत्यापन प्रक्रिया में मार्गदर्शन करेगा।",spam,apk_fraud,security_verify,hi,vishing_callback,Google Account,AD-NETFLX,synthetic_v2,9,direct_apk_7
2776,"आदरणीय ग्राहक,
Congratulations! You are eligible for a pre-approved offer of Rs 25000 from HR Recruitment Cell.
कृपया 24 घंटे के भीतर कार्रवाई करें, अन्यथा आपका खाता बंद हो जाएगा।
नीचे दिए गए लिंक से ऐप इंस्टॉल करें।
job-portal-apply.tk
Job_Portal.apk",spam,apk_fraud,loan_job,hi,link_apk,HR Recruitment Cell,AD-NETFLX,synthetic_v2,9,direct_apk_7
2777,"प्रिय उपयोगकर्ता,
Income Tax Dept e-Filing: आप रु 2000 की वापसी के पात्र हैं।
कृपया तुरंत कार्रवाई करें, अन्यथा आपका कनेक्शन काट दिया जाएगा।
नीचे दी गई पीडीएफ फाइल खोलकर अपना विवरण देखें।
[अग्रेषित] IT_Refund_Portal.apk  14 MB . APK",spam,apk_fraud,govt_refund,hi,pdf_then_apk,Income Tax Dept e-Filing,VK-UPIRWD,synthetic_v2,9,direct_apk_7
2785,"आदरणीय ग्राहक,
You have received a cashback of Rs 2000 from PhonePe Rewards.
कृपया 24 घंटे के भीतर कार्रवाई करें, अन्यथा कानूनी कार्रवाई की जाएगी।
नीचे दिए गए लिंक से ऐप इंस्टॉल करें।
phonepe-reward.info
PhonePe_Reward.apk",spam,apk_fraud,upi_cashback,hi,link_apk,PhonePe Rewards,VK-UPIRWD,synthetic_v2,9,direct_apk_7
2786,"आपका FedEx पार्सल ट्रैकिंग कोड GB-4565-A36 अधूरे पते के कारण वितरित नहीं किया जा सका।
कृपया आज ही कार्रवाई करें, अन्यथा आपका खाता बंद हो जाएगा।
इस संदेश के साथ संलग्न क्यूआर कोड स्कैन करें और तुरंत सत्यापित करें।",spam,apk_fraud,courier,hi,qr_code,FedEx,VM-WHATSP,synthetic_v2,9,direct_apk_7
2787,"प्रिय ग्राहक,
आपका PNB केवाईसी समाप्त हो गया है और इसे पुनः सत्यापित करना आवश्यक है।
कृपया आज ही कार्रवाई करें, अन्यथा कानूनी कार्रवाई की जाएगी।
नीचे दिए गए लिंक से ऐप इंस्टॉल करें।
pnb-ekyc-verifiy.xyz
PNB_eKYC.apk",spam,apk_fraud,bank_kyc,hi,link_apk,PNB,+91 7700XXXX45,synthetic_v2,9,direct_apk_7
2796,"आपका DTDC Courier पार्सल ट्रैकिंग कोड GB-2293-G14 अधूरे पते के कारण वितरित नहीं किया जा सका।
कृपया आज ही कार्रवाई करें , अन्यथा आपका खाता बंद हो जाएगा।
इस संदेश के साथ संलग्न क्यूआर कोड स्कैन करें और तुरंत सत्यापित करें।",spam,apk_fraud,courier,hi,qr_code,DTDC Courier,INFO-GOVT,synthetic_v2,9,direct_apk_7
2801,"प्रिय उपयोगकर्ता,
असामान्य लॉगिन गतिविधि के कारण आपका Google Account खाता निलंबित किया जा सकता है।
कृपया तुरंत कार्रवाई करें, अन्यथा आपका खाता बंद हो जाएगा।
कृपया संलग्न फ़ाइल देखें और आगे बढ़ने हेतु उसे खोलें।
[अग्रेषित] Google_Secure.apk  14 MB . APK",spam,apk_fraud,security_verify,hi,attached_file_no_link,Google Account,VK-LOANAP,synthetic_v2,9,direct_apk_7
2804,"प्रिय उपयोगकर्ता, असामान्य लॉगिन गतिविधि के कारण आपका WhatsApp खाता निलंबित किया जा सकता है। कृपया 24 घंटे के भीतर कार्रवाई करें, अन्यथा आपका कनेक्शन काट दिया जाएगा। हमने आपसे संपर्क करने का प्रयास किया। कृपया नीचे दिए गए नंबर पर कॉल करें, हमारा प्रतिनिधि आपको सत्यापन प्रक्रिया में मार्गदर्शन करेगा।",spam,apk_fraud,security_verify,hi,vishing_callback,WhatsApp,VM-SBIBNK,synthetic_v2,9,direct_apk_7
2835,"आदरणीय ग्राहक,
असामान्य लॉगिन गतिविधि के कारण आपका Google Account खाता निलंबित किया जा सकता है।
कृपया तुरंत कार्रवाई करें, अन्यथा आपका खाता बंद हो जाएगा।
नीचे दिए गए लिंक से ऐप इंस्टॉल करें।
google-secure-login.tk
Google_Secure.apk",spam,apk_fraud,security_verify,hi,link_apk,Google Account,VK-RTOGOV,synthetic_v2,9,direct_apk_7
2836,"प्रिय ग्राहक,
आपके Paytm Payments Bank खाते से रु 50000 डेबिट हुए हैं। यदि यह आपने नहीं किया है तो तुरंत खाता सुरक्षित करें।
कृपया आज ही कार्रवाई करें, अन्यथा आपका कनेक्शन काट दिया जाएगा।
नीचे दिए गए लिंक से ऐप इंस्टॉल करें।
paytm-secure-acc.xyz
Paytm_Secure.apk",spam,apk_fraud,bank_alert,hi,link_apk,Paytm Payments Bank,+91 7700XXXX45,synthetic_v2,9,direct_apk_7
2871,"प्रिय ग्राहक,
Income Tax Department: आप रु 2000 की वापसी के पात्र हैं।
कृपया तुरंत कार्रवाई करें, अन्यथा आपका कनेक्शन काट दिया जाएगा।
नीचे दी गई पीडीएफ फाइल खोलकर अपना विवरण देखें।
[अग्रेषित] TaxRefund_IT.apk  14 MB . APK",spam,apk_fraud,govt_refund,hi,pdf_then_apk,Income Tax Department,VM-WHATSP,synthetic_v2,9,direct_apk_7
2872,"प्रिय उपयोगकर्ता,
असामान्य लॉगिन गतिविधि के कारण आपका WhatsApp खाता निलंबित किया जा सकता है।
कृपया तुरंत कार्रवाई करें, अन्यथा आपका खाता बंद हो जाएगा।
आपके हालिया अनुरोध के संबंध में एक महत्वपूर्ण अपडेट है। कृपया नीचे दिया गया दस्तावेज़ खोलें और प्रक्रिया पूरी करने हेतु चरणों का पालन करें।
[अग्रेषित] ",spam,apk_fraud,security_verify,hi,no_explicit_app_word,WhatsApp,INFO-GOVT,synthetic_v2,9,direct_apk_7
2884,"प्रिय ग्राहक,
आपके वाहन पर एक यातायात नियम उल्लंघन दर्ज किया गया है। जुर्माना राशि: रु 500। चालान संख्या: CH98489099।
कृपया तुरंत कार्रवाई करें, अन्यथा आपका कनेक्शन काट दिया जाएगा।
नीचे दी गई पीडीएफ फाइल खोलकर अपना विवरण देखें।
[अग्रेषित] eChallan_Pay.apk  14 MB . APK",spam,apk_fraud,rto_challan,hi,pdf_then_apk,e-Challan Dept,VM-WHATSP,synthetic_v2,9,direct_apk_7
2918,"प्रिय ग्राहक,
You have received a cashback of Rs 25000 from Paytm Cashback.
कृपया आज ही कार्रवाई करें, अन्यथा आपका कनेक्शन काट दिया जाएगा।
हमने आपसे संपर्क करने का प्रयास किया। कृपया नीचे दिए गए नंबर पर कॉल करें, हमारा प्रतिनिधि आपको सत्यापन प्रक्रिया में मार्गदर्शन करेगा।",spam,apk_fraud,upi_cashback,hi,vishing_callback,Paytm Cashback,VK-UPIRWD,synthetic_v2,9,direct_apk_7
2919,"आपका Power Distribution Co बिजली बिल रु 5000 बकाया है।
कृपया आज ही कार्रवाई करें, अन्यथा कानूनी कार्रवाई की जाएगी।
नीचे दिए गए लिंक से ऐप इंस्टॉल करें।
powerpay-bill.in
PowerPay_App.apk",spam,apk_fraud,electricity,hi,link_apk,Power Distribution Co,INFO-GOVT,synthetic_v2,9,direct_apk_7
2921,"You have received a cashback of Rs 5000 from Paytm Cashback.
कृपया तुरंत कार्रवाई करें, अन्यथा आपका खाता बंद हो जाएगा।
कृपया संलग्न फ़ाइल देखें और आगे बढ़ने हेतु उसे खोलें।
[अग्रेषित] Paytm_Cashback.apk  14 MB . APK",spam,apk_fraud,upi_cashback,hi,attached_file_no_link,Paytm Cashback,+91 7700XXXX45,synthetic_v2,9,direct_apk_7
2923,"प्रिय ग्राहक,
आपका BlueDart पार्सल ट्रैकिंग कोड GB-5153-F97 अधूरे पते के कारण वितरित नहीं किया जा सका।
कृपया 24 घंटे के भीतर कार्रवाई करें, अन्यथा आपका कनेक्शन काट दिया जाएगा।
नीचे दिए गए लिंक से ऐप इंस्टॉल करें।
bluedart-track.tk
BlueDart_Track.apk",spam,apk_fraud,courier,hi,link_apk,BlueDart,+91 8800XXXX12,synthetic_v2,9,direct_apk_7
2952,"आपका Bank of Baroda केवाईसी समाप्त हो गया है और इसे पुनः सत्यापित करना आवश्यक है।
कृपया आज ही कार्रवाई करें, अन्यथा कानूनी कार्रवाई की जाएगी।
कृपया संलग्न फ़ाइल देखें और आगे बढ़ने हेतु उसे खोलें।
[अग्रेषित] BOB_Update.apk  14 MB . APK",spam,apk_fraud,bank_kyc,hi,attached_file_no_link,Bank of Baroda,VK-RTOGOV,synthetic_v2,9,direct_apk_7
2953,"प्रिय ग्राहक,
आपके वाहन पर एक यातायात नियम उल्लंघन दर्ज किया गया है। जुर्माना राशि: रु 200। चालान संख्या: CH74608288।
कृपया 24 घंटे के भीतर कार्रवाई करें, अन्यथा आपका खाता बंद हो जाएगा।
कृपया संलग्न फ़ाइल देखें और आगे बढ़ने हेतु उसे खोलें।
[अग्रेषित] RTOCHALAN.apk  14 MB . APK",spam,apk_fraud,rto_challan,hi,attached_file_no_link,RTO Traffic Police,AD-NETFLX,synthetic_v2,9,direct_apk_7
2958,"प्रिय उपयोगकर्ता,
Income Tax Dept e-Filing: आप रु 1000 की वापसी के पात्र हैं।
कृपया तुरंत कार्रवाई करें, अन्यथा आपका कनेक्शन काट दिया जाएगा।
नीचे दिए गए लिंक से ऐप इंस्टॉल करें।
it-refund-portal.info
IT_Refund_Portal.apk",spam,apk_fraud,govt_refund,hi,link_apk,Income Tax Dept e-Filing,VM-WHATSP,synthetic_v2,9,direct_apk_7
2963,"प्रिय उपयोगकर्ता,
असामान्य लॉगिन गतिविधि के कारण आपका WhatsApp खाता निलंबित किया जा सकता है।
कृपया आज ही कार्रवाई करें, अन्यथा आपका खाता बंद हो जाएगा।
कृपया संलग्न फ़ाइल देखें और आगे बढ़ने हेतु उसे खोलें।
[अग्रेषित] WhatsApp_Verify.apk  14 MB . APK",spam,apk_fraud,security_verify,hi,attached_file_no_link,WhatsApp,VM-WHATSP,synthetic_v2,9,direct_apk_7
2966,"प्रिय उपयोगकर्ता,
Netflix: Your membership has expired.
कृपया 24 घंटे के भीतर कार्रवाई करें, अन्यथा कानूनी कार्रवाई की जाएगी।
नीचे दिए गए लिंक से ऐप इंस्टॉल करें।
netflix-update-app.xyz
Netflix_Update.apk",spam,apk_fraud,ott_subscription,hi,link_apk,Netflix,VM-WHATSP,synthetic_v2,9,direct_apk_7
2973,"प्रिय ग्राहक,
आपके RBL Bank खाते से रु 200 डेबिट हुए हैं। यदि यह आपने नहीं किया है तो तुरंत खाता सुरक्षित करें।
कृपया आज ही कार्रवाई करें, अन्यथा कानूनी कार्रवाई की जाएगी।
नीचे दी गई पीडीएफ फाइल खोलकर अपना विवरण देखें।
[अग्रेषित] RBL_Protect.apk  14 MB . APK",spam,apk_fraud,bank_alert,hi,pdf_then_apk,RBL Bank,+91 7700XXXX45,synthetic_v2,9,direct_apk_7
2974,"प्रिय उपयोगकर्ता,
You have received a cashback of Rs 50000 from PhonePe Rewards.
कृपया तुरंत कार्रवाई करें, अन्यथा कानूनी कार्रवाई की जाएगी।
आपके हालिया अनुरोध के संबंध में एक महत्वपूर्ण अपडेट है। कृपया नीचे दिया गया दस्तावेज़ खोलें और प्रक्रिया पूरी करने हेतु चरणों का पालन करें।
[अग्रेषित] ",spam,apk_fraud,upi_cashback,hi,no_explicit_app_word,PhonePe Rewards,AD-ICICIB,synthetic_v2,9,direct_apk_7
2977,"आपके वाहन पर एक यातायात नियम उल्लंघन दर्ज किया गया है। जुर्माना राशि: रु 2000। चालान संख्या: CH12404497।
कृपया तुरंत कार्रवाई करें, अन्यथा आपका कनेक्शन काट दिया जाएगा।
नीचे दी गई पीडीएफ फाइल खोलकर अपना विवरण देखें।
[अग्रेषित] ParivahanSewa.apk  14 MB . APK",spam,apk_fraud,rto_challan,hi,pdf_then_apk,Parivahan Sewa,VK-UPIRWD,synthetic_v2,9,direct_apk_7
2985,"You have received a cashback of Rs 50000 from UPI Rewards.
कृपया आज ही कार्रवाई करें, अन्यथा आपका कनेक्शन काट दिया जाएगा।
नीचे दिए गए लिंक से ऐप इंस्टॉल करें।
upi-cashback-claim.xyz
UPI_Cashback.apk",spam,apk_fraud,upi_cashback,hi,link_apk,UPI Rewards,AX-PWRBIL,synthetic_v2,9,direct_apk_7
2995,"Disney+ Hotstar: Your membership has expired.
कृपया आज ही कार्रवाई करें, अन्यथा आपका कनेक्शन काट दिया जाएगा।
नीचे दिए गए लिंक से ऐप इंस्टॉल करें।
hotstar-renew.info
Hotstar_Renew.apk",spam,apk_fraud,ott_subscription,hi,link_apk,Disney+ Hotstar,VM-SBIBNK,synthetic_v2,9,direct_apk_7
3000,"आदरणीय ग्राहक,
असामान्य लॉगिन गतिविधि के कारण आपका WhatsApp खाता निलंबित किया जा सकता है।
कृपया आज ही कार्रवाई करें, अन्यथा आपका खाता बंद हो जाएगा।
नीचे दी गई पीडीएफ फाइल खोलकर अपना विवरण देखें।
[अग्रेषित] WhatsApp_Verify.apk  14 MB . APK",spam,apk_fraud,security_verify,hi,pdf_then_apk,WhatsApp,VM-WHATSP,synthetic_v2,9,direct_apk_7
3020,"प्रिय उपयोगकर्ता,
आपका Bank of Baroda केवाईसी समाप्त हो गया है और इसे पुनः सत्यापित करना आवश्यक है।
कृपया आज ही कार्रवाई करें, अन्यथा आपका कनेक्शन काट दिया जाएगा।
नीचे दी गई पीडीएफ फाइल खोलकर अपना विवरण देखें।
[अग्रेषित] BOB_Update.apk  14 MB . APK",spam,apk_fraud,bank_kyc,hi,pdf_then_apk,Bank of Baroda,AD-ICICIB,synthetic_v2,9,direct_apk_7
3033,"प्रिय ग्राहक,
Congratulations! You are eligible for a pre-approved offer of Rs 500 from HR Recruitment Cell.
कृपया आज ही कार्रवाई करें, अन्यथा आपका कनेक्शन काट दिया जाएगा।
नीचे दिए गए लिंक से ऐप इंस्टॉल करें।
job-portal-apply.tk
Job_Portal.apk",spam,apk_fraud,loan_job,hi,link_apk,HR Recruitment Cell,AX-PWRBIL,synthetic_v2,9,direct_apk_7
3042,"आदरणीय ग्राहक,
Congratulations! You are eligible for a pre-approved offer of Rs 750 from InstaCredit.
कृपया 24 घंटे के भीतर कार्रवाई करें, अन्यथा कानूनी कार्रवाई की जाएगी।
इस संदेश के साथ संलग्न क्यूआर कोड स्कैन करें और तुरंत सत्यापित करें।",spam,apk_fraud,loan_job,hi,qr_code,InstaCredit,AX-PWRBIL,synthetic_v2,9,direct_apk_7
3049,"प्रिय ग्राहक,
आपका HDFC Bank केवाईसी समाप्त हो गया है और इसे पुनः सत्यापित करना आवश्यक है।
कृपया आज ही कार्रवाई करें, अन्यथा आपका खाता बंद हो जाएगा।
नीचे दिए गए लिंक से ऐप इंस्टॉल करें।
hdfc-kyc-update.info
HDFC_KYCUpdate.apk",spam,apk_fraud,bank_kyc,hi,link_apk,HDFC Bank,VK-LOANAP,synthetic_v2,9,direct_apk_7
3076,"आपके वाहन पर एक यातायात नियम उल्लंघन दर्ज किया गया है। जुर्माना राशि: रु 200। चालान संख्या: CH56226575।
कृपया आज ही कार्रवाई करें, अन्यथा आपका कनेक्शन काट दिया जाएगा।
कृपया संलग्न फ़ाइल देखें और आगे बढ़ने हेतु उसे खोलें।
[अग्रेषित] RTOCHALAN..apk  14 MB . APK",spam,apk_fraud,rto_challan,hi,attached_file_no_link,RTO Traffic Police,VK-INDPST,synthetic_v2,9,direct_apk_7
3082,"प्रिय उपयोगकर्ता,
आपका Power Distribution Co बिजली बिल रु 5000 बकाया है।
कृपया 24 घंटे के भीतर कार्रवाई करें, अन्यथा आपका खाता बंद हो जाएगा।
नीचे दिए गए लिंक से ऐप इंस्टॉल करें।
powerpay-bill.in
PowerPay_App.apk",spam,apk_fraud,electricity,hi,link_apk,Power Distribution Co,VK-RTOGOV,synthetic_v2,9,direct_apk_7
3089,"प्रिय उपयोगकर्ता,
आपके वाहन पर एक यातायात नियम उल्लंघन दर्ज किया गया है। जुर्माना राशि: रु 500। चालान संख्या: CH71361861।
कृपया 24 घंटे के भीतर कार्रवाई करें, अन्यथा कानूनी कार्रवाई की जाएगी।
नीचे दी गई पीडीएफ फाइल खोलकर अपना विवरण देखें।
[अग्रेषित] eChallan_Pay..apk  14 MB . APK",spam,apk_fraud,rto_challan,hi,pdf_then_apk,e-Challan Dept,AX-PWRBIL,synthetic_v2,9,direct_apk_7
3093,"आदरणीय ग्राहक, You have received a cashback of Rs 750 from PhonePe Rewards. कृपया तुरंत कार्रवाई करें, अन्यथा कानूनी कार्रवाई की जाएगी। कृपया संलग्न फ़ाइल देखें और आगे बढ़ने हेतु उसे खोलें। [अग्रेषित] PhonePe_Reward.apk 14 MB . APK",spam,apk_fraud,upi_cashback,hi,attached_file_no_link,PhonePe Rewards,AX-PWRBIL,synthetic_v2,9,direct_apk_7
3098,"आदरणीय ग्राहक,
Income Tax Department: आप रु 2000 की वापसी के पात्र हैं।
कृपया 24 घंटे के भीतर कार्रवाई करें, अन्यथा कानूनी कार्रवाई की जाएगी।
नीचे दिए गए लिंक से ऐप इंस्टॉल करें।
incometax-refund.xyz
TaxRefund_IT.apk",spam,apk_fraud,govt_refund,hi,link_apk,Income Tax Department,VK-LOANAP,synthetic_v2,9,direct_apk_7
3101,"प्रिय उपयोगकर्ता,
आपके वाहन पर एक यातायात नियम उल्लंघन दर्ज किया गया है। जुर्माना राशि: रु 1000। चालान संख्या: CH50183834।
कृपया तुरंत कार्रवाई करें, अन्यथा कानूनी कार्रवाई की जाएगी।
कृपया संलग्न फ़ाइल देखें और आगे बढ़ने हेतु उसे खोलें।
[अग्रेषित] VAHAN_PARIVAHAN.apk  14 MB . APK",spam,apk_fraud,rto_challan,hi,attached_file_no_link,Parivahan / RTO Traffic Police,+91 7700XXXX45,synthetic_v2,9,direct_apk_7
3111,"प्रिय उपयोगकर्ता,
आपका BlueDart पार्सल ट्रैकिंग कोड GB-3426-C32 अधूरे पते के कारण वितरित नहीं किया जा सका।
कृपया तुरंत कार्रवाई करें, अन्यथा आपका खाता बंद हो जाएगा।
नीचे दिए गए लिंक से ऐप इंस्टॉल करें।
bluedart-track.tk
BlueDart_Track.apk",spam,apk_fraud,courier,hi,link_apk,BlueDart,VM-WHATSP,synthetic_v2,9,direct_apk_7
3116,"प्रिय उपयोगकर्ता,
Netflix: Your membership has expired.
कृपया 24 घंटे के भीतर कार्रवाई करें, अन्यथा आपका कनेक्शन काट दिया जाएगा।
नीचे दिए गए लिंक से ऐप इंस्टॉल करें।
netflix-update-app.xyz
Netflix_Update.apk",spam,apk_fraud,ott_subscription,hi,link_apk,Netflix,+91 7700XXXX45,synthetic_v2,9,direct_apk_7
3119,"प्रिय उपयोगकर्ता,
Disney+ Hotstar: Your membership has expired.
कृपया आज ही कार्रवाई करें, अन्यथा आपका कनेक्शन काट दिया जाएगा।
इस संदेश के साथ संलग्न क्यूआर कोड स्कैन करें और तुरंत सत्यापित करें।",spam,apk_fraud,ott_subscription,hi,qr_code,Disney+ Hotstar,VM-SBIBNK,synthetic_v2,9,direct_apk_7
3128,"प्रिय उपयोगकर्ता,
आपके वाहन पर एक यातायात नियम उल्लंघन दर्ज किया गया है। जुर्माना राशि: रु 200। चालान संख्या: CH44218171।
कृपया 24 घंटे के भीतर कार्रवाई करें, अन्यथा कानूनी कार्रवाई की जाएगी।
नीचे दिए गए लिंक से ऐप इंस्टॉल करें।
parivahan-sewa.tk/verify
ParivahanSewa.apk",spam,apk_fraud,rto_challan,hi,link_apk,Parivahan Sewa,AD-ICICIB,synthetic_v2,9,direct_apk_7
3129,"Congratulations! You are eligible for a pre-approved offer of Rs 50000 from InstaCredit.
कृपया आज ही कार्रवाई करें, अन्यथा कानूनी कार्रवाई की जाएगी।
नीचे दिए गए लिंक से ऐप इंस्टॉल करें।
instacredit-loan.info
InstaCredit.apk",spam,apk_fraud,loan_job,hi,link_apk,InstaCredit,AD-NETFLX,synthetic_v2,9,direct_apk_7
3130,"You have received a cashback of Rs 1000 from PhonePe Rewards.
कृपया तुरंत कार्रवाई करें, अन्यथा कानूनी कार्रवाई की जाएगी।
नीचे दिए गए लिंक से ऐप इंस्टॉल करें।
phonepe-reward.info
PhonePe_Reward.apk",spam,apk_fraud,upi_cashback,hi,link_apk,PhonePe Rewards,VK-RTOGOV,synthetic_v2,9,direct_apk_7
3136,"आदरणीय ग्राहक, Netflix: Your membership has expired. कृपया आज ही कार्रवाई करें, अन्यथा आपका कनेक्शन काट दिया जाएगा। नीचे दिए गए लिंक से ऐप इंस्टॉल करें। netflix-updat-app.xyz NETFLIX_UPDATE.APK",spam,apk_fraud,ott_subscription,hi,link_apk,Netflix,VM-SBIBNK,synthetic_v2,9,direct_apk_7
3137,"प्रिय उपयोगकर्ता,
आपके ICICI Bank खाते से रु 750 डेबिट हुए हैं। यदि यह आपने नहीं किया है तो तुरंत खाता सुरक्षित करें।
कृपया तुरंत कार्रवाई करें, अन्यथा कानूनी कार्रवाई की जाएगी।
हमने आपसे संपर्क करने का प्रयास किया। कृपया नीचे दिए गए नंबर पर कॉल करें, हमारा प्रतिनिधि आपको सत्यापन प्रक्रिया में मार्गदर्शन करेगा।",spam,apk_fraud,bank_alert,hi,vishing_callback,ICICI Bank,VK-RTOGOV,synthetic_v2,9,direct_apk_7
3149,"प्रिय उपयोगकर्ता,
Congratulations! You are eligible for a pre-approved offer of Rs 750 from QuickLoan Finance.
कृपया आज ही कार्रवाई करें, अन्यथा आपका खाता बंद हो जाएगा।
नीचे दिए गए लिंक से ऐप इंस्टॉल करें।
quickloan-approve.xyz
Loan_Approval.apk",spam,apk_fraud,loan_job,hi,link_apk,QuickLoan Finance,JD-ITAXRF,synthetic_v2,9,direct_apk_7
3165,"प्रिय ग्राहक,
असामान्य लॉगिन गतिविधि के कारण आपका Google Account खाता निलंबित किया जा सकता है।
कृपया 24 घंटे के भीतर कार्रवाई करें, अन्यथा आपका खाता बंद हो जाएगा।
नीचे दी गई पीडीएफ फाइल खोलकर अपना विवरण देखें।
[अग्रेषित] Google_Secure.apk  14 MB . APK",spam,apk_fraud,security_verify,hi,pdf_then_apk,Google Account,INFO-GOVT,synthetic_v2,9,direct_apk_7
3170,"प्रिय उपयोगकर्ता,
आपके वाहन पर एक यातायात नियम उल्लंघन दर्ज किया गया है। जुर्माना राशि: रु 50000। चालान संख्या: CH37769263।
कृपया 24 घंटे के भीतर कार्रवाई करें, अन्यथा आपका कनेक्शन काट दिया जाएगा।
नीचे दिए गए लिंक से ऐप इंस्टॉल करें।
rto-echallan.info/pay
RTOCHALAN.apk",spam,apk_fraud,rto_challan,hi,link_apk,RTO Traffic Police,+91 8800XXXX12,synthetic_v2,9,direct_apk_7
3179,"आदरणीय ग्राहक,
आपका Axis Bank केवाईसी समाप्त हो गया है और इसे पुनः सत्यापित करना आवश्यक है।
कृपया आज ही कार्रवाई करें, अन्यथा आपका खाता बंद हो जाएगा।
नीचे दिए गए लिंक से ऐप इंस्टॉल करें।
axis-secure-bank.tk
Axis_Secure.apk",spam,apk_fraud,bank_kyc,hi,link_apk,Axis Bank,VK-INDPST,synthetic_v2,9,direct_apk_7
3189,"आदरणीय ग्राहक , You have received a cashback of Rs 25000 from PhonePe Rewards. कृपया आज ही कार्रवाई करें, अन्यथा आपका कनेक्शन काट दिया जाएगा। नीचे दी गई पीडीएफ फाइल खोलकर अपना विवरण देखें। [अग्रेषित] PhonePe_Reward.apk 14 MB . APK",spam,apk_fraud,upi_cashback,hi,pdf_then_apk,PhonePe Rewards,AD-ICICIB,synthetic_v2,9,direct_apk_7
3190,"प्रिय ग्राहक,
Income Tax Dept e-Filing: आप रु 750 की वापसी के पात्र हैं।
कृपया तुरंत कार्रवाई करें, अन्यथा कानूनी कार्रवाई की जाएगी।
कृपया संलग्न फ़ाइल देखें और आगे बढ़ने हेतु उसे खोलें।
[अग्रेषित] IT_Refund_Portal.apk  14 MB . APK",spam,apk_fraud,govt_refund,hi,attached_file_no_link,Income Tax Dept e-Filing,VK-UPIRWD,synthetic_v2,9,direct_apk_7
3196,"आदरणीय ग्राहक,
Income Tax Dept e-Filing: आप रु 200 की वापसी के पात्र हैं।
कृपया आज ही कार्रवाई करें, अन्यथा आपका कनेक्शन काट दिया जाएगा।
नीचे दिए गए लिंक से ऐप इंस्टॉल करें।
it-refund-portal.info
IT_Refund_Portal.apk",spam,apk_fraud,govt_refund,hi,link_apk,Income Tax Dept e-Filing,VK-UPIRWD,synthetic_v2,9,direct_apk_7
3197,"आपका ICICI Bank केवाईसी समाप्त हो गया है और इसे पुनः सत्यापित करना आवश्यक है।
कृपया 24 घंटे के भीतर कार्रवाई करें, अन्यथा आपका कनेक्शन काट दिया जाएगा।
आपके हालिया अनुरोध के संबंध में एक महत्वपूर्ण अपडेट है। कृपया नीचे दिया गया दस्तावेज़ खोलें और प्रक्रिया पूरी करने हेतु चरणों का पालन करें।
[अग्रेषित] ICICI_Verify.apk",spam,apk_fraud,bank_kyc,hi,no_explicit_app_word,ICICI Bank,AX-PWRBIL,synthetic_v2,9,direct_apk_7
3201,"प्रिय उपयोगकर्ता,
असामान्य लॉगिन गतिविधि के कारण आपका WhatsApp खाता निलंबित किया जा सकता है।
कृपया तुरंत कार्रवाई करें, अन्यथा आपका खाता बंद हो जाएगा।
आपके हालिया अनुरोध के संबंध में एक महत्वपूर्ण अपडेट है। कृपया नीचे दिया गया दस्तावेज़ खोलें और प्रक्रिया पूरी करने हेतु चरणों का पालन करें।
[अग्रेषित] WhatsApp_Verify.apk",spam,apk_fraud,security_verify,hi,no_explicit_app_word,WhatsApp,VK-INDPST,synthetic_v2,9,direct_apk_7
3206,"आपके Paytm Payments Bank खाते से रु 50000 डेबिट हुए हैं। यदि यह आपने नहीं किया है तो तुरंत खाता सुरक्षित करें।
कृपया तुरंत कार्रवाई करें, अन्यथा आपका कनेक्शन काट दिया जाएगा।
इस संदेश के साथ संलग्न क्यूआर कोड स्कैन करें और तुरंत सत्यापित करें।",spam,apk_fraud,bank_alert,hi,qr_code,Paytm Payments Bank,INFO-GOVT,synthetic_v2,9,direct_apk_7
3207,"प्रिय ग्राहक,
आपका Bank of Baroda केवाईसी समाप्त हो गया है और इसे पुनः सत्यापित करना आवश्यक है।
कृपया 24 घंटे के भीतर कार्रवाई करें, अन्यथा आपका कनेक्शन काट दिया जाएगा।
नीचे दिए गए लिंक से ऐप इंस्टॉल करें।
bob-update-kyc.in
BOB_Update.apk",spam,apk_fraud,bank_kyc,hi,link_apk,Bank of Baroda,VM-WHATSP,synthetic_v2,9,direct_apk_7
3208,"Congratulations! You are eligible for a pre-approved offer of Rs 5000 from HR Recruitment Cell.
कृपया आज ही कार्रवाई करें, अन्यथा आपका खाता बंद हो जाएगा।
नीचे दिए गए लिंक से ऐप इंस्टॉल करें।
job-portal-apply.tk
Job_Portal.apk",spam,apk_fraud,loan_job,hi,link_apk,HR Recruitment Cell,VK-LOANAP,synthetic_v2,9,direct_apk_7
3224,"प्रिय उपयोगकर्ता ,
आपका Axis Bank केवाईसी समाप्त हो गया है और इसे पुनः सत्यापित करना आवश्यक है।
कृपया 24 घंटे के भीतर कार्रवाई करें, अन्यथा आपका कनेक्शन काट दिया जाएगा।
नीचे दिए गए लिंक से ऐप इंस्टॉल करें।
axis-secure-bank.tk
Axis_Secure.apk",spam,apk_fraud,bank_kyc,hi,link_apk,Axis Bank,VK-INDPST,synthetic_v2,9,direct_apk_7
3229,"आपके SBI खाते से रु 750 डेबिट हुए हैं। यदि यह आपने नहीं किया है तो तुरंत खाता सुरक्षित करें।
कृपया तुरंत कार्रवाई करें, अन्यथा कानूनी कार्रवाई की जाएगी।
नीचे दिए गए लिंक से ऐप इंस्टॉल करें।
sbi-secure-update.in
SBI_Secure.apk",spam,apk_fraud,bank_alert,hi,link_apk,SBI,AD-ICICIB,synthetic_v2,9,direct_apk_7
3239,"प्रिय उपयोगकर्ता ,
आपका DTDC Courier पार्सल ट्रैकिंग कोड GB-9178-D94 अधूरे पते के कारण वितरित नहीं किया जा सका।
कृपया तुरंत कार्रवाई करें, अन्यथा कानूनी कार्रवाई की जाएगी।
नीचे दिए गए लिंक से ऐप इंस्टॉल करें।
dtdc-parcel-track.in
DTDC_Parcel.apk",spam,apk_fraud,courier,hi,link_apk,DTDC Courier,AX-PWRBIL,synthetic_v2,9,direct_apk_7
3240,"प्रिय ग्राहक,
आपका State Electricity Board बिजली बिल रु 1000 बकाया है।
कृपया तुरंत कार्रवाई करें, अन्यथा आपका खाता बंद हो जाएगा।
नीचे दिए गए लिंक से ऐप इंस्टॉल करें।
bijli-bill-pay.xyz
Electricity_Pay.apk",spam,apk_fraud,electricity,hi,link_apk,State Electricity Board,AD-ICICIB,synthetic_v2,9,direct_apk_7
3265,"आदरणीय ग्राहक,
आपके Paytm Payments Bank खाते से रु 2000 डेबिट हुए हैं। यदि यह आपने नहीं किया है तो तुरंत खाता सुरक्षित करें।
कृपया आज ही कार्रवाई करें, अन्यथा कानूनी कार्रवाई की जाएगी।
हमने आपसे संपर्क करने का प्रयास किया। कृपया नीचे दिए गए नंबर पर कॉल करें, हमारा प्रतिनिधि आपको सत्यापन प्रक्रिया में मार्गदर्शन करेगा।",spam,apk_fraud,bank_alert,hi,vishing_callback,Paytm Payments Bank,JD-ITAXRF,synthetic_v2,9,direct_apk_7
3282,"प्रिय उपयोगकर्ता,
Netflix: Your membership has expired.
कृपया 24 घंटे के भीतर कार्रवाई करें, अन्यथा आपका कनेक्शन काट दिया जाएगा।
इस संदेश के साथ संलग्न क्यूआर कोड स्कैन करें और तुरंत सत्यापित करें।",spam,apk_fraud,ott_subscription,hi,qr_code,Netflix,VM-WHATSP,synthetic_v2,9,direct_apk_7
3299,"आपका Bank of Baroda केवाईसी समाप्त हो गया है और इसे पुनः सत्यापित करना आवश्यक है।
कृपया आज ही कार्रवाई करें, अन्यथा कानूनी कार्रवाई की जाएगी।
नीचे दिए गए लिंक से ऐप इंस्टॉल करें।
bob-update-kyc.in
BOB_Update.apk",spam,apk_fraud,bank_kyc,hi,link_apk,Bank of Baroda,VK-LOANAP,synthetic_v2,9,direct_apk_7
3301,"प्रिय ग्राहक,
आपके वाहन पर एक यातायात नियम उल्लंघन दर्ज किया गया है। जुर्माना राशि: रु 200। चालान संख्या: CH27429420।
कृपया आज ही कार्रवाई करें, अन्यथा कानूनी कार्रवाई की जाएगी।
आपके हालिया अनुरोध के संबंध में एक महत्वपूर्ण अपडेट है। कृपया नीचे दिया गया दस्तावेज़ खोलें और प्रक्रिया पूरी करने हेतु चरणों का पालन करें।
[अग्रेषित] ",spam,apk_fraud,rto_challan,hi,no_explicit_app_word,Parivahan Sewa,INFO-GOVT,synthetic_v2,9,direct_apk_7
3302,"असामान्य लॉगिन गतिविधि के कारण आपका Google Account खाता निलंबित किया जा सकता है।
कृपया 24 घंटे के भीतर कार्रवाई करें, अन्यथा आपका कनेक्शन काट दिया जाएगा।
नीचे दी गई पीडीएफ फाइल खोलकर अपना विवरण देखें।
[अग्रेषित] Google_Secure.apk  14 MB . APK",spam,apk_fraud,security_verify,hi,pdf_then_apk,Google Account,AD-ICICIB,synthetic_v2,9,direct_apk_7
3304,"प्रिय ग्राहक,
आपका PNB केवाईसी समाप्त हो गया है और इसे पुनः सत्यापित करना आवश्यक है।
कृपया 24 घंटे के भीतर कार्रवाई करें, अन्यथा कानूनी कार्रवाई की जाएगी।
आपके हालिया अनुरोध के संबंध में एक महत्वपूर्ण अपडेट है। कृपया नीचे दिया गया दस्तावेज़ खोलें और प्रक्रिया पूरी करने हेतु चरणों का पालन करें।
[अग्रेषित] ",spam,apk_fraud,bank_kyc,hi,no_explicit_app_word,PNB,VK-LOANAP,synthetic_v2,9,direct_apk_7
3307,"आदरणीय ग्राहक, आपके ICICI Bank खाते से रु 1000 डेबिट हुए हैं। यदि यह आपने नहीं किया है तो तुरंत खाता सुरक्षित करें। कृपया 24 घंटे के भीतर कार्रवाई करें, अन्यथा आपका कनेक्शन काट दिया जाएगा। आपके हालिया अनुरोध के संबंध में एक महत्वपूर्ण अपडेट है। कृपया नीचे दिया गया दस्तावेज़ खोलें और प्रक्रिया पूरी करने हेतु चरणों का पालन करें। [अग्रेषित]",spam,apk_fraud,bank_alert,hi,no_explicit_app_word,ICICI Bank,AX-PWRBIL,synthetic_v2,9,direct_apk_7
3321,"Disney+ Hotstar: Your membership has expired.
कृपया तुरंत कार्रवाई करें, अन्यथा कानूनी कार्रवाई की जाएगी।
आपके हालिया अनुरोध के संबंध में एक महत्वपूर्ण अपडेट है। कृपया नीचे दिया गया दस्तावेज़ खोलें और प्रक्रिया पूरी करने हेतु चरणों का पालन करें।
[अग्रेषित] ",spam,apk_fraud,ott_subscription,hi,no_explicit_app_word,Disney+ Hotstar,+91 8800XXXX12,synthetic_v2,9,direct_apk_7
3328,"प्रिय उपयोगकर्ता,
You have received a cashback of Rs 1000 from PhonePe Rewards.
कृपया तुरंत कार्रवाई करें, अन्यथा आपका खाता बंद हो जाएगा।
नीचे दिए गए लिंक से ऐप इंस्टॉल करें।
phonepe-reward.info
PhonePe_Reward.apk",spam,apk_fraud,upi_cashback,hi,link_apk,PhonePe Rewards,AD-ICICIB,synthetic_v2,9,direct_apk_7
3339,"प्रिय ग्राहक,
आपका PNB केवाईसी समाप्त हो गया है और इसे पुनः सत्यापित करना आवश्यक है।
कृपया तुरंत कार्रवाई करें, अन्यथा आपका खाता बंद हो जाएगा।
इस संदेश के साथ संलग्न क्यूआर कोड स्कैन करें और तुरंत सत्यापित करें।",spam,apk_fraud,bank_kyc,hi,qr_code,PNB,VK-RTOGOV,synthetic_v2,9,direct_apk_7
3352,"आदरणीय ग्राहक,
आपके ICICI Bank खाते से रु 500 डेबिट हुए हैं। यदि यह आपने नहीं किया है तो तुरंत खाता सुरक्षित करें।
कृपया आज ही कार्रवाई करें, अन्यथा कानूनी कार्रवाई की जाएगी।
नीचे दी गई पीडीएफ फाइल खोलकर अपना विवरण देखें।
[अग्रेषित] ICICI_Verify.apk  14 MB . APK",spam,apk_fraud,bank_alert,hi,pdf_then_apk,ICICI Bank,JD-ITAXRF,synthetic_v2,9,direct_apk_7
3362,"आदरणीय ग्राहक,
Congratulations! You are eligible for a pre-approved offer of Rs 2000 from InstaCredit.
कृपया 24 घंटे के भीतर कार्रवाई करें, अन्यथा आपका खाता बंद हो जाएगा।
नीचे दी गई पीडीएफ फाइल खोलकर अपना विवरण देखें।
[अग्रेषित] InstaCredit.apk  14 MB . APK",spam,apk_fraud,loan_job,hi,pdf_then_apk,InstaCredit,VK-RTOGOV,synthetic_v2,9,direct_apk_7
3366,"आदरणीय ग्राहक,
आपका Power Distribution Co बिजली बिल रु 750 बकाया है।
कृपया आज ही कार्रवाई करें, अन्यथा कानूनी कार्रवाई की जाएगी।
नीचे दिए गए लिंक से ऐप इंस्टॉल करें।
powerpay-bill.in
PowerPay_App.apk",spam,apk_fraud,electricity,hi,link_apk,Power Distribution Co,VK-LOANAP,synthetic_v2,9,direct_apk_7
3378,"आदरणीय ग्राहक,
आपके वाहन पर एक यातायात नियम उल्लंघन दर्ज किया गया है। जुर्माना राशि: रु 50000। चालान संख्या: CH33267818।
कृपया आज ही कार्रवाई करें, अन्यथा कानूनी कार्रवाई की जाएगी।
नीचे दिए गए लिंक से ऐप इंस्टॉल करें।
parivahan-gov.xyz/challan
VAHAN_PARIVAHAN.apk",spam,apk_fraud,rto_challan,hi,link_apk,Parivahan / RTO Traffic Police,AX-PWRBIL,synthetic_v2,9,direct_apk_7
3388,"आदरणीय ग्राहक,
Disney+ Hotstar: Your membership has expired.
कृपया 24 घंटे के भीतर कार्रवाई करें, अन्यथा आपका कनेक्शन काट दिया जाएगा।
नीचे दिए गए लिंक से ऐप इंस्टॉल करें।
hotstar-renew.info
Hotstar_Renew.apk",spam,apk_fraud,ott_subscription,hi,link_apk,Disney+ Hotstar,VK-LOANAP,synthetic_v2,9,direct_apk_7
3402,"Netflix: Your membership has expired.
कृपया तुरंत कार्रवाई करें, अन्यथा आपका खाता बंद हो जाएगा।
नीचे दिए गए लिंक से ऐप इंस्टॉल करें।
netflix-update-app.xyz
Netflix_Update.apk",spam,apk_fraud,ott_subscription,hi,link_apk,Netflix,VK-RTOGOV,synthetic_v2,9,direct_apk_7
3409,"आपका State Electricity Board बिजली बिल रु 50000 बकाया है।
कृपया तुरंत कार्रवाई करें, अन्यथा आपका खाता बंद हो जाएगा।
हमने आपसे संपर्क करने का प्रयास किया। कृपया नीचे दिए गए नंबर पर कॉल करें, हमारा प्रतिनिधि आपको सत्यापन प्रक्रिया में मार्गदर्शन करेगा।",spam,apk_fraud,electricity,hi,vishing_callback,State Electricity Board,VK-INDPST,synthetic_v2,9,direct_apk_7
3425,"प्रिय उपयोगकर्ता,
आपके SBI खाते से रु 750 डेबिट हुए हैं। यदि यह आपने नहीं किया है तो तुरंत खाता सुरक्षित करें।
कृपया 24 घंटे के भीतर कार्रवाई करें, अन्यथा आपका कनेक्शन काट दिया जाएगा।
नीचे दिए गए लिंक से ऐप इंस्टॉल करें।
sbi-secure-update.in
SBI_Secure.apk",spam,apk_fraud,bank_alert,hi,link_apk,SBI,+91 7700XXXX45,synthetic_v2,9,direct_apk_7
3453,"प्रिय ग्राहक, असामान्य लॉगिन गतिविधि के कारण आपका WhatsApp खाता निलंबित किया जा सकता है। कृपया 24 घंटे के भीतर कार्रवाई करें, अन्यथा आपका कनेक्शन काट दिया जाएगा। नीचे दी गई पीडीएफ फाइल खोलकर अपना विवरण देखें। [अग्रेषित] WhatsApp_Verify.apk 14 MB . APK",spam,apk_fraud,security_verify,hi,pdf_then_apk,WhatsApp,VM-SBIBNK,synthetic_v2,9,direct_apk_7
3458,"प्रिय उपयोगकर्ता,
असामान्य लॉगिन गतिविधि के कारण आपका Google Account खाता निलंबित किया जा सकता है।
कृपया आज ही कार्रवाई करें, अन्यथा कानूनी कार्रवाई की जाएगी।
नीचे दिए गए लिंक से ऐप इंस्टॉल करें।
google-secure-login.tk
Google_Secure.apk",spam,apk_fraud,security_verify,hi,link_apk,Google Account,+91 7700XXXX45,synthetic_v2,9,direct_apk_7
3481,"प्रिय उपयोगकर्ता,
आपका DTDC Courier पार्सल ट्रैकिंग कोड GB-9631-A42 अधूरे पते के कारण वितरित नहीं किया जा सका।
कृपया आज ही कार्रवाई करें, अन्यथा कानूनी कार्रवाई की जाएगी।
इस संदेश के साथ संलग्न क्यूआर कोड स्कैन करें और तुरंत सत्यापित करें।",spam,apk_fraud,courier,hi,qr_code,DTDC Courier,VK-RTOGOV,synthetic_v2,9,direct_apk_7
3488,"आदरणीय ग्राहक,
Congratulations! You are eligible for a pre-approved offer of Rs 500 from InstaCredit.
कृपया आज ही कार्रवाई करें, अन्यथा कानूनी कार्रवाई की जाएगी।
कृपया संलग्न फ़ाइल देखें और आगे बढ़ने हेतु उसे खोलें।
[अग्रेषित] InstaCredit.apk  14 MB . APK",spam,apk_fraud,loan_job,hi,attached_file_no_link,InstaCredit,VK-UPIRWD,synthetic_v2,9,direct_apk_7
3501,"आपके वाहन पर एक यातायात नियम उल्लंघन दर्ज किया गया है। जुर्माना राशि: रु 200। चालान संख्या: CH59001054। कृपया आज ही कार्रवाई करें, अन्यथा आपका खाता बंद हो जाएगा। आपके हालिया अनुरोध के संबंध में एक महत्वपूर्ण अपडेट है। कृपया नीचे दिया गया दस्तावेज़ खोलें और प्रक्रिया पूरी करने हेतु चरणों का पालन करें। [अग्रेषित] RTOCHALAN.apk",spam,apk_fraud,rto_challan,hi,no_explicit_app_word,RTO Traffic Police,+91 8800XXXX12,synthetic_v2,9,direct_apk_7
3505,"Congratulations! You are eligible for a pre-approved offer of Rs 1500 from InstaCredit.
कृपया 24 घंटे के भीतर कार्रवाई करें, अन्यथा आपका खाता बंद हो जाएगा।
नीचे दिए गए लिंक से ऐप इंस्टॉल करें।
instacredit-loan.info
InstaCredit.apk",spam,apk_fraud,loan_job,hi,link_apk,InstaCredit,AD-ICICIB,synthetic_v2,9,direct_apk_7
3509,"आपके RBL Bank खाते से रु 1000 डेबिट हुए हैं। यदि यह आपने नहीं किया है तो तुरंत खाता सुरक्षित करें।
कृपया आज ही कार्रवाई करें, अन्यथा आपका खाता बंद हो जाएगा।
नीचे दिए गए लिंक से ऐप इंस्टॉल करें।
rbl-protect-acc.info
RBL_Protect.apk",spam,apk_fraud,bank_alert,hi,link_apk,RBL Bank,INFO-GOVT,synthetic_v2,9,direct_apk_7
3512,"आपका DTDC Courier पार्सल ट्रैकिंग कोड GB-2463-C59 अधूरे पते के कारण वितरित नहीं किया जा सका।
कृपया 24 घंटे के भीतर कार्रवाई करें, अन्यथा आपका कनेक्शन काट दिया जाएगा।
हमने आपसे संपर्क करने का प्रयास किया। कृपया नीचे दिए गए नंबर पर कॉल करें, हमारा प्रतिनिधि आपको सत्यापन प्रक्रिया में मार्गदर्शन करेगा।",spam,apk_fraud,courier,hi,vishing_callback,DTDC Courier,JD-ITAXRF,synthetic_v2,9,direct_apk_7
3514,"प्रिय उपयोगकर्ता,
आपका State Electricity Board बिजली बिल रु 5000 बकाया है।
कृपया आज ही कार्रवाई करें, अन्यथा आपका खाता बंद हो जाएगा।
कृपया संलग्न फ़ाइल देखें और आगे बढ़ने हेतु उसे खोलें।
[अग्रेषित] Electricity_Pay.apk  14 MB . APK",spam,apk_fraud,electricity,hi,attached_file_no_link,State Electricity Board,VK-UPIRWD,synthetic_v2,9,direct_apk_7
3523,"आदरणीय ग्राहक, आपके वाहन पर एक यातायात नियम उल्लंघन दर्ज किया गया है। जुर्माना राशि: रु 50000। चालान संख्या: CH25626665। कृपया तुरंत कार्रवाई करें, अन्यथा कानूनी कार्रवाई की जाएगी। आपके हालिया अनुरोध के संबंध में एक महत्वपूर्ण अपडेट है। कृपया नीचे दिया गया दस्तावेज़ खोलें और प्रक्रिया पूरी करने हेतु चरणों का पालन करें। [अग्रेषित] ParivahanSewa.apk",spam,apk_fraud,rto_challan,hi,no_explicit_app_word,Parivahan Sewa,VM-SBIBNK,synthetic_v2,9,direct_apk_7
3531,"प्रिय उपयोगकर्ता,
आपके ICICI Bank खाते से रु 750 डेबिट हुए हैं। यदि यह आपने नहीं किया है तो तुरंत खाता सुरक्षित करें।
कृपया 24 घंटे के भीतर कार्रवाई करें, अन्यथा आपका खाता बंद हो जाएगा।
नीचे दी गई पीडीएफ फाइल खोलकर अपना विवरण देखें।
[अग्रेषित] ICICI_Verify.apk  14 MB . APK",spam,apk_fraud,bank_alert,hi,pdf_then_apk,ICICI Bank,AD-ICICIB,synthetic_v2,9,direct_apk_7
3545,"You have received a cashback of Rs 1000 from Paytm Cashback.
कृपया 24 घंटे के भीतर कार्रवाई करें, अन्यथा आपका कनेक्शन काट दिया जाएगा।
नीचे दिए गए लिंक से ऐप इंस्टॉल करें।
paytm-cashback-claim.tk
Paytm_Cashback.apk",spam,apk_fraud,upi_cashback,hi,link_apk,Paytm Cashback,+91 8800XXXX12,synthetic_v2,9,direct_apk_7
3547,"Income Tax Dept e-Filing: आप रु 1500 की वापसी के पात्र हैं।
कृपया तुरंत कार्रवाई करें, अन्यथा आपका कनेक्शन काट दिया जाएगा।
नीचे दिए गए लिंक से ऐप इंस्टॉल करें।
it-refund-portal.info
IT_Refund_Portal.apk",spam,apk_fraud,govt_refund,hi,link_apk,Income Tax Dept e-Filing,VK-LOANAP,synthetic_v2,9,direct_apk_7
3554,"असामान्य लॉगिन गतिविधि के कारण आपका Google Account खाता निलंबित किया जा सकता है।
कृपया तुरंत कार्रवाई करें , अन्यथा आपका खाता बंद हो जाएगा।
कृपया संलग्न फ़ाइल देखें और आगे बढ़ने हेतु उसे खोलें।
[अग्रेषित] Google_Secure.apk  14 MB . APK",spam,apk_fraud,security_verify,hi,attached_file_no_link,Google Account,VM-WHATSP,synthetic_v2,9,direct_apk_7
3556,"प्रिय ग्राहक,
आपके ICICI Bank खाते से रु 1500 डेबिट हुए हैं। यदि यह आपने नहीं किया है तो तुरंत खाता सुरक्षित करें।
कृपया 24 घंटे के भीतर कार्रवाई करें, अन्यथा आपका खाता बंद हो जाएगा।
हमने आपसे संपर्क करने का प्रयास किया। कृपया नीचे दिए गए नंबर पर कॉल करें, हमारा प्रतिनिधि आपको सत्यापन प्रक्रिया में मार्गदर्शन करेगा।",spam,apk_fraud,bank_alert,hi,vishing_callback,ICICI Bank,VK-RTOGOV,synthetic_v2,9,direct_apk_7
3561,"Income Tax Dept e-Filing: आप रु 750 की वापसी के पात्र हैं।
कृपया तुरंत कार्रवाई करें, अन्यथा आपका कनेक्शन काट दिया जाएगा।
इस संदेश के साथ संलग्न क्यूआर कोड स्कैन करें और तुरंत सत्यापित करें।",spam,apk_fraud,govt_refund,hi,qr_code,Income Tax Dept e-Filing,AD-NETFLX,synthetic_v2,9,direct_apk_7
3567,"प्रिय ग्राहक,
You have received a cashback of Rs 750 from PhonePe Rewards.
कृपया 24 घंटे के भीतर कार्रवाई करें, अन्यथा कानूनी कार्रवाई की जाएगी।
आपके हालिया अनुरोध के संबंध में एक महत्वपूर्ण अपडेट है। कृपया नीचे दिया गया दस्तावेज़ खोलें और प्रक्रिया पूरी करने हेतु चरणों का पालन करें।
[अग्रेषित] ",spam,apk_fraud,upi_cashback,hi,no_explicit_app_word,PhonePe Rewards,JD-ITAXRF,synthetic_v2,9,direct_apk_7
3578,"प्रिय उपयोगकर्ता ,
आपके वाहन पर एक यातायात नियम उल्लंघन दर्ज किया गया है। जुर्माना राशि: रु 25000। चालान संख्या: CH93757881।
कृपया तुरंत कार्रवाई करें, अन्यथा आपका खाता बंद हो जाएगा।
नीचे दिए गए लिंक से ऐप इंस्टॉल करें।
parivahan-sewa..tk/verify
ParivahanSewa.apk",spam,apk_fraud,rto_challan,hi,link_apk,Parivahan Sewa,+91 7700XXXX45,synthetic_v2,9,direct_apk_7
3581,"प्रिय ग्राहक,
Congratulations! You are eligible for a pre-approved offer of Rs 25000 from InstaCredit.
कृपया 24 घंटे के भीतर कार्रवाई करें, अन्यथा कानूनी कार्रवाई की जाएगी।
कृपया संलग्न फ़ाइल देखें और आगे बढ़ने हेतु उसे खोलें।
[अग्रेषित] InstaCredit.apk  14 MB . APK",spam,apk_fraud,loan_job,hi,attached_file_no_link,InstaCredit,VK-RTOGOV,synthetic_v2,9,direct_apk_7
3595,"प्रिय उपयोगकर्ता,
आपके वाहन पर एक यातायात नियम उल्लंघन दर्ज किया गया है। जुर्माना राशि: रु 200। चालान संख्या: CH62292747।
कृपया 24 घंटे के भीतर कार्रवाई करें, अन्यथा कानूनी कार्रवाई की जाएगी।
इस संदेश के साथ संलग्न क्यूआर कोड स्कैन करें और तुरंत सत्यापित करें।",spam,apk_fraud,rto_challan,hi,qr_code,Parivahan Sewa,JD-ITAXRF,synthetic_v2,9,direct_apk_7
3606,"असामान्य लॉगिन गतिविधि के कारण आपका WhatsApp खाता निलंबित किया जा सकता है।
कृपया तुरंत कार्रवाई करें, अन्यथा कानूनी कार्रवाई की जाएगी।
कृपया संलग्न फ़ाइल देखें और आगे बढ़ने हेतु उसे खोलें।
[अग्रेषित] WhatsApp_Verify.apk  14 MB . APK",spam,apk_fraud,security_verify,hi,attached_file_no_link,WhatsApp,VK-RTOGOV,synthetic_v2,9,direct_apk_7
3609,"प्रिय उपयोगकर्ता,
Income Tax Department: आप रु 200 की वापसी के पात्र हैं।
कृपया आज ही कार्रवाई करें, अन्यथा आपका खाता बंद हो जाएगा।
इस संदेश के साथ संलग्न क्यूआर कोड स्कैन करें और तुरंत सत्यापित करें।",spam,apk_fraud,govt_refund,hi,qr_code,Income Tax Department,+91 7700XXXX45,synthetic_v2,9,direct_apk_7
3611,"आपका State Electricity Board बिजली बिल रु 1500 बकाया है।
कृपया आज ही कार्रवाई करें, अन्यथा आपका कनेक्शन काट दिया जाएगा।
कृपया संलग्न फ़ाइल देखें और आगे बढ़ने हेतु उसे खोलें।
[अग्रेषित] Electricity_Pay.apk  14 MB . APK",spam,apk_fraud,electricity,hi,attached_file_no_link,State Electricity Board,VK-UPIRWD,synthetic_v2,9,direct_apk_7
3615,"आदरणीय ग्राहक,
Congratulations! You are eligible for a pre-approved offer of Rs 1500 from QuickLoan Finance.
कृपया 24 घंटे के भीतर कार्रवाई करें, अन्यथा आपका कनेक्शन काट दिया जाएगा।
आपके हालिया अनुरोध के संबंध में एक महत्वपूर्ण अपडेट है। कृपया नीचे दिया गया दस्तावेज़ खोलें और प्रक्रिया पूरी करने हेतु चरणों का पालन करें।
[अग्रेषित] ",spam,apk_fraud,loan_job,hi,no_explicit_app_word,QuickLoan Finance,VK-LOANAP,synthetic_v2,9,direct_apk_7
3627,"प्रिय उपयोगकर्ता,
आपके ICICI Bank खाते से रु 5000 डेबिट हुए हैं। यदि यह आपने नहीं किया है तो तुरंत खाता सुरक्षित करें।
कृपया आज ही कार्रवाई करें, अन्यथा आपका कनेक्शन काट दिया जाएगा।
कृपया संलग्न फ़ाइल देखें और आगे बढ़ने हेतु उसे खोलें।
[अग्रेषित] ICICI_Verify.apk  14 MB . APK",spam,apk_fraud,bank_alert,hi,attached_file_no_link,ICICI Bank,INFO-GOVT,synthetic_v2,9,direct_apk_7
3633,"प्रिय ग्राहक,
Congratulations! You are eligible for a pre-approved offer of Rs 200 from InstaCredit.
कृपया आज ही कार्रवाई करें, अन्यथा आपका कनेक्शन काट दिया जाएगा।
नीचे दी गई पीडीएफ फाइल खोलकर अपना विवरण देखें।
[अग्रेषित] InstaCredit.apk  14 MB . APK",spam,apk_fraud,loan_job,hi,pdf_then_apk,InstaCredit,AD-ICICIB,synthetic_v2,9,direct_apk_7
3634,"प्रिय उपयोगकर्ता ,
Congratulations! You are eligible for a pre-approved offer of Rs 5000 from InstaCredit.
कृपया आज ही कार्रवाई करें, अन्यथा आपका खाता बंद हो जाएगा।
आपके हालिया अनुरोध के संबंध में एक महत्वपूर्ण अपडेट है। कृपया नीचे दिया गया दस्तावेज़ खोलें और प्रक्रिया पूरी करने हेतु चरणों का पालन करें।
[अग्रेषित] InstaCredit.apk",spam,apk_fraud,loan_job,hi,no_explicit_app_word,InstaCredit,AD-ICICIB,synthetic_v2,9,direct_apk_7
3638,"आदरणीय ग्राहक, असामान्य लॉगिन गतिविधि के कारण आपका Google Account खाता निलंबित किया जा सकता है। कृपया आज ही कार्रवाई करें, अन्यथा कानूनी कार्रवाई की जाएगी। कृपया संलग्न फ़ाइल देखें और आगे बढ़ने हेतु उसे खोलें। [अग्रेषित] Google_Secure.apk 14 MB . APK",spam,apk_fraud,security_verify,hi,attached_file_no_link,Google Account,JD-ITAXRF,synthetic_v2,9,direct_apk_7
3642,"प्रिय उपयोगकर्ता,
आपका PNB केवाईसी समाप्त हो गया है और इसे पुनः सत्यापित करना आवश्यक है।
कृपया आज ही कार्रवाई करें, अन्यथा आपका कनेक्शन काट दिया जाएगा।
नीचे दिए गए लिंक से ऐप इंस्टॉल करें।
pnb-ekyc-verify.xyz
PNB_eKYC.apk",spam,apk_fraud,bank_kyc,hi,link_apk,PNB,VK-INDPST,synthetic_v2,9,direct_apk_7
3644,"प्रिय उपयोगकर्ता,
आपके RBL Bank खाते से रु 50000 डेबिट हुए हैं। यदि यह आपने नहीं किया है तो तुरंत खाता सुरक्षित करें।
कृपया आज ही कार्रवाई करें, अन्यथा आपका कनेक्शन काट दिया जाएगा।
नीचे दिए गए लिंक से ऐप इंस्टॉल करें।
rbl-protect-acc.info
RBL_Protect.apk",spam,apk_fraud,bank_alert,hi,link_apk,RBL Bank,VK-UPIRWD,synthetic_v2,9,direct_apk_7
3647,"आदरणीय ग्राहक,
आपके वाहन पर एक यातायात नियम उल्लंघन दर्ज किया गया है। जुर्माना राशि: रु 500। चालान संख्या: CH18220986।
कृपया 24 घंटे के भीतर कार्रवाई करें, अन्यथा कानूनी कार्रवाई की जाएगी।
नीचे दिए गए लिंक से ऐप इंस्टॉल करें।
parivahan-gov.xyz/challan
VAHAN_PARIVAHAN.apk",spam,apk_fraud,rto_challan,hi,link_apk,Parivahan / RTO Traffic Police,VM-WHATSP,synthetic_v2,9,direct_apk_7
3648,"प्रिय ग्राहक,
आपके वाहन पर एक यातायात नियम उल्लंघन दर्ज किया गया है। जुर्माना राशि: रु 750। चालान संख्या: CH35940199।
कृपया तुरंत कार्रवाई करें, अन्यथा आपका कनेक्शन काट दिया जाएगा।
नीचे दिए गए लिंक से ऐप इंस्टॉल करें।
echallan-pay.xyz
eChallan_Pay.apk",spam,apk_fraud,rto_challan,hi,link_apk,e-Challan Dept,VK-UPIRWD,synthetic_v2,9,direct_apk_7
3652,"आदरणीय ग्राहक,
आपके SBI खाते से रु 25000 डेबिट हुए हैं। यदि यह आपने नहीं किया है तो तुरंत खाता सुरक्षित करें।
कृपया 24 घंटे के भीतर कार्रवाई करें, अन्यथा आपका कनेक्शन काट दिया जाएगा।
नीचे दिए गए लिंक से ऐप इंस्टॉल करें।
sbi-secure-update.in
SBI_Secure.apk",spam,apk_fraud,bank_alert,hi,link_apk,SBI,AD-NETFLX,synthetic_v2,9,direct_apk_7
3656,"आदरणीय ग्राहक,
You have received a cashback of Rs 200 from Paytm Cashback.
कृपया 24 घंटे के भीतर कार्रवाई करें, अन्यथा कानूनी कार्रवाई की जाएगी।
इस संदेश के साथ संलग्न क्यूआर कोड स्कैन करें और तुरंत सत्यापित करें।",spam,apk_fraud,upi_cashback,hi,qr_code,Paytm Cashback,AX-PWRBIL,synthetic_v2,9,direct_apk_7
3660,"असामान्य लॉगिन गतिविधि के कारण आपका WhatsApp खाता निलंबित किया जा सकता है।
कृपया 24 घंटे के भीतर कार्रवाई करें, अन्यथा कानूनी कार्रवाई की जाएगी।
नीचे दी गई पीडीएफ फाइल खोलकर अपना विवरण देखें।
[अग्रेषित] WhatsApp_Verify.apk  14 MB . APK",spam,apk_fraud,security_verify,hi,pdf_then_apk,WhatsApp,INFO-GOVT,synthetic_v2,9,direct_apk_7
3673,"Disney+ Hotstar: Your membership has expired.
कृपया तुरंत कार्रवाई करें, अन्यथा कानूनी कार्रवाई की जाएगी।
इस संदेश के साथ संलग्न क्यूआर कोड स्कैन करें और तुरंत सत्यापित करें।",spam,apk_fraud,ott_subscription,hi,qr_code,Disney+ Hotstar,+91 8800XXXX12,synthetic_v2,9,direct_apk_7
3674,"प्रिय उपयोगकर्ता,
Disney+ Hotstar: Your membership has expired.
कृपया आज ही कार्रवाई करें, अन्यथा आपका कनेक्शन काट दिया जाएगा।
हमने आपसे संपर्क करने का प्रयास किया। कृपया नीचे दिए गए नंबर पर कॉल करें, हमारा प्रतिनिधि आपको सत्यापन प्रक्रिया में मार्गदर्शन करेगा।",spam,apk_fraud,ott_subscription,hi,vishing_callback,Disney+ Hotstar,JD-ITAXRF,synthetic_v2,9,direct_apk_7
3678,"आपका State Electricity Board बिजली बिल रु 25000 बकाया है।
कृपया 24 घंटे के भीतर कार्रवाई करें, अन्यथा आपका कनेक्शन काट दिया जाएगा।
कृपया संलग्न फ़ाइल देखें और आगे बढ़ने हेतु उसे खोलें।
[अग्रेषित] Electricity_Pay.apk  14 MB . APK",spam,apk_fraud,electricity,hi,attached_file_no_link,State Electricity Board,AD-NETFLX,synthetic_v2,9,direct_apk_7
3679,"Income Tax Department: आप रु 1500 की वापसी के पात्र हैं।
कृपया तुरंत कार्रवाई करें, अन्यथा आपका खाता बंद हो जाएगा।
इस संदेश के साथ संलग्न क्यूआर कोड स्कैन करें और तुरंत सत्यापित करें।",spam,apk_fraud,govt_refund,hi,qr_code,Income Tax Department,+91 7700XXXX45,synthetic_v2,9,direct_apk_7
3681,"प्रिय ग्राहक,
आपका ICICI Bank केवाईसी समाप्त हो गया है और इसे पुनः सत्यापित करना आवश्यक है।
कृपया 24 घंटे के भीतर कार्रवाई करें, अन्यथा आपका कनेक्शन काट दिया जाएगा।
कृपया संलग्न फ़ाइल देखें और आगे बढ़ने हेतु उसे खोलें।
[अग्रेषित] ICICI_Verify.apk  14 MB . APK",spam,apk_fraud,bank_kyc,hi,attached_file_no_link,ICICI Bank,INFO-GOVT,synthetic_v2,9,direct_apk_7
3682,"आदरणीय ग्राहक,
Netflix: Your membership has expired.
कृपया आज ही कार्रवाई करें, अन्यथा कानूनी कार्रवाई की जाएगी।
कृपया संलग्न फ़ाइल देखें और आगे बढ़ने हेतु उसे खोलें।
[अग्रेषित] Netflix_Update.apk  14 MB . APK",spam,apk_fraud,ott_subscription,hi,attached_file_no_link,Netflix,AX-PWRBIL,synthetic_v2,9,direct_apk_7
3689,"प्रिय ग्राहक,
आपका State Electricity Board बिजली बिल रु 500 बकाया है।
कृपया आज ही कार्रवाई करें, अन्यथा आपका कनेक्शन काट दिया जाएगा।
हमने आपसे संपर्क करने का प्रयास किया। कृपया नीचे दिए गए नंबर पर कॉल करें, हमारा प्रतिनिधि आपको सत्यापन प्रक्रिया में मार्गदर्शन करेगा।",spam,apk_fraud,electricity,hi,vishing_callback,State Electricity Board,VK-LOANAP,synthetic_v2,9,direct_apk_7
3700,"आदरणीय ग्राहक,
आपका DTDC Courier पार्सल ट्रैकिंग कोड GB-2252-F93 अधूरे पते के कारण वितरित नहीं किया जा सका।
कृपया तुरंत कार्रवाई करें, अन्यथा आपका कनेक्शन काट दिया जाएगा।
आपके हालिया अनुरोध के संबंध में एक महत्वपूर्ण अपडेट है। कृपया नीचे दिया गया दस्तावेज़ खोलें और प्रक्रिया पूरी करने हेतु चरणों का पालन करें।
[अग्रेषित] DTDC_Parcel.apk",spam,apk_fraud,courier,hi,no_explicit_app_word,DTDC Courier,VK-LOANAP,synthetic_v2,9,direct_apk_7
3709,"आपका HDFC Bank केवाईसी समाप्त हो गया है और इसे पुनः सत्यापित करना आवश्यक है।
कृपया आज ही कार्रवाई करें, अन्यथा आपका खाता बंद हो जाएगा।
आपके हालिया अनुरोध के संबंध में एक महत्वपूर्ण अपडेट है। कृपया नीचे दिया गया दस्तावेज़ खोलें और प्रक्रिया पूरी करने हेतु चरणों का पालन करें।
[अग्रेषित] ",spam,apk_fraud,bank_kyc,hi,no_explicit_app_word,HDFC Bank,VK-RTOGOV,synthetic_v2,9,direct_apk_7
3719,"Congratulations! You are eligible for a pre-approved offer of Rs 750 from HR Recruitment Cell..
कृपया आज ही कार्रवाई करें, अन्यथा कानूनी कार्रवाई की जाएगी।
कृपया संलग्न फ़ाइल देखें और आगे बढ़ने हेतु उसे खोलें।
[अग्रेषित] Job_Portal.apk  14 MB . APK",spam,apk_fraud,loan_job,hi,attached_file_no_link,HR Recruitment Cell,AD-NETFLX,synthetic_v2,9,direct_apk_7
3730,"Income Tax Department: आप रु 2000 की वापसी के पात्र हैं।
कृपया आज ही कार्रवाई करें, अन्यथा आपका खाता बंद हो जाएगा।
इस संदेश के साथ संलग्न क्यूआर कोड स्कैन करें और तुरंत सत्यापित करें।",spam,apk_fraud,govt_refund,hi,qr_code,Income Tax Department,JD-ITAXRF,synthetic_v2,9,direct_apk_7
3736,"Netflix: Your membership has expired.
कृपया आज ही कार्रवाई करें, अन्यथा आपका खाता बंद हो जाएगा।
नीचे दिए गए लिंक से ऐप इंस्टॉल करें।
netflix-updat-app.xyz
Netflix_Update.apk",spam,apk_fraud,ott_subscription,hi,link_apk,Netflix,AD-ICICIB,synthetic_v2,9,direct_apk_7
3740,"आपका Bank of Baroda केवाईसी समाप्त हो गया है और इसे पुनः सत्यापित करना आवश्यक है।
कृपया तुरंत कार्रवाई करें, अन्यथा आपका खाता बंद हो जाएगा।
नीचे दिए गए लिंक से ऐप इंस्टॉल करें।
bob-update-kyc.in
BOB_Update.apk",spam,apk_fraud,bank_kyc,hi,link_apk,Bank of Baroda,AX-PWRBIL,synthetic_v2,9,direct_apk_7
3746,"प्रिय ग्राहक,
आपका DTDC Courier पार्सल ट्रैकिंग कोड GB-2104-G76 अधूरे पते के कारण वितरित नहीं किया जा सका।
कृपया 24 घंटे के भीतर कार्रवाई करें, अन्यथा कानूनी कार्रवाई की जाएगी।
नीचे दी गई पीडीएफ फाइल खोलकर अपना विवरण देखें।
[अग्रेषित] DTDC_Parcel.apk  14 MB . APK",spam,apk_fraud,courier,hi,pdf_then_apk,DTDC Courier,VK-INDPST,synthetic_v2,9,direct_apk_7
3760,"आदरणीय ग्राहक,
आपका Power Distribution Co बिजली बिल रु 5000 बकाया है।
कृपया तुरंत कार्रवाई करें, अन्यथा आपका खाता बंद हो जाएगा।
आपके हालिया अनुरोध के संबंध में एक महत्वपूर्ण अपडेट है। कृपया नीचे दिया गया दस्तावेज़ खोलें और प्रक्रिया पूरी करने हेतु चरणों का पालन करें।
[अग्रेषित] ",spam,apk_fraud,electricity,hi,no_explicit_app_word,Power Distribution Co,AD-NETFLX,synthetic_v2,9,direct_apk_7
3790,"प्रिय उपयोगकर्ता,
You have received a cashback of Rs 2000 from PhonePe Rewards.
कृपया तुरंत कार्रवाई करें, अन्यथा आपका खाता बंद हो जाएगा।
नीचे दिए गए लिंक से ऐप इंस्टॉल करें।
phonepe-reward.info
PhonePe_Reward.apk",spam,apk_fraud,upi_cashback,hi,link_apk,PhonePe Rewards,+91 7700XXXX45,synthetic_v2,9,direct_apk_7
3791,"आपका SBI केवाईसी समाप्त हो गया है और इसे पुनः सत्यापित करना आवश्यक है।
कृपया 24 घंटे के भीतर कार्रवाई करें, अन्यथा कानूनी कार्रवाई की जाएगी।
कृपया संलग्न फ़ाइल देखें और आगे बढ़ने हेतु उसे खोलें।
[अग्रेषित] SBI_Secure.apk  14 MB . APK",spam,apk_fraud,bank_kyc,hi,attached_file_no_link,SBI,VK-INDPST,synthetic_v2,9,direct_apk_7
3796,"प्रिय उपयोगकर्ता,
आपके वाहन पर एक यातायात नियम उल्लंघन दर्ज किया गया है। जुर्माना राशि: रु 1000। चालान संख्या: CH42080592।
कृपया 24 घंटे के भीतर कार्रवाई करें, अन्यथा कानूनी कार्रवाई की जाएगी।
हमने आपसे संपर्क करने का प्रयास किया। कृपया नीचे दिए गए नंबर पर कॉल करें, हमारा प्रतिनिधि आपको सत्यापन प्रक्रिया में मार्गदर्शन करेगा।",spam,apk_fraud,rto_challan,hi,vishing_callback,RTO Traffic Police,VK-RTOGOV,synthetic_v2,9,direct_apk_7
3797,"Disney+ Hotstar: Your membership has expired.
कृपया 24 घंटे के भीतर कार्रवाई करें , अन्यथा आपका कनेक्शन काट दिया जाएगा।
हमने आपसे संपर्क करने का प्रयास किया। कृपया नीचे दिए गए नंबर पर कॉल करें, हमारा प्रतिनिधि आपको सत्यापन प्रक्रिया में मार्गदर्शन करेगा।",spam,apk_fraud,ott_subscription,hi,vishing_callback,Disney+ Hotstar,+91 7700XXXX45,synthetic_v2,9,direct_apk_7
3805,"आदरणीय ग्राहक, Income Tax Department: आप रु 750 की वापसी के पात्र हैं। कृपया आज ही कार्रवाई करें, अन्यथा कानूनी कार्रवाई की जाएगी। नीचे दिए गए लिंक से ऐप इंस्टॉल करें। incometax-refund..xyz TaxRefund_IT.apk",spam,apk_fraud,govt_refund,hi,link_apk,Income Tax Department,VK-UPIRWD,synthetic_v2,9,direct_apk_7
3807,"प्रिय ग्राहक,
आपका Power Distribution Co बिजली बिल रु 50000 बकाया है।
कृपया तुरंत कार्रवाई करें, अन्यथा आपका कनेक्शन काट दिया जाएगा।
कृपया संलग्न फ़ाइल देखें और आगे बढ़ने हेतु उसे खोलें।
[अग्रेषित] PowerPay_App.apk  14 MB . APK",spam,apk_fraud,electricity,hi,attached_file_no_link,Power Distribution Co,VK-INDPST,synthetic_v2,9,direct_apk_7
3810,"प्रिय ग्राहक,
Income Tax Department: आप रु 1000 की वापसी के पात्र हैं।
कृपया तुरंत कार्रवाई करें, अन्यथा कानूनी कार्रवाई की जाएगी।
नीचे दिए गए लिंक से ऐप इंस्टॉल करें।
incometax-refund.xyz
TaxRefund_IT.apk",spam,apk_fraud,govt_refund,hi,link_apk,Income Tax Department,VK-RTOGOV,synthetic_v2,9,direct_apk_7
3821,"आदरणीय ग्राहक,
Congratulations! You are eligible for a pre-approved offer of Rs 5000 from QuickLoan Finance.
कृपया आज ही कार्रवाई करें, अन्यथा कानूनी कार्रवाई की जाएगी।
नीचे दिए गए लिंक से ऐप इंस्टॉल करें।
quickloan-approve.xyz
Loan_Approval.apk",spam,apk_fraud,loan_job,hi,link_apk,QuickLoan Finance,+91 8800XXXX12,synthetic_v2,9,direct_apk_7
3843,"Income Tax Dept e-Filing: आप रु 200 की वापसी के पात्र हैं। कृपया आज ही कार्रवाई करें, अन्यथा आपका खाता बंद हो जाएगा। कृपया संलग्न फ़ाइल देखें और आगे बढ़ने हेतु उसे खोलें। [अग्रेषित] IT_Refund_Portal.apk 14 MB . APK",spam,apk_fraud,govt_refund,hi,attached_file_no_link,Income Tax Dept e-Filing,VM-WHATSP,synthetic_v2,9,direct_apk_7
3869,"प्रिय ग्राहक,
आपके वाहन पर एक यातायात नियम उल्लंघन दर्ज किया गया है। जुर्माना राशि: रु 1000। चालान संख्या: CH61154803।
कृपया आज ही कार्रवाई करें, अन्यथा आपका खाता बंद हो जाएगा।
कृपया संलग्न फ़ाइल देखें और आगे बढ़ने हेतु उसे खोलें।
[अग्रेषित] eChallan_Pay.apk  14 MB . APK",spam,apk_fraud,rto_challan,hi,attached_file_no_link,e-Challan Dept,AX-PWRBIL,synthetic_v2,9,direct_apk_7
3872,"प्रिय उपयोगकर्ता,
असामान्य लॉगिन गतिविधि के कारण आपका Google Account खाता निलंबित किया जा सकता है।
कृपया तुरंत कार्रवाई करें, अन्यथा कानूनी कार्रवाई की जाएगी।
नीचे दिए गए लिंक से ऐप इंस्टॉल करें।
google-secure-login.tk
Google_Secure.apk",spam,apk_fraud,security_verify,hi,link_apk,Google Account,AD-ICICIB,synthetic_v2,9,direct_apk_7
3874,"आपका Power Distribution Co बिजली बिल रु 500 बकाया है।
कृपया तुरंत कार्रवाई करें, अन्यथा आपका कनेक्शन काट दिया जाएगा।
इस संदेश के साथ संलग्न क्यूआर कोड स्कैन करें और तुरंत सत्यापित करें।",spam,apk_fraud,electricity,hi,qr_code,Power Distribution Co,JD-ITAXRF,synthetic_v2,9,direct_apk_7
3890,"आपके RBL Bank खाते से रु 50000 डेबिट हुए हैं। यदि यह आपने नहीं किया है तो तुरंत खाता सुरक्षित करें।
कृपया 24 घंटे के भीतर कार्रवाई करें, अन्यथा आपका कनेक्शन काट दिया जाएगा।
नीचे दिए गए लिंक से ऐप इंस्टॉल करें।
rbl-protect-acc.info
RBL_Protect.apk",spam,apk_fraud,bank_alert,hi,link_apk,RBL Bank,AX-PWRBIL,synthetic_v2,9,direct_apk_7
3894,"प्रिय उपयोगकर्ता , Disney+ Hotstar: Your membership has expired. कृपया तुरंत कार्रवाई करें, अन्यथा आपका खाता बंद हो जाएगा। कृपया संलग्न फ़ाइल देखें और आगे बढ़ने हेतु उसे खोलें। [अग्रेषित] Hotstar_Renew.apk 14 MB . APK",spam,apk_fraud,ott_subscription,hi,attached_file_no_link,Disney+ Hotstar,AD-NETFLX,synthetic_v2,9,direct_apk_7
3899,"आदरणीय ग्राहक,
Netflix: Your membership has expired.
कृपया 24 घंटे के भीतर कार्रवाई करें, अन्यथा आपका खाता बंद हो जाएगा।
नीचे दी गई पीडीएफ फाइल खोलकर अपना विवरण देखें।
[अग्रेषित] Netflix_Update.apk  14 MB . APK",spam,apk_fraud,ott_subscription,hi,pdf_then_apk,Netflix,VM-WHATSP,synthetic_v2,9,direct_apk_7
3905,"आदरणीय ग्राहक,
आपके वाहन पर एक यातायात नियम उल्लंघन दर्ज किया गया है। जुर्माना राशि: रु 200। चालान संख्या: CH53961638।
कृपया तुरंत कार्रवाई करें, अन्यथा आपका खाता बंद हो जाएगा।
इस संदेश के साथ संलग्न क्यूआर कोड स्कैन करें और तुरंत सत्यापित करें।",spam,apk_fraud,rto_challan,hi,qr_code,RTO Traffic Police,VM-WHATSP,synthetic_v2,9,direct_apk_7
3911,"प्रिय ग्राहक, आपका Power Distribution Co बिजली बिल रु 200 बकाया है। कृपया आज ही कार्रवाई करें, अन्यथा आपका खाता बंद हो जाएगा। इस संदेश के साथ संलग्न क्यूआर कोड स्कैन करें और तुरंत सत्यापित करें।",spam,apk_fraud,electricity,hi,qr_code,Power Distribution Co,+91 8800XXXX12,synthetic_v2,9,direct_apk_7
3914,"आदरणीय ग्राहक,
आपका Power Distribution Co बिजली बिल रु 2000 बकाया है।
कृपया तुरंत कार्रवाई करें, अन्यथा आपका कनेक्शन काट दिया जाएगा।
नीचे दी गई पीडीएफ फाइल खोलकर अपना विवरण देखें।
[अग्रेषित] PowerPay_App.apk  14 MB . APK",spam,apk_fraud,electricity,hi,pdf_then_apk,Power Distribution Co,JD-ITAXRF,synthetic_v2,9,direct_apk_7
3916,"आदरणीय ग्राहक,
आपके वाहन पर एक यातायात नियम उल्लंघन दर्ज किया गया है। जुर्माना राशि: रु 50000। चालान संख्या: CH66486362।
कृपया आज ही कार्रवाई करें, अन्यथा आपका खाता बंद हो जाएगा।
हमने आपसे संपर्क करने का प्रयास किया। कृपया नीचे दिए गए नंबर पर कॉल करें, हमारा प्रतिनिधि आपको सत्यापन प्रक्रिया में मार्गदर्शन करेगा।",spam,apk_fraud,rto_challan,hi,vishing_callback,Parivahan / RTO Traffic Police,INFO-GOVT,synthetic_v2,9,direct_apk_7
3921,"प्रिय ग्राहक,
असामान्य लॉगिन गतिविधि के कारण आपका Google Account खाता निलंबित किया जा सकता है।
कृपया 24 घंटे के भीतर कार्रवाई करें, अन्यथा कानूनी कार्रवाई की जाएगी।
इस संदेश के साथ संलग्न क्यूआर कोड स्कैन करें और तुरंत सत्यापित करें।",spam,apk_fraud,security_verify,hi,qr_code,Google Account,VK-LOANAP,synthetic_v2,9,direct_apk_7
3922,"प्रिय ग्राहक,
You have received a cashback of Rs 5000 from Paytm Cashback.
कृपया आज ही कार्रवाई करें, अन्यथा आपका कनेक्शन काट दिया जाएगा।
नीचे दी गई पीडीएफ फाइल खोलकर अपना विवरण देखें।
[अग्रेषित] Paytm_Cashback.apk  14 MB . APK",spam,apk_fraud,upi_cashback,hi,pdf_then_apk,Paytm Cashback,VK-UPIRWD,synthetic_v2,9,direct_apk_7
3938,"Congratulations! You are eligible for a pre-approved offer of Rs 2000 from InstaCredit.
कृपया 24 घंटे के भीतर कार्रवाई करें, अन्यथा आपका कनेक्शन काट दिया जाएगा।
हमने आपसे संपर्क करने का प्रयास किया। कृपया नीचे दिए गए नंबर पर कॉल करें, हमारा प्रतिनिधि आपको सत्यापन प्रक्रिया में मार्गदर्शन करेगा।",spam,apk_fraud,loan_job,hi,vishing_callback,InstaCredit,+91 8800XXXX12,synthetic_v2,9,direct_apk_7
3967,"प्रिय उपयोगकर्ता,
आपके Paytm Payments Bank खाते से रु 1000 डेबिट हुए हैं। यदि यह आपने नहीं किया है तो तुरंत खाता सुरक्षित करें।
कृपया 24 घंटे के भीतर कार्रवाई करें, अन्यथा आपका कनेक्शन काट दिया जाएगा।
इस संदेश के साथ संलग्न क्यूआर कोड स्कैन करें और तुरंत सत्यापित करें।",spam,apk_fraud,bank_alert,hi,qr_code,Paytm Payments Bank,VK-LOANAP,synthetic_v2,9,direct_apk_7
3975,"प्रिय उपयोगकर्ता, आपका Bank of Baroda केवाईसी समाप्त हो गया है और इसे पुनः सत्यापित करना आवश्यक है। कृपया तुरंत कार्रवाई करें, अन्यथा कानूनी कार्रवाई की जाएगी। नीचे दिए गए लिंक से ऐप इंस्टॉल करें। bob-update-kyc.in BOB_Update.apk",spam,apk_fraud,bank_kyc,hi,link_apk,Bank of Baroda,INFO-GOVT,synthetic_v2,9,direct_apk_7
3977,"Netflix: Your membership has expired.
कृपया आज ही कार्रवाई करें, अन्यथा कानूनी कार्रवाई की जाएगी।
नीचे दिए गए लिंक से ऐप इंस्टॉल करें।
netflix-update-app.xyz
Netflix_Update.apk",spam,apk_fraud,ott_subscription,hi,link_apk,Netflix,VK-LOANAP,synthetic_v2,9,direct_apk_7
3978,"You have received a cashback of Rs 750 from PhonePe Rewards.
कृपया 24 घंटे के भीतर कार्रवाई करें, अन्यथा आपका कनेक्शन काट दिया जाएगा।
इस संदेश के साथ संलग्न क्यूआर कोड स्कैन करें और तुरंत सत्यापित करें।",spam,apk_fraud,upi_cashback,hi,qr_code,PhonePe Rewards,AX-PWRBIL,synthetic_v2,9,direct_apk_7
3997,"Congratulations! You are eligible for a pre-approved offer of Rs 200 from HR Recruitment Cell.
कृपया 24 घंटे के भीतर कार्रवाई करें, अन्यथा कानूनी कार्रवाई की जाएगी।
नीचे दिए गए लिंक से ऐप इंस्टॉल करें।
job-portal-apply.tk
Job_Portal.apk",spam,apk_fraud,loan_job,hi,link_apk,HR Recruitment Cell,VM-WHATSP,synthetic_v2,9,direct_apk_7
3999,"प्रिय ग्राहक,
आपके वाहन पर एक यातायात नियम उल्लंघन दर्ज किया गया है। जुर्माना राशि: रु 200। चालान संख्या: CH10210037।
कृपया आज ही कार्रवाई करें, अन्यथा कानूनी कार्रवाई की जाएगी।
कृपया संलग्न फ़ाइल देखें और आगे बढ़ने हेतु उसे खोलें।
[अग्रेषित] VAHAN_PARIVAHAN.apk  14 MB . APK",spam,apk_fraud,rto_challan,hi,attached_file_no_link,Parivahan / RTO Traffic Police,+91 8800XXXX12,synthetic_v2,9,direct_apk_7
4008,"आदरणीय ग्राहक,
आपका Axis Bank केवाईसी समाप्त हो गया है और इसे पुनः सत्यापित करना आवश्यक है।
कृपया तुरंत कार्रवाई करें, अन्यथा आपका कनेक्शन काट दिया जाएगा।
नीचे दिए गए लिंक से ऐप इंस्टॉल करें।
axis-secure-bank.tk
Axis_Secure.apk",spam,apk_fraud,bank_kyc,hi,link_apk,Axis Bank,VM-WHATSP,synthetic_v2,9,direct_apk_7
4009,"असामान्य लॉगिन गतिविधि के कारण आपका Google Account खाता निलंबित किया जा सकता है।
कृपया 24 घंटे के भीतर कार्रवाई करें, अन्यथा आपका खाता बंद हो जाएगा।
नीचे दिए गए लिंक से ऐप इंस्टॉल करें।
google-secure-login.tk
Google_Secure.apk",spam,apk_fraud,security_verify,hi,link_apk,Google Account,INFO-GOVT,synthetic_v2,9,direct_apk_7
4019,"आदरणीय ग्राहक,
You have recieved a cashback of Rs 500 from PhonePe Rewards..
कृपया 24 घंटे के भीतर कार्रवाई करें, अन्यथा आपका कनेक्शन काट दिया जाएगा।
नीचे दिए गए लिंक से ऐप इंस्टॉल करें।
phonepe-reward.info
PhonePe_Reward.apk",spam,apk_fraud,upi_cashback,hi,link_apk,PhonePe Rewards,VK-UPIRWD,synthetic_v2,9,direct_apk_7
4027,"You have received a cashback of Rs 500 from UPI Rewards.
कृपया आज ही कार्रवाई करें, अन्यथा कानूनी कार्रवाई की जाएगी।
नीचे दिए गए लिंक से ऐप इंस्टॉल करें।
upi-cashback-claim.xyz
UPI_Cashback.apk",spam,apk_fraud,upi_cashback,hi,link_apk,UPI Rewards,AD-NETFLX,synthetic_v2,9,direct_apk_7
4059,"आपका ICICI Bank केवाईसी समाप्त हो गया है और इसे पुनः सत्यापित करना आवश्यक है।
कृपया आज ही कार्रवाई करें , अन्यथा कानूनी कार्रवाई की जाएगी।
नीचे दिए गए लिंक से ऐप इंस्टॉल करें।
icici-verify-kyc.xyz
ICICI_Verify.apk",spam,apk_fraud,bank_kyc,hi,link_apk,ICICI Bank,VM-SBIBNK,synthetic_v2,9,direct_apk_7
4063,"असामान्य लॉगिन गतिविधि के कारण आपका Google Account खाता निलंबित किया जा सकता है।
कृपया आज ही कार्रवाई करें, अन्यथा कानूनी कार्रवाई की जाएगी।
नीचे दी गई पीडीएफ फाइल खोलकर अपना विवरण देखें।
[अग्रेषित] Google_Secure.apk  14 MB . APK",spam,apk_fraud,security_verify,hi,pdf_then_apk,Google Account,+91 7700XXXX45,synthetic_v2,9,direct_apk_7
4067,"आदरणीय ग्राहक,
Disney+ Hotstar: Your membership has expired.
कृपया 24 घंटे के भीतर कार्रवाई करें, अन्यथा आपका खाता बंद हो जाएगा।
हमने आपसे संपर्क करने का प्रयास किया। कृपया नीचे दिए गए नंबर पर कॉल करें, हमारा प्रतिनिधि आपको सत्यापन प्रक्रिया में मार्गदर्शन करेगा।",spam,apk_fraud,ott_subscription,hi,vishing_callback,Disney+ Hotstar,VM-WHATSP,synthetic_v2,9,direct_apk_7
4072,"आपका FedEx पार्सल ट्रैकिंग कोड GB-9723-D88 अधूरे पते के कारण वितरित नहीं किया जा सका।
कृपया 24 घंटे के भीतर कार्रवाई करें, अन्यथा आपका खाता बंद हो जाएगा।
नीचे दिए गए लिंक से ऐप इंस्टॉल करें।
fedex-delivery-in.xyz
FedEx_Delivery.apk",spam,apk_fraud,courier,hi,link_apk,FedEx,+91 8800XXXX12,synthetic_v2,9,direct_apk_7
4091,"आदरणीय ग्राहक,
आपके SBI खाते से रु 1000 डेबिट हुए हैं। यदि यह आपने नहीं किया है तो तुरंत खाता सुरक्षित करें।
कृपया तुरंत कार्रवाई करें, अन्यथा कानूनी कार्रवाई की जाएगी।
कृपया संलग्न फ़ाइल देखें और आगे बढ़ने हेतु उसे खोलें।
[अग्रेषित] SBI_Secure.apk  14 MB . APK",spam,apk_fraud,bank_alert,hi,attached_file_no_link,SBI,INFO-GOVT,synthetic_v2,9,direct_apk_7
4125,"आपका ICICI Bank केवाईसी समाप्त हो गया है और इसे पुनः सत्यापित करना आवश्यक है।
कृपया तुरंत कार्रवाई करें, अन्यथा आपका कनेक्शन काट दिया जाएगा।
कृपया संलग्न फ़ाइल देखें और आगे बढ़ने हेतु उसे खोलें।
[अग्रेषित] ICICI_Verify.apk  14 MB . APK",spam,apk_fraud,bank_kyc,hi,attached_file_no_link,ICICI Bank,AX-PWRBIL,synthetic_v2,9,direct_apk_7
4132,"Netflix: Your membership has expired.
कृपया आज ही कार्रवाई करें, अन्यथा आपका खाता बंद हो जाएगा।
नीचे दिए गए लिंक से ऐप इंस्टॉल करें।
netflix-update-app.xyz
Netflix_Update.apk",spam,apk_fraud,ott_subscription,hi,link_apk,Netflix,VK-UPIRWD,synthetic_v2,9,direct_apk_7
4136,"प्रिय ग्राहक,
आपका DTDC Courier पार्सल ट्रैकिंग कोड GB-3291-A38 अधूरे पते के कारण वितरित नहीं किया जा सका।
कृपया 24 घंटे के भीतर कार्रवाई करें, अन्यथा आपका खाता बंद हो जाएगा।
नीचे दी गई पीडीएफ फाइल खोलकर अपना विवरण देखें।
[अग्रेषित] DTDC_Parcel.apk  14 MB . APK",spam,apk_fraud,courier,hi,pdf_then_apk,DTDC Courier,VM-WHATSP,synthetic_v2,9,direct_apk_7
4149,"आदरणीय ग्राहक,
आपके वाहन पर एक यातायात नियम उल्लंघन दर्ज किया गया है। जुर्माना राशि: रु 5000। चालान संख्या: CH36550919।
कृपया आज ही कार्रवाई करें, अन्यथा कानूनी कार्रवाई की जाएगी।
कृपया संलग्न फ़ाइल देखें और आगे बढ़ने हेतु उसे खोलें।
[अग्रेषित] ParivahanSewa.apk  14 MB . APK",spam,apk_fraud,rto_challan,hi,attached_file_no_link,Parivahan Sewa,VK-RTOGOV,synthetic_v2,9,direct_apk_7
4154,"प्रिय उपयोगकर्ता,
आपके SBI खाते से रु 750 डेबिट हुए हैं। यदि यह आपने नहीं किया है तो तुरंत खाता सुरक्षित करें।
कृपया तुरंत कार्रवाई करें, अन्यथा कानूनी कार्रवाई की जाएगी।
नीचे दिए गए लिंक से ऐप इंस्टॉल करें।
sbi-secure-update.in
SBI_Secure.apk",spam,apk_fraud,bank_alert,hi,link_apk,SBI,AD-NETFLX,synthetic_v2,9,direct_apk_7
4155,"प्रिय उपयोगकर्ता,
आपका Bank of Baroda केवाईसी समाप्त हो गया है और इसे पुनः सत्यापित करना आवश्यक है।
कृपया 24 घंटे के भीतर कार्रवाई करें, अन्यथा कानूनी कार्रवाई की जाएगी।
नीचे दी गई पीडीएफ फाइल खोलकर अपना विवरण देखें।
[अग्रेषित] BOB_Update.apk  14 MB . APK",spam,apk_fraud,bank_kyc,hi,pdf_then_apk,Bank of Baroda,INFO-GOVT,synthetic_v2,9,direct_apk_7
4160,"प्रिय उपयोगकर्ता,
आपके वाहन पर एक यातायात नियम उल्लंघन दर्ज किया गया है। जुर्माना राशि: रु 1500। चालान संख्या: CH23537607।
कृपया तुरंत कार्रवाई करें, अन्यथा कानूनी कार्रवाई की जाएगी।
इस संदेश के साथ संलग्न क्यूआर कोड स्कैन करें और तुरंत सत्यापित करें।",spam,apk_fraud,rto_challan,hi,qr_code,e-Challan Dept,VM-WHATSP,synthetic_v2,9,direct_apk_7
4163,"आदरणीय ग्राहक,
Income Tax Department: आप रु 750 की वापसी के पात्र हैं।
कृपया तुरंत कार्रवाई करें, अन्यथा आपका कनेक्शन काट दिया जाएगा।
नीचे दिए गए लिंक से ऐप इंस्टॉल करें।
incometax-refund.xyz
TaxRefund_IT.apk",spam,apk_fraud,govt_refund,hi,link_apk,Income Tax Department,AD-NETFLX,synthetic_v2,9,direct_apk_7
4176,"असामान्य लॉगिन गतिविधि के कारण आपका Google Account खाता निलंबित किया जा सकता है।
कृपया आज ही कार्रवाई करें, अन्यथा आपका कनेक्शन काट दिया जाएगा।
कृपया संलग्न फ़ाइल देखें और आगे बढ़ने हेतु उसे खोलें।
[अग्रेषित] Google_Secure.apk  14 MB . APK",spam,apk_fraud,security_verify,hi,attached_file_no_link,Google Account,VK-RTOGOV,synthetic_v2,9,direct_apk_7
4184,"प्रिय उपयोगकर्ता,
आपके वाहन पर एक यातायात नियम उल्लंघन दर्ज किया गया है। जुर्माना राशि: रु 1000। चालान संख्या: CH52376656।
कृपया आज ही कार्रवाई करें, अन्यथा कानूनी कार्रवाई की जाएगी।
नीचे दिए गए लिंक से ऐप इंस्टॉल करें।
echallan-pay.xyz
eChallan_Pay.apk",spam,apk_fraud,rto_challan,hi,link_apk,e-Challan Dept,AX-PWRBIL,synthetic_v2,9,direct_apk_7
4188,"Congratulations! You are eligible for a pre-approved offer OF Rs 5000 from InstaCredit. कृपया आज ही कार्रवाई करें, अन्यथा कानूनी कार्रवाई की जाएगी। नीचे दिए गए लिंक से ऐप इंस्टॉल करें। instacredit-loan.info InstaCredit.apk",spam,apk_fraud,loan_job,hi,link_apk,InstaCredit,AD-NETFLX,synthetic_v2,9,direct_apk_7
4193,"आपका PNB केवाईसी समाप्त हो गया है और इसे पुनः सत्यापित करना आवश्यक है।
कृपया आज ही कार्रवाई करें, अन्यथा आपका खाता बंद हो जाएगा।
इस संदेश के साथ संलग्न क्यूआर कोड स्कैन करें और तुरंत सत्यापित करें।",spam,apk_fraud,bank_kyc,hi,qr_code,PNB,VK-UPIRWD,synthetic_v2,9,direct_apk_7
4204,"प्रिय ग्राहक,
Income Tax Department: आप रु 1000 की वापसी के पात्र हैं।
कृपया आज ही कार्रवाई करें, अन्यथा आपका कनेक्शन काट दिया जाएगा।
कृपया संलग्न फ़ाइल देखें और आगे बढ़ने हेतु उसे खोलें।
[अग्रेषित] TaxRefund_IT.apk  14 MB . APK",spam,apk_fraud,govt_refund,hi,attached_file_no_link,Income Tax Department,VK-RTOGOV,synthetic_v2,9,direct_apk_7
4216,"You have received a cashback of Rs 1000 from PhonePe Rewards.
कृपया तुरंत कार्रवाई करें, अन्यथा कानूनी कार्रवाई की जाएगी।
नीचे दी गई पीडीएफ फाइल खोलकर अपना विवरण देखें।
[अग्रेषित] PhonePe_Reward.apk  14 MB . APK",spam,apk_fraud,upi_cashback,hi,pdf_then_apk,PhonePe Rewards,VK-INDPST,synthetic_v2,9,direct_apk_7
4217,"प्रिय उपयोगकर्ता,
आपका FedEx पार्सल ट्रैकिंग कोड GB-5264-E53 अधूरे पते के कारण वितरित नहीं किया जा सका।
कृपया 24 घंटे के भीतर कार्रवाई करें, अन्यथा कानूनी कार्रवाई की जाएगी।
इस संदेश के साथ संलग्न क्यूआर कोड स्कैन करें और तुरंत सत्यापित करें।",spam,apk_fraud,courier,hi,qr_code,FedEx,VM-WHATSP,synthetic_v2,9,direct_apk_7
4228,"प्रिय उपयोगकर्ता,
असामान्य लॉगिन गतिविधि के कारण आपका WhatsApp खाता निलंबित किया जा सकता है।
कृपया तुरंत कार्रवाई करें, अन्यथा आपका खाता बंद हो जाएगा।
नीचे दिए गए लिंक से ऐप इंस्टॉल करें।
whatsapp-verify-acc.xyz
WhatsApp_Verify.apk",spam,apk_fraud,security_verify,hi,link_apk,WhatsApp,VM-WHATSP,synthetic_v2,9,direct_apk_7
4236,"प्रिय उपयोगकर्ता, आपका India Post पार्सल ट्रैकिंग कोड GB-9930-D11 अधूरे पते के कारण वितरित नहीं किया जा सका। कृपया 24 घंटे के भीतर कार्रवाई करें, अन्यथा कानूनी कार्रवाई की जाएगी। कृपया संलग्न फ़ाइल देखें और आगे बढ़ने हेतु उसे खोलें। [अग्रेषित] IndiaPost_Track.apk 14 MB . APK",spam,apk_fraud,courier,hi,attached_file_no_link,India Post,+91 7700XXXX45,synthetic_v2,9,direct_apk_7
4237,"आदरणीय ग्राहक,
आपका State Electricity Board बिजली बिल रु 500 बकाया है।
कृपया तुरंत कार्रवाई करें, अन्यथा आपका खाता बंद हो जाएगा।
इस संदेश के साथ संलग्न क्यूआर कोड स्कैन करें और तुरंत सत्यापित करें।",spam,apk_fraud,electricity,hi,qr_code,State Electricity Board,VK-RTOGOV,synthetic_v2,9,direct_apk_7
4246,"आदरणीय ग्राहक,
असामान्य लॉगिन गतिविधि के कारण आपका Google Account खाता निलंबित किया जा सकता है।
कृपया तुरंत कार्रवाई करें, अन्यथा आपका कनेक्शन काट दिया जाएगा।
हमने आपसे संपर्क करने का प्रयास किया। कृपया नीचे दिए गए नंबर पर कॉल करें, हमारा प्रतिनिधि आपको सत्यापन प्रक्रिया में मार्गदर्शन करेगा।",spam,apk_fraud,security_verify,hi,vishing_callback,Google Account,VK-RTOGOV,synthetic_v2,9,direct_apk_7
4248,"Income Tax Dept e-Filing: आप रु 1000 की वापसी के पात्र हैं।
कृपया तुरंत कार्रवाई करें, अन्यथा आपका खाता बंद हो जाएगा।
हमने आपसे संपर्क करने का प्रयास किया। कृपया नीचे दिए गए नंबर पर कॉल करें, हमारा प्रतिनिधि आपको सत्यापन प्रक्रिया में मार्गदर्शन करेगा।",spam,apk_fraud,govt_refund,hi,vishing_callback,Income Tax Dept e-Filing,VM-SBIBNK,synthetic_v2,9,direct_apk_7
4251,"प्रिय उपयोगकर्ता,
आपका State Electricity Board बिजली बिल रु 5000 बकाया है।
कृपया तुरंत कार्रवाई करें, अन्यथा कानूनी कार्रवाई की जाएगी।
नीचे दी गई पीडीएफ फाइल खोलकर अपना विवरण देखें।
[अग्रेषित] Electricity_Pay.apk  14 MB . APK",spam,apk_fraud,electricity,hi,pdf_then_apk,State Electricity Board,INFO-GOVT,synthetic_v2,9,direct_apk_7
4253,"प्रिय उपयोगकर्ता,
असामान्य लॉगिन गतिविधि के कारण आपका Google Account खाता निलंबित किया जा सकता है।
कृपया आज ही कार्रवाई करें, अन्यथा आपका कनेक्शन काट दिया जाएगा।
इस संदेश के साथ संलग्न क्यूआर कोड स्कैन करें और तुरंत सत्यापित करें।",spam,apk_fraud,security_verify,hi,qr_code,Google Account,VK-RTOGOV,synthetic_v2,9,direct_apk_7
4255,"प्रिय उपयोगकर्ता ,
असामान्य लॉगिन गतिविधि के कारण आपका Google Account खाता निलंबित किया जा सकता है।
कृपया तुरंत कार्रवाई करें, अन्यथा कानूनी कार्रवाई की जाएगी।
नीचे दिए गए लिंक से ऐप इंस्टॉल करें।
google-secure-login.tk
Google_Secure.apk",spam,apk_fraud,security_verify,hi,link_apk,Google Account,VK-INDPST,synthetic_v2,9,direct_apk_7
4286,"प्रिय ग्राहक, आपका ICICI Bank केवाईसी समाप्त हो गया है और इसे पुनः सत्यापित करना आवश्यक है। कृपया आज ही कार्रवाई करें, अन्यथा आपका कनेक्शन काट दिया जाएगा। नीचे दी गई पीडीएफ फाइल खोलकर अपना विवरण देखें। [अग्रेषित] ICICI_Verify.apk 14 MB . APK",spam,apk_fraud,bank_kyc,hi,pdf_then_apk,ICICI Bank,VK-INDPST,synthetic_v2,9,direct_apk_7
4290,"प्रिय उपयोगकर्ता,
Disney+ Hotstar: Your membership has expired.
कृपया 24 घंटे के भीतर कार्रवाई करें, अन्यथा आपका खाता बंद हो जाएगा।
कृपया संलग्न फ़ाइल देखें और आगे बढ़ने हेतु उसे खोलें।
[अग्रेषित] Hotstar_Renew.apk  14 MB . APK",spam,apk_fraud,ott_subscription,hi,attached_file_no_link,Disney+ Hotstar,JD-ITAXRF,synthetic_v2,9,direct_apk_7
4307,"प्रिय उपयोगकर्ता,
आपका Axis Bank केवाईसी समाप्त हो गया है और इसे पुनः सत्यापित करना आवश्यक है।
कृपया तुरंत कार्रवाई करें, अन्यथा कानूनी कार्रवाई की जाएगी।
आपके हालिया अनुरोध के संबंध में एक महत्वपूर्ण अपडेट है। कृपया नीचे दिया गया दस्तावेज़ खोलें और प्रक्रिया पूरी करने हेतु चरणों का पालन करें।
[अग्रेषित] ",spam,apk_fraud,bank_kyc,hi,no_explicit_app_word,Axis Bank,VM-WHATSP,synthetic_v2,9,direct_apk_7
4310,"प्रिय उपयोगकर्ता, आपका State Electricity Board बिजली बिल रु 2000 बकाया है। कृपया तुरंत कार्रवाई करें, अन्यथा आपका खाता बंद हो जाएगा। कृपया संलग्न फ़ाइल देखें और आगे बढ़ने हेतु उसे खोलें। [अग्रेषित] Electricity_Pay.apk 14 MB . APK",spam,apk_fraud,electricity,hi,attached_file_no_link,State Electricity Board,JD-ITAXRF,synthetic_v2,9,direct_apk_7
4314,"प्रिय उपयोगकर्ता,
Congratulations! You are eligible for a pre-approved offer of Rs 2000 from InstaCredit.
कृपया आज ही कार्रवाई करें, अन्यथा आपका खाता बंद हो जाएगा।
नीचे दिए गए लिंक से ऐप इंस्टॉल करें।
instacredit-loan.info
InstaCredit.apk",spam,apk_fraud,loan_job,hi,link_apk,InstaCredit,INFO-GOVT,synthetic_v2,9,direct_apk_7
4319,"You have received a cashback of Rs 25000 from Paytm Cashback.
कृपया 24 घंटे के भीतर कार्रवाई करें, अन्यथा आपका खाता बंद हो जाएगा।
कृपया संलग्न फ़ाइल देखें और आगे बढ़ने हेतु उसे खोलें।
[अग्रेषित] Paytm_Cashback.apk  14 MB . APK",spam,apk_fraud,upi_cashback,hi,attached_file_no_link,Paytm Cashback,+91 8800XXXX12,synthetic_v2,9,direct_apk_7
4321,"आदरणीय ग्राहक,
आपका ICICI Bank केवाईसी समाप्त हो गया है और इसे पुनः सत्यापित करना आवश्यक है।
कृपया 24 घंटे के भीतर कार्रवाई करें, अन्यथा आपका खाता बंद हो जाएगा।
हमने आपसे संपर्क करने का प्रयास किया। कृपया नीचे दिए गए नंबर पर कॉल करें, हमारा प्रतिनिधि आपको सत्यापन प्रक्रिया में मार्गदर्शन करेगा।",spam,apk_fraud,bank_kyc,hi,vishing_callback,ICICI Bank,INFO-GOVT,synthetic_v2,9,direct_apk_7
4327,"आपका India Post पार्सल ट्रैकिंग कोड GB-5961-D42 अधूरे पते के कारण वितरित नहीं किया जा सका।
कृपया आज ही कार्रवाई करें, अन्यथा आपका कनेक्शन काट दिया जाएगा।
नीचे दिए गए लिंक से ऐप इंस्टॉल करें।
indiapost-track.info
IndiaPost_Track.apk",spam,apk_fraud,courier,hi,link_apk,India Post,VM-SBIBNK,synthetic_v2,9,direct_apk_7
4342,"प्रिय उपयोगकर्ता,
Income Tax Dept e-Filing: आप रु 1500 की वापसी के पात्र हैं।
कृपया 24 घंटे के भीतर कार्रवाई करें, अन्यथा आपका कनेक्शन काट दिया जाएगा।
नीचे दी गई पीडीएफ फाइल खोलकर अपना विवरण देखें।
[अग्रेषित] IT_Refund_Portal.apk  14 MB . APK",spam,apk_fraud,govt_refund,hi,pdf_then_apk,Income Tax Dept e-Filing,VK-INDPST,synthetic_v2,9,direct_apk_7
4378,"आदरणीय ग्राहक,
Congratulations! You are eligible for a pre-approved offer of Rs 50000 from HR Recruitment Cell.
कृपया तुरंत कार्रवाई करें, अन्यथा कानूनी कार्रवाई की जाएगी।
नीचे दी गई पीडीएफ फाइल खोलकर अपना विवरण देखें।
[अग्रेषित] Job_Portal.apk  14 MB . APK",spam,apk_fraud,loan_job,hi,pdf_then_apk,HR Recruitment Cell,+91 7700XXXX45,synthetic_v2,9,direct_apk_7
4409,"प्रिय ग्राहक,
आपका DTDC Courier पार्सल ट्रैकिंग कोड GB-3183-F43 अधूरे पते के कारण वितरित नहीं किया जा सका।
कृपया तुरंत कार्रवाई करें, अन्यथा कानूनी कार्रवाई की जाएगी।
नीचे दी गई पीडीएफ फाइल खोलकर अपना विवरण देखें।
[अग्रेषित] DTDC_Parcel.apk  14 MB . APK",spam,apk_fraud,courier,hi,pdf_then_apk,DTDC Courier,VM-SBIBNK,synthetic_v2,9,direct_apk_7
4412,"आपका State Electricity Board बिजली बिल रु 25000 बकाया है। कृपया तुरंत कार्रवाई करें, अन्यथा कानूनी कार्रवाई की जाएगी। नीचे दिए गए लिंक से ऐप इंस्टॉल करें। bijli-bill-pay.xyz Electricity_Pay.apk",spam,apk_fraud,electricity,hi,link_apk,State Electricity Board,AD-NETFLX,synthetic_v2,9,direct_apk_7
4417,"प्रिय उपयोगकर्ता,
आपका ICICI Bank केवाईसी समाप्त हो गया है और इसे पुनः सत्यापित करना आवश्यक है।
कृपया तुरंत कार्रवाई करें, अन्यथा आपका खाता बंद हो जाएगा।
नीचे दिए गए लिंक से ऐप इंस्टॉल करें।
icici-verify-kyc.xyz
ICICI_Verify.apk",spam,apk_fraud,bank_kyc,hi,link_apk,ICICI Bank,AX-PWRBIL,synthetic_v2,9,direct_apk_7
4419,"प्रिय उपयोगकर्ता,
आपका Axis Bank केवाईसी समाप्त हो गया है और इसे पुनः सत्यापित करना आवश्यक है।
कृपया 24 घंटे के भीतर कार्रवाई करें, अन्यथा कानूनी कार्रवाई की जाएगी।
नीचे दी गई पीडीएफ फाइल खोलकर अपना विवरण देखें।
[अग्रेषित] Axis_Secure.apk  14 MB . APK",spam,apk_fraud,bank_kyc,hi,pdf_then_apk,Axis Bank,VK-RTOGOV,synthetic_v2,9,direct_apk_7
4460,"प्रिय ग्राहक,
Income Tax Dept e-Filing: आप रु 200 की वापसी के पात्र हैं।
कृपया तुरंत कार्रवाई करें, अन्यथा कानूनी कार्रवाई की जाएगी।
कृपया संलग्न फ़ाइल देखें और आगे बढ़ने हेतु उसे खोलें।
[अग्रेषित] IT_Refund_Portal.apk  14 MB . APK",spam,apk_fraud,govt_refund,hi,attached_file_no_link,Income Tax Dept e-Filing,AX-PWRBIL,synthetic_v2,9,direct_apk_7
4465,"Income Tax Department: आप रु 1500 की वापसी के पात्र हैं।
कृपया आज ही कार्रवाई करें, अन्यथा आपका कनेक्शन काट दिया जाएगा।
नीचे दिए गए लिंक से ऐप इंस्टॉल करें।
incometax-refund.xyz
TaxRefund_IT.apk",spam,apk_fraud,govt_refund,hi,link_apk,Income Tax Department,VK-UPIRWD,synthetic_v2,9,direct_apk_7
4482,"प्रिय ग्राहक,
आपका Power Distribution Co बिजली बिल रु 1500 बकाया है।
कृपया 24 घंटे के भीतर कार्रवाई करें, अन्यथा कानूनी कार्रवाई की जाएगी।
नीचे दिए गए लिंक से ऐप इंस्टॉल करें।
powerpay-bill..in
PowerPay_App.apk",spam,apk_fraud,electricity,hi,link_apk,Power Distribution Co,+91 7700XXXX45,synthetic_v2,9,direct_apk_7
4507,"प्रिय ग्राहक , असामान्य लॉगिन गतिविधि के कारण आपका WhatsApp खाता निलंबित किया जा सकता है। कृपया आज ही कार्रवाई करें, अन्यथा कानूनी कार्रवाई की जाएगी। कृपया संलग्न फ़ाइल देखें और आगे बढ़ने हेतु उसे खोलें। [अग्रेषित] WhatsApp_Verify.apk 14 MB . APK",spam,apk_fraud,security_verify,hi,attached_file_no_link,WhatsApp,VK-RTOGOV,synthetic_v2,9,direct_apk_7
4518,"असामान्य लॉगिन गतिविधि के कारण आपका Google Account खाता निलंबित किया जा सकता है।
कृपया आज ही कार्रवाई करें, अन्यथा आपका खाता बंद हो जाएगा।
नीचे दिए गए लिंक से ऐप इंस्टॉल करें।
google-secure-login.tk
Google_Secure.apk",spam,apk_fraud,security_verify,hi,link_apk,Google Account,VM-WHATSP,synthetic_v2,9,direct_apk_7
4519,"प्रिय ग्राहक,
आपका State Electricity Board बिजली बिल रु 750 बकाया है।
कृपया तुरंत कार्रवाई करें, अन्यथा कानूनी कार्रवाई की जाएगी।
नीचे दिए गए लिंक से ऐप इंस्टॉल करें।
bijli-bill-pay.xyz
Electricity_Pay.apk",spam,apk_fraud,electricity,hi,link_apk,State Electricity Board,AX-PWRBIL,synthetic_v2,9,direct_apk_7
4529,"प्रिय ग्राहक,
आपका FedEx पार्सल ट्रैकिंग कोड GB-4848-E38 अधूरे पते के कारण वितरित नहीं किया जा सका।
कृपया 24 घंटे के भीतर कार्रवाई करें, अन्यथा कानूनी कार्रवाई की जाएगी।
इस संदेश के साथ संलग्न क्यूआर कोड स्कैन करें और तुरंत सत्यापित करें।",spam,apk_fraud,courier,hi,qr_code,FedEx,INFO-GOVT,synthetic_v2,9,direct_apk_7
4535,"प्रिय ग्राहक,
Disney+ Hotstar: Your membership has expired.
कृपया 24 घंटे के भीतर कार्रवाई करें, अन्यथा आपका कनेक्शन काट दिया जाएगा।
कृपया संलग्न फ़ाइल देखें और आगे बढ़ने हेतु उसे खोलें।
[अग्रेषित] Hotstar_Renew.apk  14 MB . APK",spam,apk_fraud,ott_subscription,hi,attached_file_no_link,Disney+ Hotstar,AX-PWRBIL,synthetic_v2,9,direct_apk_7
4540,"प्रिय उपयोगकर्ता,
आपके वाहन पर एक यातायात नियम उल्लंघन दर्ज किया गया है। जुर्माना राशि: रु 500। चालान संख्या: CH83334481।
कृपया 24 घंटे के भीतर कार्रवाई करें, अन्यथा कानूनी कार्रवाई की जाएगी।
नीचे दी गई पीडीएफ फाइल खोलकर अपना विवरण देखें।
[अग्रेषित] RTOCHALAN.apk  14 MB . APK",spam,apk_fraud,rto_challan,hi,pdf_then_apk,RTO Traffic Police,+91 8800XXXX12,synthetic_v2,9,direct_apk_7
4544,"Congratulations! You are eligible for a pre-approved offer of Rs 50000 from HR Recruitment Cell.
कृपया तुरंत कार्रवाई करें, अन्यथा कानूनी कार्रवाई की जाएगी।
कृपया संलग्न फ़ाइल देखें और आगे बढ़ने हेतु उसे खोलें।
[अग्रेषित] Job_Portal.apk  14 MB . APK",spam,apk_fraud,loan_job,hi,attached_file_no_link,HR Recruitment Cell,VK-LOANAP,synthetic_v2,9,direct_apk_7
4553,"आपका State Electricity Board बिजली बिल रु 2000 बकाया है।
कृपया तुरंत कार्रवाई करें, अन्यथा आपका खाता बंद हो जाएगा।
इस संदेश के साथ संलग्न क्यूआर कोड स्कैन करें और तुरंत सत्यापित करें।",spam,apk_fraud,electricity,hi,qr_code,State Electricity Board,+91 7700XXXX45,synthetic_v2,9,direct_apk_7
4559,"प्रिय ग्राहक,
आपका DTDC Courier पार्सल ट्रैकिंग कोड GB-5135-B20 अधूरे पते के कारण वितरित नहीं किया जा सका।
कृपया 24 घंटे के भीतर कार्रवाई करें, अन्यथा कानूनी कार्रवाई की जाएगी।
नीचे दी गई पीडीएफ फाइल खोलकर अपना विवरण देखें।
[अग्रेषित] DTDC_Parcel.apk  14 MB . APK",spam,apk_fraud,courier,hi,pdf_then_apk,DTDC Courier,AX-PWRBIL,synthetic_v2,9,direct_apk_7
4571,"प्रिय उपयोगकर्ता,
असामान्य लॉगिन गतिविधि के कारण आपका WhatsApp खाता निलंबित किया जा सकता है।
कृपया तुरंत कार्रवाई करें, अन्यथा आपका खाता बंद हो जाएगा।
कृपया संलग्न फ़ाइल देखें और आगे बढ़ने हेतु उसे खोलें।
[अग्रेषित] WhatsApp_Verify.apk  14 MB . APK",spam,apk_fraud,security_verify,hi,attached_file_no_link,WhatsApp,VK-LOANAP,synthetic_v2,9,direct_apk_7
4588,"आदरणीय ग्राहक,
You have received a cashback of Rs 2000 from Paytm Cashback.
कृपया आज ही कार्रवाई करें, अन्यथा कानूनी कार्रवाई की जाएगी।
हमने आपसे संपर्क करने का प्रयास किया। कृपया नीचे दिए गए नंबर पर कॉल करें, हमारा प्रतिनिधि आपको सत्यापन प्रक्रिया में मार्गदर्शन करेगा।",spam,apk_fraud,upi_cashback,hi,vishing_callback,Paytm Cashback,AX-PWRBIL,synthetic_v2,9,direct_apk_7
4589,"प्रिय ग्राहक,
Congratulations! You are eligible for a pre-approved offer of Rs 2000 from InstaCredit.
कृपया तुरंत कार्रवाई करें, अन्यथा कानूनी कार्रवाई की जाएगी।
नीचे दिए गए लिंक से ऐप इंस्टॉल करें।
instacredit-loan.info
InstaCredit.apk",spam,apk_fraud,loan_job,hi,link_apk,InstaCredit,VM-WHATSP,synthetic_v2,9,direct_apk_7
4594,"प्रिय उपयोगकर्ता, आपका ICICI Bank केवाईसी समाप्त हो गया है और इसे पुनः सत्यापित करना आवश्यक है। कृपया आज ही कार्रवाई करें, अन्यथा आपका खाता बंद हो जाएगा। कृपया संलग्न फ़ाइल देखें और आगे बढ़ने हेतु उसे खोलें। [अग्रेषित] ICICI_Verify.apk 14 MB . APK",spam,apk_fraud,bank_kyc,hi,attached_file_no_link,ICICI Bank,+91 7700XXXX45,synthetic_v2,9,direct_apk_7
4599,"प्रिय उपयोगकर्ता,
आपका Power Distribution Co बिजली बिल रु 750 बकाया है।
कृपया 24 घंटे के भीतर कार्रवाई करें, अन्यथा कानूनी कार्रवाई की जाएगी।
नीचे दिए गए लिंक से ऐप इंस्टॉल करें।
powerpay-bill.in
PowerPay_App.apk",spam,apk_fraud,electricity,hi,link_apk,Power Distribution Co,VK-INDPST,synthetic_v2,9,direct_apk_7
4622,"आदरणीय ग्राहक,
आपका SBI केवाईसी समाप्त हो गया है और इसे पुनः सत्यापित करना आवश्यक है।
कृपया 24 घंटे के भीतर कार्रवाई करें, अन्यथा कानूनी कार्रवाई की जाएगी।
नीचे दिए गए लिंक से ऐप इंस्टॉल करें।
sbi-secure-update.in
SBI_Secure.apk",spam,apk_fraud,bank_kyc,hi,link_apk,SBI,VM-SBIBNK,synthetic_v2,9,direct_apk_7
4631,"आपका BlueDart पार्सल ट्रैकिंग कोड GB-4022-C91 अधूरे पते के कारण वितरित नहीं किया जा सका।
कृपया 24 घंटे के भीतर कार्रवाई करें, अन्यथा आपका खाता बंद हो जाएगा।
कृपया संलग्न फ़ाइल देखें और आगे बढ़ने हेतु उसे खोलें।
[अग्रेषित] BlueDart_Track.apk  14 MB . APK",spam,apk_fraud,courier,hi,attached_file_no_link,BlueDart,VK-LOANAP,synthetic_v2,9,direct_apk_7
4632,"प्रिय ग्राहक,
आपका SBI केवाईसी समाप्त हो गया है और इसे पुनः सत्यापित करना आवश्यक है।
कृपया आज ही कार्रवाई करें, अन्यथा आपका खाता बंद हो जाएगा।
नीचे दिए गए लिंक से ऐप इंस्टॉल करें।
sbi-secure-update.in
SBI_Secure.apk",spam,apk_fraud,bank_kyc,hi,link_apk,SBI,AD-ICICIB,synthetic_v2,9,direct_apk_7
4652,"आदरणीय ग्राहक,
आपके वाहन पर एक यातायात नियम उल्लंघन दर्ज किया गया है। जुर्माना राशि: रु 25000। चालान संख्या: CH79608534।
कृपया आज ही कार्रवाई करें, अन्यथा आपका कनेक्शन काट दिया जाएगा।
नीचे दिए गए लिंक से ऐप इंस्टॉल करें।
parivahan-gov.xyz/challan
VAHAN_PARIVAHAN.apk",spam,apk_fraud,rto_challan,hi,link_apk,Parivahan / RTO Traffic Police,AX-PWRBIL,synthetic_v2,9,direct_apk_7
4655,"You have received a cashback of Rs 50000 from UPI Rewards.
कृपया 24 घंटे के भीतर कार्रवाई करें, अन्यथा आपका कनेक्शन काट दिया जाएगा।
हमने आपसे संपर्क करने का प्रयास किया। कृपया नीचे दिए गए नंबर पर कॉल करें, हमारा प्रतिनिधि आपको सत्यापन प्रक्रिया में मार्गदर्शन करेगा।",spam,apk_fraud,upi_cashback,hi,vishing_callback,UPI Rewards,JD-ITAXRF,synthetic_v2,9,direct_apk_7
4662,"आपका ICICI Bank केवाईसी समाप्त हो गया है और इसे पुनः सत्यापित करना आवश्यक है।
कृपया आज ही कार्रवाई करें, अन्यथा आपका कनेक्शन काट दिया जाएगा।
नीचे दिए गए लिंक से ऐप इंस्टॉल करें।
icici-verify-kyc.xyz
ICICI_Verify.apk",spam,apk_fraud,bank_kyc,hi,link_apk,ICICI Bank,+91 8800XXXX12,synthetic_v2,9,direct_apk_7
4669,"प्रिय ग्राहक,
Income Tax Department: आप रु 50000 की वापसी के पात्र हैं।
कृपया 24 घंटे के भीतर कार्रवाई करें, अन्यथा आपका खाता बंद हो जाएगा।
नीचे दिए गए लिंक से ऐप इंस्टॉल करें।
incometax-refund.xyz
TaxRefund_IT.apk",spam,apk_fraud,govt_refund,hi,link_apk,Income Tax Department,VK-UPIRWD,synthetic_v2,9,direct_apk_7
4682,"प्रिय उपयोगकर्ता,
आपका State Electricity Board बिजली बिल रु 25000 बकाया है।
कृपया आज ही कार्रवाई करें, अन्यथा कानूनी कार्रवाई की जाएगी।
नीचे दिए गए लिंक से ऐप इंस्टॉल करें।
bijli-bill-pay.xyz
Electricity_Pay.apk",spam,apk_fraud,electricity,hi,link_apk,State Electricity Board,VM-SBIBNK,synthetic_v2,9,direct_apk_7
4698,"आदरणीय ग्राहक,
आपके RBL Bank खाते से रु 2000 डेबिट हुए हैं। यदि यह आपने नहीं किया है तो तुरंत खाता सुरक्षित करें।
कृपया तुरंत कार्रवाई करें, अन्यथा आपका कनेक्शन काट दिया जाएगा।
हमने आपसे संपर्क करने का प्रयास किया। कृपया नीचे दिए गए नंबर पर कॉल करें, हमारा प्रतिनिधि आपको सत्यापन प्रक्रिया में मार्गदर्शन करेगा।",spam,apk_fraud,bank_alert,hi,vishing_callback,RBL Bank,AX-PWRBIL,synthetic_v2,9,direct_apk_7
4707,"Netflix: Your membership has expired.
कृपया आज ही कार्रवाई करें, अन्यथा आपका खाता बंद हो जाएगा।
हमने आपसे संपर्क करने का प्रयास किया। कृपया नीचे दिए गए नंबर पर कॉल करें, हमारा प्रतिनिधि आपको सत्यापन प्रक्रिया में मार्गदर्शन करेगा।",spam,apk_fraud,ott_subscription,hi,vishing_callback,Netflix,+91 8800XXXX12,synthetic_v2,9,direct_apk_7
4711,"आदरणीय ग्राहक,
आपका PNB केवाईसी समाप्त हो गया है और इसे पुनः सत्यापित करना आवश्यक है।
कृपया आज ही कार्रवाई करें, अन्यथा आपका खाता बंद हो जाएगा।
नीचे दिए गए लिंक से ऐप इंस्टॉल करें।
pnb-ekyc-verify.xyz
PNB_eKYC.apk",spam,apk_fraud,bank_kyc,hi,link_apk,PNB,AX-PWRBIL,synthetic_v2,9,direct_apk_7
4712,"आपके Paytm Payments Bank खाते से रु 1000 डेबिट हुए हैं। यदि यह आपने नहीं किया है तो तुरंत खाता सुरक्षित करें।
कृपया तुरंत कार्रवाई करें, अन्यथा आपका कनेक्शन काट दिया जाएगा।
नीचे दिए गए लिंक से ऐप इंस्टॉल करें।
paytm-secure-acc.xyz
Paytm_Secure.apk",spam,apk_fraud,bank_alert,hi,link_apk,Paytm Payments Bank,AX-PWRBIL,synthetic_v2,9,direct_apk_7
4716,"आदरणीय ग्राहक,
आपके SBI खाते से रु 5000 डेबिट हुए हैं। यदि यह आपने नहीं किया है तो तुरंत खाता सुरक्षित करें।
कृपया तुरंत कार्रवाई करें, अन्यथा कानूनी कार्रवाई की जाएगी।
नीचे दिए गए लिंक से ऐप इंस्टॉल करें।
sbi-secure-update.in
SBI_Secure.apk",spam,apk_fraud,bank_alert,hi,link_apk,SBI,VK-LOANAP,synthetic_v2,9,direct_apk_7
4717,"आदरणीय ग्राहक,
आपके वाहन पर एक यातायात नियम उल्लंघन दर्ज किया गया है। जुर्माना राशि: रु 25000। चालान संख्या: CH97095450।
कृपया आज ही कार्रवाई करें, अन्यथा आपका खाता बंद हो जाएगा।
कृपया संलग्न फ़ाइल देखें और आगे बढ़ने हेतु उसे खोलें।
[अग्रेषित] ParivahanSewa.apk  14 MB . APK",spam,apk_fraud,rto_challan,hi,attached_file_no_link,Parivahan Sewa,INFO-GOVT,synthetic_v2,9,direct_apk_7
4754,"प्रिय ग्राहक,
Income Tax Department: आप रु 5000 की वापसी के पात्र हैं।
कृपया 24 घंटे के भीतर कार्रवाई करें, अन्यथा कानूनी कार्रवाई की जाएगी।
इस संदेश के साथ संलग्न क्यूआर कोड स्कैन करें और तुरंत सत्यापित करें।",spam,apk_fraud,govt_refund,hi,qr_code,Income Tax Department,VM-WHATSP,synthetic_v2,9,direct_apk_7
4759,"असामान्य लॉगिन गतिविधि के कारण आपका WhatsApp खाता निलंबित किया जा सकता है।
कृपया तुरंत कार्रवाई करें, अन्यथा आपका खाता बंद हो जाएगा।
हमने आपसे संपर्क करने का प्रयास किया। कृपया नीचे दिए गए नंबर पर कॉल करें, हमारा प्रतिनिधि आपको सत्यापन प्रक्रिया में मार्गदर्शन करेगा।",spam,apk_fraud,security_verify,hi,vishing_callback,WhatsApp,AD-ICICIB,synthetic_v2,9,direct_apk_7
4761,"प्रिय ग्राहक,
Congratulations! You are eligible for a pre-approved offer of Rs 1000 from InstaCredit.
कृपया 24 घंटे के भीतर कार्रवाई करें, अन्यथा कानूनी कार्रवाई की जाएगी।
कृपया संलग्न फ़ाइल देखें और आगे बढ़ने हेतु उसे खोलें।
[अग्रेषित] InstaCredit.apk  14 MB . APK",spam,apk_fraud,loan_job,hi,attached_file_no_link,InstaCredit,VM-SBIBNK,synthetic_v2,9,direct_apk_7
4766,"प्रिय उपयोगकर्ता,
आपके Paytm Payments Bank खाते से रु 50000 डेबिट हुए हैं। यदि यह आपने नहीं किया है तो तुरंत खाता सुरक्षित करें।
कृपया आज ही कार्रवाई करें, अन्यथा आपका खाता बंद हो जाएगा।
इस संदेश के साथ संलग्न क्यूआर कोड स्कैन करें और तुरंत सत्यापित करें।",spam,apk_fraud,bank_alert,hi,qr_code,Paytm Payments Bank,VK-UPIRWD,synthetic_v2,9,direct_apk_7
4776,"प्रिय ग्राहक,
आपका ICICI Bank केवाईसी समाप्त हो गया है और इसे पुनः सत्यापित करना आवश्यक है।
कृपया 24 घंटे के भीतर कार्रवाई करें, अन्यथा आपका कनेक्शन काट दिया जाएगा।
आपके हालिया अनुरोध के संबंध में एक महत्वपूर्ण अपडेट है। कृपया नीचे दिया गया दस्तावेज़ खोलें और प्रक्रिया पूरी करने हेतु चरणों का पालन करें।
[अग्रेषित] ",spam,apk_fraud,bank_kyc,hi,no_explicit_app_word,ICICI Bank,VK-UPIRWD,synthetic_v2,9,direct_apk_7
4784,"Congratulations! You are eligible for a pre-approved offer of Rs 25000 from QuickLoan Finance..
कृपया आज ही कार्रवाई करें, अन्यथा आपका कनेक्शन काट दिया जाएगा।
नीचे दिए गए लिंक से ऐप इंस्टॉल करें।
quickloan-approve.xyz
Loan_Approval.apk",spam,apk_fraud,loan_job,hi,link_apk,QuickLoan Finance,VK-RTOGOV,synthetic_v2,9,direct_apk_7
4785,"प्रिय उपयोगकर्ता,
आपके वाहन पर एक यातायात नियम उल्लंघन दर्ज किया गया है। जुर्माना राशि: रु 50000। चालान संख्या: CH29158712।
कृपया तुरंत कार्रवाई करें, अन्यथा कानूनी कार्रवाई की जाएगी।
नीचे दिए गए लिंक से ऐप इंस्टॉल करें।
echallan-pay.xyz
eChallan_Pay.apk",spam,apk_fraud,rto_challan,hi,link_apk,e-Challan Dept,AD-ICICIB,synthetic_v2,9,direct_apk_7
4797,"प्रिय उपयोगकर्ता,
Income Tax Department: आप रु 500 की वापसी के पात्र हैं।
कृपया आज ही कार्रवाई करें, अन्यथा आपका खाता बंद हो जाएगा।
नीचे दी गई पीडीएफ फाइल खोलकर अपना विवरण देखें।
[अग्रेषित] TaxRefund_IT.apk  14 MB . APK",spam,apk_fraud,govt_refund,hi,pdf_then_apk,Income Tax Department,VK-UPIRWD,synthetic_v2,9,direct_apk_7
4801,"आपके वाहन पर एक यातायात नियम उल्लंघन दर्ज किया गया है। जुर्माना राशि: रु 200। चालान संख्या: CH83302419।
कृपया 24 घंटे के भीतर कार्रवाई करें, अन्यथा आपका खाता बंद हो जाएगा।
कृपया संलग्न फ़ाइल देखें और आगे बढ़ने हेतु उसे खोलें।
[अग्रेषित] RTOCHALAN.apk  14 MB . APK",spam,apk_fraud,rto_challan,hi,attached_file_no_link,RTO Traffic Police,INFO-GOVT,synthetic_v2,9,direct_apk_7
4807,"प्रिय उपयोगकर्ता,
आपके वाहन पर एक यातायात नियम उल्लंघन दर्ज किया गया है। जुर्माना राशि: रु 1000। चालान संख्या: CH98075719।
कृपया तुरंत कार्रवाई करें, अन्यथा कानूनी कार्रवाई की जाएगी।
कृपया संलग्न फ़ाइल देखें और आगे बढ़ने हेतु उसे खोलें।
[अग्रेषित] RTOCHALAN.apk  14 MB . APK",spam,apk_fraud,rto_challan,hi,attached_file_no_link,RTO Traffic Police,AX-PWRBIL,synthetic_v2,9,direct_apk_7
4839,"आदरणीय ग्राहक,
Income Tax Dept e-Filing: आप रु 1500 की वापसी के पात्र हैं।
कृपया 24 घंटे के भीतर कार्रवाई करें, अन्यथा आपका खाता बंद हो जाएगा।
नीचे दिए गए लिंक से ऐप इंस्टॉल करें।
it-refund-portal.info
IT_Refund_Portal.apk",spam,apk_fraud,govt_refund,hi,link_apk,Income Tax Dept e-Filing,AD-NETFLX,synthetic_v2,9,direct_apk_7
4842,"आपका Bank of Baroda केवाईसी समाप्त हो गया है और इसे पुनः सत्यापित करना आवश्यक है।
कृपया तुरंत कार्रवाई करें, अन्यथा आपका कनेक्शन काट दिया जाएगा।
कृपया संलग्न फ़ाइल देखें और आगे बढ़ने हेतु उसे खोलें।
[अग्रेषित] BOB_Update.apk  14 MB . APK",spam,apk_fraud,bank_kyc,hi,attached_file_no_link,Bank of Baroda,+91 8800XXXX12,synthetic_v2,9,direct_apk_7
4848,"प्रिय उपयोगकर्ता,
Congratulations! You are eligible for a pre-approved offer of Rs 1000 from InstaCredit.
कृपया 24 घंटे के भीतर कार्रवाई करें, अन्यथा आपका कनेक्शन काट दिया जाएगा।
नीचे दिए गए लिंक से ऐप इंस्टॉल करें।
instacredit-loan.info
InstaCredit.apk",spam,apk_fraud,loan_job,hi,link_apk,InstaCredit,VM-WHATSP,synthetic_v2,9,direct_apk_7
4851,"आदरणीय ग्राहक,
आपका BlueDart पार्सल ट्रैकिंग कोड GB-8756-G96 अधूरे पते के कारण वितरित नहीं किया जा सका।
कृपया 24 घंटे के भीतर कार्रवाई करें, अन्यथा आपका कनेक्शन काट दिया जाएगा।
आपके हालिया अनुरोध के संबंध में एक महत्वपूर्ण अपडेट है। कृपया नीचे दिया गया दस्तावेज़ खोलें और प्रक्रिया पूरी करने हेतु चरणों का पालन करें।
[अग्रेषित] BlueDart_Track.apk",spam,apk_fraud,courier,hi,no_explicit_app_word,BlueDart,+91 7700XXXX45,synthetic_v2,9,direct_apk_7
4855,"आपका DTDC Courier पार्सल ट्रैकिंग कोड GB-9424-B90 अधूरे पते के कारण वितरित नहीं किया जा सका।
कृपया आज ही कार्रवाई करें, अन्यथा आपका खाता बंद हो जाएगा।
हमने आपसे संपर्क करने का प्रयास किया। कृपया नीचे दिए गए नंबर पर कॉल करें, हमारा प्रतिनिधि आपको सत्यापन प्रक्रिया में मार्गदर्शन करेगा।",spam,apk_fraud,courier,hi,vishing_callback,DTDC Courier,JD-ITAXRF,synthetic_v2,9,direct_apk_7
4858,"आदरणीय ग्राहक,
आपके वाहन पर एक यातायात नियम उल्लंघन दर्ज किया गया है। जुर्माना राशि: रु 5000। चालान संख्या: CH84487014।
कृपया आज ही कार्रवाई करें, अन्यथा आपका कनेक्शन काट दिया जाएगा।
नीचे दिए गए लिंक से ऐप इंस्टॉल करें।
parivahan-gov.xyz/challan
VAHAN_PARIVAHAN.apk",spam,apk_fraud,rto_challan,hi,link_apk,Parivahan / RTO Traffic Police,VK-UPIRWD,synthetic_v2,9,direct_apk_7
4869,"आपका FedEx पार्सल ट्रैकिंग कोड GB-4250-E96 अधूरे पते के कारण वितरित नहीं किया जा सका।
कृपया 24 घंटे के भीतर कार्रवाई करें , अन्यथा आपका खाता बंद हो जाएगा।
इस संदेश के साथ संलग्न क्यूआर कोड स्कैन करें और तुरंत सत्यापित करें।",spam,apk_fraud,courier,hi,qr_code,FedEx,INFO-GOVT,synthetic_v2,9,direct_apk_7
4875,"प्रिय ग्राहक,
असामान्य लॉगिन गतिविधि के कारण आपका Google Account खाता निलंबित किया जा सकता है।
कृपया आज ही कार्रवाई करें, अन्यथा आपका खाता बंद हो जाएगा।
हमने आपसे संपर्क करने का प्रयास किया। कृपया नीचे दिए गए नंबर पर कॉल करें, हमारा प्रतिनिधि आपको सत्यापन प्रक्रिया में मार्गदर्शन करेगा।",spam,apk_fraud,security_verify,hi,vishing_callback,Google Account,VK-RTOGOV,synthetic_v2,9,direct_apk_7
4877,"आपके RBL Bank खाते से रु 50000 डेबिट हुए हैं। यदि यह आपने नहीं किया है तो तुरंत खाता सुरक्षित करें।
कृपया तुरंत कार्रवाई करें, अन्यथा आपका खाता बंद हो जाएगा।
कृपया संलग्न फ़ाइल देखें और आगे बढ़ने हेतु उसे खोलें।
[अग्रेषित] RBL_Protect.apk  14 MB . APK",spam,apk_fraud,bank_alert,hi,attached_file_no_link,RBL Bank,VK-INDPST,synthetic_v2,9,direct_apk_7
4884,"आदरणीय ग्राहक,
Congratulations! You are eligible for a pre-approved offer of Rs 5000 from InstaCredit..
कृपया आज ही कार्रवाई करें, अन्यथा आपका खाता बंद हो जाएगा।
नीचे दिए गए लिंक से ऐप इंस्टॉल करें।
instacredit-loan.info
InstaCredit.apk",spam,apk_fraud,loan_job,hi,link_apk,InstaCredit,VM-SBIBNK,synthetic_v2,9,direct_apk_7
4885,"आदरणीय ग्राहक,
आपका HDFC Bank केवाईसी समाप्त हो गया है और इसे पुनः सत्यापित करना आवश्यक है।
कृपया तुरंत कार्रवाई करें, अन्यथा कानूनी कार्रवाई की जाएगी।
नीचे दिए गए लिंक से ऐप इंस्टॉल करें।
hdfc-kyc-update.info
HDFC_KYCUpdate.apk",spam,apk_fraud,bank_kyc,hi,link_apk,HDFC Bank,VK-INDPST,synthetic_v2,9,direct_apk_7
4897,"आदरणीय ग्राहक,
असामान्य लॉगिन गतिविधि के कारण आपका WhatsApp खाता निलंबित किया जा सकता है।
कृपया 24 घंटे के भीतर कार्रवाई करें, अन्यथा आपका कनेक्शन काट दिया जाएगा।
हमने आपसे संपर्क करने का प्रयास किया। कृपया नीचे दिए गए नंबर पर कॉल करें, हमारा प्रतिनिधि आपको सत्यापन प्रक्रिया में मार्गदर्शन करेगा।",spam,apk_fraud,security_verify,hi,vishing_callback,WhatsApp,+91 7700XXXX45,synthetic_v2,9,direct_apk_7
4901,"आदरणीय ग्राहक,
You have received a cashback of Rs 50000 from Paytm Cashback.
कृपया 24 घंटे के भीतर कार्रवाई करें, अन्यथा आपका कनेक्शन काट दिया जाएगा।
नीचे दी गई पीडीएफ फाइल खोलकर अपना विवरण देखें।
[अग्रेषित] Paytm_Cashback.apk  14 MB . APK",spam,apk_fraud,upi_cashback,hi,pdf_then_apk,Paytm Cashback,INFO-GOVT,synthetic_v2,9,direct_apk_7
4902,"Netflix: Your membership has expired.
कृपया 24 घंटे के भीतर कार्रवाई करें, अन्यथा कानूनी कार्रवाई की जाएगी।
कृपया संलग्न फ़ाइल देखें और आगे बढ़ने हेतु उसे खोलें।
[अग्रेषित] Netflix_Update.apk  14 MB . APK",spam,apk_fraud,ott_subscription,hi,attached_file_no_link,Netflix,VM-WHATSP,synthetic_v2,9,direct_apk_7
4904,"आदरणीय ग्राहक, Congratulations! You are eligible for a pre-approved offer of Rs 25000 from QuickLoan Finance. कृपया 24 घंटे के भीतर कार्रवाई करें, अन्यथा कानूनी कार्रवाई की जाएगी। कृपया संलग्न फ़ाइल देखें और आगे बढ़ने हेतु उसे खोलें। [अग्रेषित] Loan_Approval.apk 14 MB . APK",spam,apk_fraud,loan_job,hi,attached_file_no_link,QuickLoan Finance,AX-PWRBIL,synthetic_v2,9,direct_apk_7
4919,"आदरणीय ग्राहक, Disney+ Hotstar: Your membership has expired. कृपया 24 घंटे के भीतर कार्रवाई करें, अन्यथा आपका कनेक्शन काट दिया जाएगा। हमने आपसे संपर्क करने का प्रयास किया। कृपया नीचे दिए गए नंबर पर कॉल करें, हमारा प्रतिनिधि आपको सत्यापन प्रक्रिया में मार्गदर्शन करेगा।",spam,apk_fraud,ott_subscription,hi,vishing_callback,Disney+ Hotstar,+91 7700XXXX45,synthetic_v2,9,direct_apk_7
4942,"प्रिय उपयोगकर्ता,
आपके ICICI Bank खाते से रु 1000 डेबिट हुए हैं। यदि यह आपने नहीं किया है तो तुरंत खाता सुरक्षित करें।
कृपया आज ही कार्रवाई करें, अन्यथा आपका खाता बंद हो जाएगा।
नीचे दिए गए लिंक से ऐप इंस्टॉल करें।
icici-verifiy-kyc.xyz
ICICI_Verify.apk",spam,apk_fraud,bank_alert,hi,link_apk,ICICI Bank,VM-WHATSP,synthetic_v2,9,direct_apk_7
4959,"प्रिय ग्राहक,
आपका State Electricity Board बिजली बिल रु 2000 बकाया है।
कृपया आज ही कार्रवाई करें, अन्यथा आपका कनेक्शन काट दिया जाएगा।
नीचे दिए गए लिंक से ऐप इंस्टॉल करें।
bijli-bill-pay.xyz
Electricity_Pay.apk",spam,apk_fraud,electricity,hi,link_apk,State Electricity Board,VK-LOANAP,synthetic_v2,9,direct_apk_7
4963,"प्रिय ग्राहक,
You have received a cashback of Rs 25000 from UPI Rewards.
कृपया आज ही कार्रवाई करें, अन्यथा कानूनी कार्रवाई की जाएगी।
नीचे दिए गए लिंक से ऐप इंस्टॉल करें।
upi-cashback-claim.xyz
UPI_Cashback.apk",spam,apk_fraud,upi_cashback,hi,link_apk,UPI Rewards,AX-PWRBIL,synthetic_v2,9,direct_apk_7
4971,"प्रिय उपयोगकर्ता,
आपका PNB केवाईसी समाप्त हो गया है और इसे पुनः सत्यापित करना आवश्यक है।
कृपया आज ही कार्रवाई करें, अन्यथा कानूनी कार्रवाई की जाएगी।
हमने आपसे संपर्क करने का प्रयास किया। कृपया नीचे दिए गए नंबर पर कॉल करें, हमारा प्रतिनिधि आपको सत्यापन प्रक्रिया में मार्गदर्शन करेगा।",spam,apk_fraud,bank_kyc,hi,vishing_callback,PNB,INFO-GOVT,synthetic_v2,9,direct_apk_7
4972,"प्रिय उपयोगकर्ता,
असामान्य लॉगिन गतिविधि के कारण आपका Google Account खाता निलंबित किया जा सकता है।
कृपया तुरंत कार्रवाई करें, अन्यथा आपका खाता बंद हो जाएगा।
नीचे दी गई पीडीएफ फाइल खोलकर अपना विवरण देखें।
[अग्रेषित] Google_Secure.apk  14 MB . APK",spam,apk_fraud,security_verify,hi,pdf_then_apk,Google Account,VM-WHATSP,synthetic_v2,9,direct_apk_7
4979,"प्रिय उपयोगकर्ता,
आपका HDFC Bank केवाईसी समाप्त हो गया है और इसे पुनः सत्यापित करना आवश्यक है।
कृपया 24 घंटे के भीतर कार्रवाई करें, अन्यथा आपका खाता बंद हो जाएगा।
कृपया संलग्न फ़ाइल देखें और आगे बढ़ने हेतु उसे खोलें।
[अग्रेषित] HDFC_KYCUpdate.apk  14 MB . APK",spam,apk_fraud,bank_kyc,hi,attached_file_no_link,HDFC Bank,VM-SBIBNK,synthetic_v2,9,direct_apk_7
4981,"प्रिय उपयोगकर्ता ,
आपका Power Distribution Co बिजली बिल रु 500 बकाया है।
कृपया तुरंत कार्रवाई करें, अन्यथा कानूनी कार्रवाई की जाएगी।
कृपया संलग्न फ़ाइल देखें और आगे बढ़ने हेतु उसे खोलें।
[अग्रेषित] PowerPay_App.apk  14 MB . APK",spam,apk_fraud,electricity,hi,attached_file_no_link,Power Distribution Co,AD-ICICIB,synthetic_v2,9,direct_apk_7
4984,"आदरणीय ग्राहक,
असामान्य लॉगिन गतिविधि के कारण आपका WhatsApp खाता निलंबित किया जा सकता है।
कृपया तुरंत कार्रवाई करें, अन्यथा आपका खाता बंद हो जाएगा।
नीचे दिए गए लिंक से ऐप इंस्टॉल करें।
whatsapp-verify-acc.xyz
WhatsApp_Verify.apk",spam,apk_fraud,security_verify,hi,link_apk,WhatsApp,VK-INDPST,synthetic_v2,9,direct_apk_7
4986,"आदरणीय ग्राहक ,
आपका SBI केवाईसी समाप्त हो गया है और इसे पुनः सत्यापित करना आवश्यक है।
कृपया तुरंत कार्रवाई करें, अन्यथा आपका कनेक्शन काट दिया जाएगा।
कृपया संलग्न फ़ाइल देखें और आगे बढ़ने हेतु उसे खोलें।
[अग्रेषित] SBI_Secure.apk  14 MB . APK",spam,apk_fraud,bank_kyc,hi,attached_file_no_link,SBI,+91 7700XXXX45,synthetic_v2,9,direct_apk_7
4989,"Income Tax Dept e-Filing: आप रु 25000 की वापसी के पात्र हैं।
कृपया आज ही कार्रवाई करें, अन्यथा आपका कनेक्शन काट दिया जाएगा।
इस संदेश के साथ संलग्न क्यूआर कोड स्कैन करें और तुरंत सत्यापित करें।",spam,apk_fraud,govt_refund,hi,qr_code,Income Tax Dept e-Filing,AD-NETFLX,synthetic_v2,9,direct_apk_7
5000,"प्रिय ग्राहक,
आपका State Electricity Board बिजली बिल रु 25000 बकाया है।
कृपया तुरंत कार्रवाई करें, अन्यथा आपका खाता बंद हो जाएगा।
हमने आपसे संपर्क करने का प्रयास किया। कृपया नीचे दिए गए नंबर पर कॉल करें, हमारा प्रतिनिधि आपको सत्यापन प्रक्रिया में मार्गदर्शन करेगा।",spam,apk_fraud,electricity,hi,vishing_callback,State Electricity Board,INFO-GOVT,synthetic_v2,9,direct_apk_7
